survey_date,province,lat,lon,rice_ecosystem,rice_stage,rice_variety,rat_damage_%,GA_snail_ea,dead_heart_%,rice_gall_midge_%,white_head_%,rice_bug_%,rice_thrip_%,whorl_maggot_%,rice_hispa_%,leaf_folder,bph_pertiller,wbph_pertiller,zigzag_pertiller,green_leafhopper_pertiller,white_whitefily_pertiller,black_bug_pertiller,bacterial_blight_%,bacterial_leaf_streak_%,brown_spot_%,leaf_blast_%,red_stripe_%,narrow_brown_spot_%,bakanae_%,dirty_panicle_%,false_smut_%,neck_blast_%,sheath_blight_%,sheath_rot_%,hopper_burn_%,gressy_stun_virus_%,ragged_stun_virus_%,orange_leaf_%,weed_infestration_%,dominant_weed_type,dominant_weed_species
2023-02-24,สงขลา,7.8195319999999997,100.262642,นาชลประทาน,ตั้งท้อง,กข79,0,0,0,0,0,0,0,1.4710000000000001,0,0,0,0,0,0,0,0,0,0,4.4119999999999999,18.824000000000002,0,0,0,0,0,0,0,0,0,0,0,0,0,NA,NA
2023-02-24,สงขลา,7.819623,100.262974,นาชลประทาน,ตั้งท้อง,กข79,0,0,0,0,0,0,0,0.72499999999999998,0,0,0,0,0,0,0,0,0,0,29.71,0,0,0,0,0,0,0,0,0,0,0,0,0,80,หญ้า,หญ้าดอกขาว
2023-12-18,นครราชสีมา,15.1592,102.3651,นาชลประทาน,ระยะกล้า,กข79,0,0,0,0,0,0,0,0,0,0,0,0,0,0,0,0,0,0,8.3330000000000002,0.439,0,0,0,0,0,0,0,0,0,0,0,0,0,NA,NA
2023-01-20,นครพนม,17.001200000000001,104.58710000000001,นาชลประทาน,ระยะกล้า,แม่โจ้2,0,0,0,0,0,0,0,0,0,0,0,0,0,0,0,0,0,0,12.037000000000001,0,0,0,0,0,0,0,0,0,0,0,0,0,15,กก,NA
2023-02-17,สกลนคร,17.620974,103.99764,นาชลประทาน,ระยะกล้า,หยดน้ำ,0,0,0,0,0,0,0,0,0,0,0,0,0,0,0,0,0,0,10.976000000000001,0,0,0,0,0,0,0,0,0,0,0,0,0,0,NA,NA
2023-01-20,สกลนคร,17.350000000000001,103.782,นาชลประทาน,ระยะกล้า,CP888,0,0,0,0,0,0,0,0,0,0,0,0,0,0,0,0,0,0,8.3330000000000002,0,0,0,0,0,0,0,0,0,0,0,0,0,0,NA,NA
2023-02-03,หนองคาย,18.162800000000001,103.1591,นาชลประทาน,ระยะกล้า,กข22,0,0,0,0,0,0,0,0,0,0,0,0,0,0,0,0,0,0,6.9569999999999999,0,0,0,0,0,0,0,0,0,0,0,0,0,0,NA,NA
2023-02-17,สกลนคร,17.276990999999999,103.97220299999999,นาชลประทาน,ระยะกล้า,อีลาง,0,0,0,0,0,0,0,0,0,0,0,0,0,0,0,0,0,0,23.81,0,0,0,0,0,0,0,0,0,0,0,0,0,0,NA,NA
2023-02-03,หนองคาย,18.1861,103.15649999999999,นาชลประทาน,ระยะกล้า,กข22,0,0,0,0,0,0,0,0,0,0,0,0,0,0,0,0,0,0,1.778,0,0,0,0,0,0,0,0,0,0,0,0,0,0,NA,NA
2023-02-17,สกลนคร,17.620211999999999,103.983836,นาชลประทาน,ระยะกล้า,กข22,0,0,0,0,0,0,0,0,0,0,0,0,0,0,0,0,0,0,13.93,0,0,0,0,0,0,0,0,0,0,0,0,0,1.6667000000000001,หญ้า,NA
2023-02-17,สกลนคร,17.276990999999999,103.972103,นาชลประทาน,ระยะกล้า,กข22,0,0,0,0,0,0,0,0,0,0,0,0,0,0,0,0,0,0,7.407,0,0,0,0,0,0,0,0,0,0,0,0,0,0,NA,NA
2023-02-12,สกลนคร,17.389945000000001,103.740666,นาชลประทาน,ระยะกล้า,กข22,0,0,0,0,0,0,0,0,0,0,0,0,0,0,0,0,0,0,14.135999999999999,0,0,0,0,0,0,0,0,0,0,0,0,0,0,NA,NA
2023-02-17,สกลนคร,17.274999999999999,103.9695,นาชลประทาน,แตกกอ,เล้าแตก,0,0,0,0,0,0,0,0,0,0,0,0,0,0,0,0,0,0,5.2629999999999999,0,0,0,0,0,0,0,0,0,0,0,0,0,0,NA,NA
2023-01-25,พระนครศรีอยุธยา,14.336237000000001,100.733428,นาชลประทาน,ระยะกล้า,กข85,0,0,0,0,0,0,4.0119999999999996,0,0,0,0,0,0,0,0,0,0,0,30.556000000000001,0,0,0,0,0,0,0,0,0,0,0,0,0,10,พืชใบเลี้ยงคู่ใบกว้าง,ผักปอดนา หญ้าแห้วหมู
2023-01-25,พระนครศรีอยุธยา,14.34765,100.43392,นาชลประทาน,ระยะกล้า,ไก่ทองคำ 80,0,0,0,0,0,0,19.097000000000001,0,0,0,0,0,0,0,0,0,0,0,0,0,0,0,0,0,0,0,0,0,0,0,0,0,0,NA,NA
2023-01-26,สุพรรณบุรี,14.658258999999999,100.07647,นาชลประทาน,ระยะกล้า,กข85,0,0,0,0,0,0,0,0,0,0,0,0,0,0,0,0,0,0,9.8960000000000008,0,0,0,0,0,0,0,0,0,0,0,0,0,0,NA,NA
2023-01-26,สุพรรณบุรี,14.658559,100.076148,นาชลประทาน,ระยะกล้า,กข85,0,0,0,0,0,0,12.879,0,0,0,0,0,0,0,0,0,0,0,0,0,0,0,0,0,0,0,0,0,0,0,0,0,0,NA,NA
2023-01-25,พระนครศรีอยุธยา,14.336326,100.73377499999999,นาชลประทาน,ระยะกล้า,กข85,0,0,0,0,0,0,0.61299999999999999,0,0,0,0,0,0,0,0,0,0,0,19.324999999999999,0,0,0,0,0,0,0,0,0,0,0,0,0,13.33,กก,หนวดปลาดุก
2023-01-26,สุพรรณบุรี,14.588123100000001,100.103825,นิเวศข้าวกับพืชอื่น,แตกกอ,หอมมะลิแดง,0,0,0,0,0,0,0,0,0,0,0,0,0,0,0,0,0,0,64.331000000000003,0,0,0,0,0,0,0,0,0,0,0,0,0,0,NA,NA
2023-01-25,พระนครศรีอยุธยา,14.329457,100.718878,นาชลประทาน,แตกกอ,กข85,0,0,2.1280000000000001,0,0,0,0,0,0,1.173,0,0,0,0,0,0,0,0,6.7450000000000001,0,0,0,0,0,0,0,0,0,0,0,0,0,30,หญ้า,หญ้าข้าวนก
2023-01-25,พระนครศรีอยุธยา,14.341296,100.725019,นิเวศข้าวกับพืชอื่น,ตั้งท้อง,กข43,0,0,1.099,0,0,0,0,0,0,0.82399999999999995,0,0,0,0,0,0,0,0,9.3409999999999993,0.27500000000000002,0,0,0,0,0,0,0,0,0,0,0,0,15,หญ้า,หญ้าดอกขาว
2023-01-19,แพร่,18.271944000000001,100.307778,นาชลประทาน,แตกกอ,เฟืองงาม,11.65,0,0,0,0,0,0,0,0,2.5409999999999999,0,0,0,0,0,0,0,0,32.305,0.90700000000000003,0,0,0,0,0,0,0,0,0,0,0,0,5,หญ้า,หญ้าข้าวนก
2023-01-18,แพร่,18.247222000000001,100.206667,นาชลประทาน,แตกกอ,สันป่าตอง 1,0,0,0,0,0,0,0,0,0,0,0,0,0,0,0,0,0,0,14.894,0,0,0,0,0,0,0,0,0,0,0,0,0,5,กก,หนวดปลาดุก
2023-01-18,แพร่,18.262778000000001,100.207222,นาชลประทาน,ระยะกล้า,สันป่าตอง 1,0,0,0,0,0,0,0,0,0,0,0,0,0,0,0,0,0,0,16.141999999999999,0,0,0,0,0,0,0,0,0,0,0,0,0,0,NA,NA
2023-01-19,แพร่,18.226666999999999,100.231944,นาชลประทาน,ระยะกล้า,สันป่าตอง 1,0,0,0,0,0,0,0,0,0,0,0,0,0,0,0,0,0,0,16.440999999999999,0.67600000000000005,0,0,0,0,0,0,0,0,0,0,0,0,1.6666700000000001,พืชใบเลี้ยงคู่ใบกว้าง,ผักปอดนา
2023-01-24,เชียงใหม่,18.7775,99.161666999999994,นาชลประทาน,แตกกอ,CP888,0,0,0,0,0,0,0,0,0,0.41399999999999998,0,0,0,0,0,0,0,0,12.965999999999999,0.69,0,0,0,0,0,0,0,0,0,0,0,0,1.6666700000000001,หญ้า,หญ้าข้าวนก
2023-01-24,เชียงใหม่,18.695,98.908610999999993,นาชลประทาน,แตกกอ,สันป่าตอง 1,0,0,0,0,0,0,0,0,0,0.248,0,0,0,0,0,0,0,0,14.144,5.0869999999999997,0,0,0,0,0,0,0,0,0,0,0,0,5,NA,ผักแว่น
2023-01-24,เชียงใหม่,18.778055999999999,99.161111000000005,นาชลประทาน,แตกกอ,CP888,5.7469999999999999,0,0,0,0,0,0,0,0,0,0,0,0,0,0,0,0,0,2.0230000000000001,0,0,0,0,0,0,0,0,0,0,0,0,0,0,NA,NA
2023-01-23,เชียงใหม่,18.629443999999999,98.887777999999997,นาชลประทาน,แตกกอ,กข22,0,0,0,0,0,0,0,0,0,0.32100000000000001,0,0,0,0,0,0,0,0,3.8460000000000001,0,0,0,0,0,0,0,0,0,0,0,0,0,0,NA,NA
2023-02-14,เชียงราย,19.589721999999998,99.720556000000002,นาชลประทาน,แตกกอ,ก.วก.2,0,0,0,0,0,0,0,0,0,0,0,0,0,0,0,0,0,0,0,0.91700000000000004,0,0,2.1280000000000001,0,0,0,0,0,0,0,0,0,1.6666700000000001,กก,หนวดปลาดุก
2023-02-14,เชียงราย,19.603226800000002,99.775660000000002,นาชลประทาน,ระยะกล้า,พิษณุโลก 2,0,0,0,0,0,0,0,0,0,0,0.1,0,0,0,0,0,0,0,0.32700000000000001,1.3069999999999999,0,0,0.98,0,0,0,0,0,0,0,0,0,0,NA,NA
2023-02-14,เชียงราย,19.773333000000001,99.750833,นาชลประทาน,ระยะกล้า,สันป่าตอง 1,0,0,0,0,0,0,0,0,0,0,0,0,0,0,0,0,0,0,1.653,0,0,0,0,0,0,0,0,0,0,0,0,0,5,กก,กกสามเหลี่ยม
2023-02-14,เชียงราย,19.856365,99.794998000000007,นาชลประทาน,แตกกอ,ก.วก.2,2.3809999999999998,0,0,0,0,0,0,0,0,0.17,0,0,0,0,0,0,0,0,0,8.4179999999999993,0,0,1.02,0,0,0,0,0,0,0,0,0,5,พืชใบเลี้ยงคู่ใบกว้าง,ผักปอดนา
2023-02-20,เชียงราย,19.525020000000001,99.733356999999998,นาชลประทาน,ระยะกล้า,สันป่าตอง 1,0,0,0,0,0,0,0,0,0,0,0,0,0,0,0,0,0,0,12.5,0,0,0,0,0,0,0,0,0,0,0,0,0,1.6666700000000001,กก,หนวดปลาดุก
2023-02-24,แพร่,18.024722000000001,100.095,นาชลประทาน,แตกกอ,สันป่าตอง 1,0,0,0,0,0,0,0,0,0,0,0,0,0,0,0,0,0,0,29.922999999999998,0.66,0,0,0,0,0,0,0,0,0,0,0,0,0,NA,NA
2023-02-24,แพร่,18.025556000000002,100.08666700000001,นาชลประทาน,แตกกอ,สันป่าตอง 1,0,0,0,0,0,0,0,0,0,0.41399999999999998,0,0,0,0,0,0,0,0,39.723999999999997,0.41399999999999998,0,0,0,0,0,0,0,0,0,0,0,0,5,หญ้า,หญ้าข้าวนก
2023-03-02,พะเยา,19.442972000000001,99.783254999999997,นาชลประทาน,ระยะกล้า,กข79,0,0,0,0,0,0,0,0,0,0,0,0,0,0,0,0,0,0,23.832000000000001,0,0,0,1.8180000000000001,0,0,0,0,0,0,0,0,0,5,หญ้า,หญ้าข้าวนก
2023-03-02,พะเยา,19.435213999999998,99.768325000000004,นาชลประทาน,แตกกอ,กข10,0,0,0,0,0,0,0,0,0,0,0,0,0,0,0,0,0,0,19.643000000000001,0,0,0,0,0,0,0,0,0,0,0,0,0,3.3333300000000001,หญ้า,หญ้าข้าวนก
2023-03-02,พะเยา,19.424762000000001,99.787150999999994,นาชลประทาน,ระยะกล้า,กข79,0,0,0,0,0,0,0,0,0,0,0,0,0,0,0,0,0,0,20.608000000000001,0,0,0,0,0,0,0,0,0,0,0,0,0,3.3333300000000001,หญ้า,หญ้าไซ
2023-03-02,พะเยา,19.237318999999999,100.00118000000001,นาชลประทาน,ระยะกล้า,พิษณุโลก 2,0,0,0,0,0,0,0,0,0,0,0,0,0,0,0,0,0,0,28.225999999999999,0,0,0,0,0,0,0,0,0,0,0,0,0,8.3333332999999996,กก,หนวดปลาดุก
2023-03-02,พะเยา,19.238962000000001,100.001204,นาชลประทาน,ระยะกล้า,กข79,0,0,0,0,0,0,0,0,0,0,0,0,0,0,0,0,0,0,29.507999999999999,0,0,0,0,0,0,0,0,0,0,0,0,0,10,กก,หนวดปลาดุก
2023-03-02,พะเยา,19.217141999999999,99.963853,นาชลประทาน,ระยะกล้า,กข79,0,0,0,0,0,0,0,0,0,0,0,0,0,0,0,0,0,0,31.169,0,0,0,0,0,0,0,0,0,0,0,0,0,0,กก,หนวดปลาดุก
2023-02-14,อุทัยธานี,15.375325,99.934610000000006,นาชลประทาน,ตั้งท้อง,กข49,0,0,0,5.1280000000000001,0,0,0,0,0,0,0,0,0,0,0,0,0,0,47.655999999999999,0,0,0,0,0,0,0,0,0,0,0,0,0,0,NA,NA
2023-02-14,อุทัยธานี,15.376206,99.934140999999997,นาชลประทาน,ตั้งท้อง,กข49,0,0,0,21.591000000000001,0,0,0,0,0,0,0,0,0,0,0,0,0,0,58.198999999999998,0,0,0,0,0,0,0,0,0,0,0,0,0,0,NA,NA
2023-02-15,สุพรรณบุรี,14.479433,100.08844499999999,นาชลประทาน,ระยะกล้า,กข41,0,0,0,0,0,0,27.419,0,0,0,0,0,0,0,0,0,0,0,0,0,0,0,0,0,0,0,0,0,0,0,0,0,0,NA,NA
2023-03-01,สิงห์บุรี,14.991455,100.35155,นาชลประทาน,แตกกอ,กข85,0,0,0,0,0,0,0,0,0,53.478000000000002,13,0,0,0,0,0,0,0,64.347999999999999,0,0,0,0,0,0,0,0,0,0,0,0,0,0,NA,NA
2023-03-02,สุพรรณบุรี,14.588123100000001,100.103825,นิเวศข้าวกับพืชอื่น,ก่อนเก็บเกี่ยวเกี่ยว,หอมมะลิแดง,0,0,0,0,0,0,0,0,0,0,0,0,0,0,0,0,0,0,27.155000000000001,0,0,0,0,75,0,0,0,0,0,0,0,0,0,NA,NA
2023-03-08,สกลนคร,17.231000000000002,104.21680000000001,นาชลประทาน,แตกกอ,สันป่าตอง1,0,0,0,0,0,0,0,0,0,0,0,0,0,0,0,0,0,0,2.0299999999999998,0,0,0,0,0,0,0,0,0,0,0,0,0,0,NA,NA
2023-03-08,สกลนคร,17.172505999999998,104.29089,นาชลประทาน,แตกกอ,กข22,0,0,0,0,0,0,0,0,0,0,0,0,0,0,0,0,0,0,1.923,0,0,0,0,0,0,0,0,0,0,0,0,0,6.6669999999999998,กก,กก
2023-03-09,นครพนม,17.070677,104.370941,นาชลประทาน,แตกกอ,อีเตี้ย,0,0,0,0,0,0,0,0,0,0,0,0,0,0,0,0,0,0,1.504,0,0,0,0,0,0,0,0,0,0,0,0,0,0,NA,NA
2023-03-09,นครพนม,16.946936999999998,104.528631,นาชลประทาน,แตกกอ,อีเตี้ยแดง,0,0,0,0,0,0,0,0,0,0,0,0,0,0,0,0,0,0,0.88200000000000001,0,0,0,0,0,0,0,0,0,0,0,0,0,0,NA,NA
2023-03-09,เชียงราย,19.710902000000001,99.590958000000001,นาชลประทาน,ระยะกล้า,CP888,0,0,0,0,0,0,0,0,0,0,0,0,0,0,0,0,0,0,9.8960000000000008,0,0,0,0,0,0,0,0,0,0,0,0,0,5,พืชใบเลี้ยงคู่ใบกว้าง,ตาลปัตรฤาษี
2023-03-09,เชียงราย,19.711731,99.591637000000006,นาชลประทาน,ระยะกล้า,สันป่าตอง 1,0,0,0,0,0,0,0,0,0,0,0,0,0,0,0,0,0,0,13.407999999999999,0,0,0,0,0,0,0,0,0,0,0,0,0,5,พืชใบเลี้ยงคู่ใบกว้าง,ผักปอดนา
2023-03-09,เชียงราย,19.606842,99.490457000000006,นาชลประทาน,ระยะกล้า,CP888,0,0,0,0,0,0,0,0,0,0,0,0,0,0,0,0,0,0,34.148000000000003,0,0,0,0,0,0,0,0,0,0,0,0,0,10,พืชใบเลี้ยงคู่ใบกว้าง,ผักปอดนา
2023-03-09,เชียงราย,19.349247999999999,99.499318000000002,นาชลประทาน,แตกกอ,สันป่าตอง 1,0,0,0,0,0,0,0,0,0,0,0,0,0,0,0,0,0,0,18.542000000000002,0,0,0,0,0,0,0,0,0,0,0,0,0,3.3332999999999999,หญ้า,หญ้าข้าวนก
2023-03-09,เชียงราย,19.310072000000002,99.501679999999993,นาชลประทาน,ระยะกล้า,หอมนาคา,0,0,0,0,0,0,0,0,0,0,0,0,0,0,0,0,0,0,0,0,0,0,3.774,0,0,0,0,0,0,0,0,0,1.6666700000000001,หญ้า,หญ้าไซ
2023-03-01,นครปฐม,14.092022999999999,100.177137,นาชลประทาน,แตกกอ,กข41,0,0,0,0,0,0,0,0.99,0,0.99,0,0,0,0,0,0,0,0,15.39,0,0.16,0,0,0,0,0,0,0,0,0,0,0,1.66,กก,กกสามเหลี่ยม
2023-03-01,นครปฐม,14.1088959,100.1448276,นาชลประทาน,แตกกอ,กข61,0,0,0,0,0,0,0,0.96,0,0,0,0,0,0,0,0,0,0,15.62,0,0,0,0,0,0,0,0,0,0,0,0,0,45,กก,กกสามเหี่ยม
2023-03-02,สุพรรณบุรี,14.588123100000001,100.103825,นิเวศข้าวกับพืชอื่น,ออกรวง,หอมมะลิแดง,0,0,0,0,0,0,0,0,0,0,0,0,0,0,0,0,0,0,27.15,0,0,0,0,75,0,0,0,0,0,0,0,0,0,NA,NA
2023-03-08,สุพรรณบุรี,14.611431,100.066773,นาชลประทาน,ตั้งท้อง,กข85,0,0,0,0,0,0,0,0.99,0,32.96,0,0,0,0,0,0,0,0,68.819999999999993,0,0,0,0,0,0,0,0,0,0,0,0,0,0,NA,NA
2023-03-10,มุกดาหาร,16.790372999999999,104.526099,นาชลประทาน,แตกกอ,ปทุมธานี1,0,0,0,0,0,0,0,0,0,0,0,0,0,0,0,0,0,0,0.52100000000000002,0,0,0,0,0,0,0,0,0,0,0,0,0,0,NA,NA
2023-03-10,มุกดาหาร,16.609811000000001,104.44373,นาชลประทาน,แตกกอ,กข22,0,0,0,0,0,0,0,0,0,0,0,0,0,0,0,0,0,0.627,0.94,0.313,0,0,0,0,0,0,0,0,0,0,0,0,0,NA,NA
45001,เชียงราย,20.360358000000002,99.965042999999994,นาชลประทาน,แตกกอ,หอมแม่โจ้,0,0,0,0,0,0,0,0,0,0,0,0,0,0,0,0,0,0,0,23.207999999999998,0,0,0.755,0,0,0,0,0,0,0,0,0,28.333300000000001,หญ้า,หญ้าข้าวนก
45001,เชียงราย,20.356963,99.971254000000002,นาชลประทาน,ระยะกล้า,กข16,0,0,0,0,0,0,0,0,0,0,0,0,0,0,0,0,0,0,2.1280000000000001,1.0640000000000001,0,0,0,0,0,0,0,0,0,0,0,0,20,กก,หนวดปลาดุก
45014,เชียงราย,19.589721999999998,99.720556000000002,นาชลประทาน,แตกกอ,ก.วก.2,0,0,0,0,0,0,0,0,0,0,0.4,3,0,0,0,0,0,0,15.398,0,0,0,2.6549999999999998,0,0,0,0,0,0,0,0,0,1.6666700000000001,กก,หนวดปลาดุก
45027,พะเยา,19.142218,99.879549999999995,นาชลประทาน,ออกดอก,สันป่าตอง1,6.8970000000000002,0,0,0,0,0,0,0,0,0,0.3,0.2,0,0,0,0,0,0,20.745999999999999,0,0,0,0,44,0,0,0,0,0,0,0,0,20,กก,กกสามเหลี่ยม
45027,พะเยา,19.259679999999999,100.019031,นาชลประทาน,ออกรวง,สันป่าตอง,5.2080000000000002,0,0,0,2.9409999999999998,0,0,0,0,0,1,0.2,0,0,0,0,0,0,24.242000000000001,0,0,0,0,57.353000000000002,0,0,0,0,0,0,0,0,3.3333300000000001,หญ้า,หญ้าข้าวนก
45027,พะเยา,19.284200999999999,99.828942999999995,นาชลประทาน,ออกดอก,กข79,0,0,0,0,3,0,0,0,0,0.191,0,0,0,0,0,0,0,0,29.771000000000001,1.5269999999999999,0,0,0,24,0,0,0,0,0,0,0,0,5,หญ้า,หญ้าข้าวนก
45042,เชียงราย,19.526367,99.732986999999994,นาชลประทาน,ออกดอก,สันป่าตอง 1,0,0,0,0,0,0,0,0,0,0,0.2,0.8,0,0,0,0,0,0,58.936,0,0,0,0,0,0,0,0,0,0,0,0,0,3.3332999999999999,หญ้า,หญ้าข้าวนก
45042,เชียงราย,19.602682999999999,99.776190999999997,นาชลประทาน,ออกดอก,พิษณุโลก 2,0,0,0,0,0,0,0,0,0,0,0,0,0,0,0,0,0,0,51.262,0,0,0,0,0,0,0,0,0,0,0,0,0,3.3332999999999999,พืชใบเลี้ยงคู่ใบกว้าง,ผักปอดนา
45044,แพร่,18.267654,100.203233,นาชลประทาน,ออกรวง,สันป่าตอง 1,0,0,0,0,0,0,0,0,0,0,0,0,0,0,0,0,0,0,30.693000000000001,0,0,0,0,10.256,0,0,0,0,0,0,0,0,5,หญ้า,หญ้าข้าวนก
45044,แพร่,18.242137,100.218996,นาชลประทาน,ออกดอก,ข้าวหอมไม่ไวต่อช่วงแสง,2.2469999999999999,0,0,0,0,0,0,0,0,0,0,0,0,0,0,0,0,0,15.449,0,0,0,0,0,0,0,0,0,0,0,0,0,3.3333300000000001,พืชใบเลี้ยงคู่ใบกว้าง,ผักปอดนา
45045,แพร่,18.214065000000002,100.284049,นาชลประทาน,ก่อนเก็บเกี่ยวเกี่ยว,สันป่าตอง 1,0,0,0,0,0,0,0,0,0,0,0,0,0,0,0,0,0,0,30.728000000000002,0,0,0,0,0,0,0,0,0,0,0,0,0,15,หญ้า,หญ้าข้าวนก
45045,แพร่,18.426634,100.183178,นาชลประทาน,ออกดอก,สันป่าตอง 1,0,0,0,0,0,0,0,0,0,0,0,0,0,0,0,0,0,0,22.766999999999999,0,0,0,0,0,0,0,0,0,0,0,0,0,3.3333300000000001,กก,หนวดปลาดุก
45049,เชียงใหม่,19.958587000000001,99.214262000000005,นาชลประทาน,ก่อนเก็บเกี่ยวเกี่ยว,สันป่าตอง 1,5.8250000000000002,0,0,0,2.1509999999999998,0,0,0,0,0,0.6,0.8,0,0,0,0,0,0,33.981000000000002,0,0,0,0,24.731000000000002,0,0,0,0,0,0,0,0,1.6666669999999999,กก,หนวดปลาดุก
45049,เชียงใหม่,18.664770000000001,98.896345999999994,นาชลประทาน,ก่อนเก็บเกี่ยวเกี่ยว,สันป่าตอง 1,25,0,0,0,0,0,0,0,0,0,0,0,0,0,0,0,0,0,30.859000000000002,0,0,0,0,69.492000000000004,0,0,0,0,0,0,0,0,5,หญ้า,หญ้าข้าวนก
45062,นครศรีธรรมราช,8.1750799999999995,100.174352,นาชลประทาน,ออกรวง,กข41,0,0,0,0,0,0,0,1,0,1,1,0,0,0,0,0,0,0,0,0,0,0,0,0,0,0,0,0,0,0,0,0,30,หญ้า,หญ้าข้าวนก
2023-05-16,นครศรีธรรมราช,8.1750799999999995,100.174352,นาชลประทาน,ตั้งท้อง,ชัยนาท,0,0,0,0,0,0,4.2759999999999998,0,0,0,0,0,0,0,0,0,0,0,37.170999999999999,0,0,0,0,0,0,0,0,0,0,0,0,0,23.33,หญ้า,หญ้าข้าวนก
2023-05-16,นครศรีธรรมราช,8.1750159999999994,100.17434900000001,นาชลประทาน,ตั้งท้อง,ชัยนาท,0,0,0,0,0,0,0,0,0,1.3160000000000001,0,0,0,0,0,0,0,0,28.946999999999999,0,0,0,0,0,0,0,0,0,0,0,0,0,5,หญ้า,หญ้าข้าวนก
2023-05-22,กระบี่,8.5084479999999996,98.865556999999995,นาชลประทาน,ออกรวง,ปทุมธานี,0,0,0,0,0,0,0,0,0,0,0,0,0,0,0,0,0,5.7519999999999998,8.85,0,0,0,0,0,0,0,0,0,0,0,0,0,10,หญ้า,หญ้าข้าวนก
2023-05-25,กระบี่,8.5050260000000009,98.864841999999996,นาชลประทาน,ออกรวง,ปทุมธานี,0,0,0,0,0,0,0,0.44600000000000001,0,4.9109999999999996,0,0,0,0,0,0,0,6.6959999999999997,8.9290000000000003,0,0,0,0,0,0,0,0,0,0,0,0,0,3.33,หญ้า,หญ้าไม้กวาด
2023-06-08,สงขลา,7.6402489999999998,100.343298,นาชลประทาน,แตกกอ,กข85,0,0,0,0,0,0,0,0,0,3.0489999999999999,0,0,0,0,0,0,0,0,34.146000000000001,0,0,0,0,0,0,0,0,0,0,0,0,0,1.66,กก,กกขนาก
2023-06-08,สงขลา,7.6404560000000004,100.343352,นาชลประทาน,ออกรวง,ปทุมธานี,0,0,0,0,0,0,0,0,0,0.93500000000000005,0,0,0,0,0,0,0,0,50.935000000000002,0,0,0,0,44.86,0,0,0,0,0,0,0,0,15,หญ้า,หญ้าข้าวนก
2023-06-08,สงขลา,7.6441140000000001,100.34252600000001,นาชลประทาน,ออกรวง,กข43,0,0,0,0,0,0,0,0,0,0,0,0,0,0,0,0,0,5.2210000000000001,59.036000000000001,0,0,0,0,52.173999999999999,0,0,0,0,0,0,0,0,0,NA,NA
2023-05-16,นครศรีธรรมราช,8.1750799999999995,100.174352,นาชลประทาน,ออกรวง,กข41,0,0,0,0,3.1579999999999999,0,0,0,0,4.3479999999999999,0,0,0,0,0,0,13.042999999999999,0,0,1.9319999999999999,0,0,0,26.315999999999999,0,0,0,0,0,0,0,0,48.33,กก,กกขนาก
2023-06-26,เชียงราย,20.063887000000001,100.331199,นาน้ำฝน,แตกกอ,ขาวดอกมะลิ 105,4.04,0,0,0,0,0,0,0,0,0,0,0,0,0,0,0,0,0,4.2930000000000001,9.8480000000000008,0,0,0,0,0,0,0,0,0,0,0,0,15,พืชใบเลี้ยงคู่ใบกว้าง,สาบแร้งสาบกา
2023-06-28,พะเยา,19.166253000000001,100.29590399999999,นาน้ำฝน,ระยะกล้า,ปลายเข็ม,0,0,0,0,0,0,0,0,0,0,0,0,0,0,0,0,0,0,0,0,0,0,0,0,0,0,0,0,0,0,0,0,5,หญ้า,หญ้าข้าวนก
2023-06-28,พะเยา,19.068356000000001,100.493296,นาน้ำฝน,ระยะกล้า,เบล้เดอะ,0,0,0,0,0,0,0,0,0,0,0,0,0,0,0,0,0,0,0,1.5049999999999999,0,0,0,0,0,0,0,0,0,0,0,0,5,พืชใบเลี้ยงคู่ใบกว้าง,NA
2023-07-05,เชียงราย,20.168844,99.862584999999996,นาน้ำฝน,ระยะกล้า,CP888,0,0,0,0,0,0,0.98399999999999999,0,0,0,0,0,0,0,0,0,0,0,0,0,0,0,0,0,0,0,0,0,0,0,0,0,5,พืชใบเลี้ยงคู่ใบกว้าง,ผักปอดนา
2023-07-05,เชียงราย,20.021553999999998,99.874660000000006,นาน้ำฝน,ระยะกล้า,น่าน 59,0,0,0,0,0,0,0,0,0,0,0,0,0,0,0,0,0,0,5.9880000000000004,0,0,0,0,0,0,0,0,0,0,0,0,0,20,หญ้า,หญ้าข้าวนก
2023-07-05,เชียงราย,20.023195000000001,99.876197000000005,นาน้ำฝน,แตกกอ,กข6,1.22,0,0,0,0,0,0,0,0,0,0,0,0,0,0,0,0,0,3.9129999999999998,0,0,0,1.829,0,0,0,0,0,0,0,0,0,5,พืชใบเลี้ยงคู่ใบกว้าง,ผักปอดนา
2023-06-28,พะเยา,19.465108000000001,100.533655,ข้าวไร่ที่สูงขังน้ำ,ระยะกล้า,น้ำรู,0,0,0,0,0,0,0,0,0,0,0,0,0,0,0,0,0,0,0,12.846,0,0,0,0,0,0,0,0,0,0,0,0,10,พืชใบเลี้ยงคู่ใบกว้าง,ตีนตุ๊กแก
2023-06-28,พะเยา,19.466564999999999,100.53463499999999,ข้าวไร่ที่สูงขังน้ำ,ระยะกล้า,น้ำรู,0,0,0,0,0,0,0,0,0,0,0,0.5,0,0,0,0,0,0,0,5.2880000000000003,0,0,0,0,0,0,0,0,0,0,0,0,0,NA,NA
2023-06-29,เชียงราย,19.845562000000001,99.524360000000001,ข้าวไร่ที่สูง,ระยะกล้า,ข้าวดอยไม่ทราบชื่อ,0,0,0,0,0,0,0,0,0,0,0,0,0,0,0,0,0,0,0,3.4140000000000001,0,0,0,0,0,0,0,0,0,0,0,0,0,NA,NA
2023-06-29,เชียงราย,19.851175999999999,99.523360999999994,ข้าวไร่ที่สูงขังน้ำ,ระยะกล้า,ข้าวดอยไม่ทราบชื่ิอ,0,0,0,0,0,0,0,0,0,0.63100000000000001,0,0.3,0,0,0,0,0,0,3.1549999999999998,0.94599999999999995,0,0,0,0,0,0,0,0,0,0,0,0,0,NA,NA
2023-06-29,เชียงราย,19.248446000000001,99.442372000000006,ข้าวไร่ที่สูง,ระยะกล้า,ข้าวเหนียวก่ำ,4.8949999999999996,0,0,0,0,0,0,0,0,0,0,0,0,0,0,0,0,0,0,2.7970000000000002,0,0,0,0,0,0,0,0,0,0,0,0,5,พืชใบเลี้ยงคู่ใบกว้าง,ตีนตุ๊กแก
2023-06-29,เชียงราย,19.249524999999998,99.442676000000006,ข้าวไร่ที่สูงขังน้ำ,ระยะกล้า,กข21,0,0,0,0,0,0,0,0,0,0,0.3,0,0,0,0,0,0,0,3.4009999999999998,0,0,0,0,0,0,0,0,0,0,0,0,0,0,NA,NA
45112,เชียงราย,19.855743,99.798320000000004,นาชลประทาน,แตกกอ,น่าน 59,0,0,0,0,0,0,0,0,0,0.96599999999999997,0,0.2,0,0,0,0,0,0,0.96599999999999997,0,0,0,0,0,0,0,0,0,0,0,0,0,3.3330000000000002,พืชใบเลี้ยงคู่ใบกว้าง,ผักปอดนา
45112,เชียงราย,20.149456000000001,99.842388,นาชลประทาน,ระยะกล้า,น่าน 59,0,0,0,0,0,0,0,0,0,0,0,0,0,0,0,0,0,0,0,0,0,0,0,0,0,0,0,0,0,0,0,0,0,NA,NA
45131,เชียงราย,19.589479000000001,99.720591999999996,นาชลประทาน,แตกกอ,ก.วก.2,0,0,0,0,0,0,7.3079999999999998,0,0,0,0,0,0,0,0,0,0,0,2.6920000000000002,0,0,0,0,0,0,0,0,0,0,0,0,0,0,NA,NA
45146,เชียงราย,19.532965999999998,99.738812999999993,นาชลประทาน,แตกกอ,ก.วก.2,0,0,0,0,0,0,50,0,0,0,0,2.8,0,0,0,0,0,0,0,5.1719999999999997,0,0,0,0,0,0,0,0,0,0,0,0,3.3330000000000002,พืชใบเลี้ยงคู่ใบกว้าง,ผักปอดนา
2023-01-13,พิษณุโลก,17.039967278144246,100.15734132780689,นาชลประทาน,ระยะกล้า,กข41,0,0,0,0,0,0,0,0,0,0,0,0,0,0,0,0,0,0,0,0,0,0,0,0,0,0,0,0,0,0,0,0,0,NA,NA
2023-01-16,พิจิตร,16.532600546463843,94.906900365072062,นาชลประทาน,ระยะกล้า,กข49,0,0,0,0,0,0,10.9,0,0,0,0,0,0,0,0,0,0,0,3.1,0,0,0,0,0,0,0,0,0,0,0,0,0,0,NA,NA
2023-01-16,พิจิตร,16.608773881892397,100.20677890059372,นาชลประทาน,ระยะกล้า,ข้าวเบอร์20(เอกชน),0,0,0,0,0,0,0,0,0,0,0,0,0,0,0,0,0,0,0,0,0,0,0,0,0,0,0,0,0,0,0,0,0,NA,NA
2023-01-17,พิษณุโลก,16.740434050380046,100.38639391745733,นาชลประทาน,ระยะกล้า,กข41,0,0,0,0,0,0,0,0,0,0,0,0,0,0,0,0,0,0,7.5,0,0,0,0,0,0,0,0,0,0,0,0,0,0,NA,NA
2023-01-17,พิษณุโลก,16.7668493711538,100.14037473001218,นาชลประทาน,แตกกอ,กข85,0,0,0,0,0,0,0,0,0,0,0,0,0,0,0,0,0,0,26.6,20,0,0,0,0,0,0,0,0,0,0,0,0,0,NA,NA
45149,เชียงราย,20.21049,99.689397,ข้าวไร่ที่สูงขังน้ำ,แตกกอ,อิโตลาย,0,0,0,0,0,0,0,0,0,0.16800000000000001,0.5,0.8,0,0,0,0,0,0,1.675,9.0449999999999999,0,0,0,0,0,0,0,0,0,0,0,0,10,พืชใบเลี้ยงคู่ใบกว้าง,ขาเขียด
45149,เชียงราย,20.209337000000001,99.690503000000007,ข้าวไร่ที่สูงขังน้ำ,แตกกอ,อิโตลาย,0,0,0,0,0,0,0,0,0,0.56100000000000005,0,0.4,0,0,0,0,0,0,0,8.5549999999999997,0,0,0,0,0,0,0,0,0,0,0,0,15,กก,กกขนาก
45149,เชียงราย,20.244282999999999,99.641197000000005,ข้าวไร่ที่สูงขังน้ำ,แตกกอ,ข้าวดอยไม่ทราบชื่อ,0,0,0,0,0,0,0,0,0,0.33600000000000002,0,0.4,0,0,0,0,0,0,2.6850000000000001,1.0069999999999999,0,0,0,0,0,0,0,0,0,0,0,0,3.33,พืชใบเลี้ยงคู่ใบกว้าง,ขาเขียด
45149,เชียงราย,20.202615000000002,99.694710000000001,ข้าวไร่ที่สูง,แตกกอ,ข้าวดอยไม่ทราบชื่อ,0,0,0,0,0,0,0,0,0,0,0,0,0,0,0,0,0,0,13.504,0,0,0,0,0,0,0,0,0,0,0,0,0,10,หญ้า,NA
45149,เชียงราย,20.165303000000002,99.719190999999995,ข้าวไร่ที่สูง,แตกกอ,ข้าวเหนียวดำ,0,0,0,0,0,0,0,0,0,0,0,0,0,0,0,0,0,0,1.357,0,0,0,0,0,0,0,0,0,0,0,0,0,5,พืชใบเลี้ยงคู่ใบกว้าง,NA
45149,เชียงราย,20.246331999999999,99.642993000000004,ข้าวไร่ที่สูง,แตกกอ,ข้าวดอยไม่ทราบชื่อ,0,0,0,0,0,0,0,0,0,0,0,0,0,0,0,0,0,0,9.6679999999999993,1.208,0,0,0,0,0,0,0,0,0,0,0,0,5,พืชใบเลี้ยงคู่ใบกว้าง,NA
45148,แพร่,18.437937999999999,100.155801,นาชลประทาน,แตกกอ,สันป่าตอง 1,2.4390000000000001,0,0,0,0,0,0,0,0,0.48799999999999999,0,0.3,0,0,0,0,0,0,0,6.585,0,0,0,0,0,0,0,0,0,0,0,0,3.33,กก,หนวดปลาดุก
45148,แพร่,18.294266,100.301384,นาชลประทาน,แตกกอ,สันป่าตอง 1,0,0,0,0,0,0,0,0,0,0,0.2,0,0,0,0,0,0,0,0,3.81,0,0,0,0,0,0,0,0,0,0,0,0,5,หญ้า,NA
45148,ลำปาง,18.79766,99.958513999999994,นาชลประทาน,แตกกอ,สันป่าตอง 1,0,0,0,0,0,0,26.129000000000001,0,0,0,0,0.5,0,0,0,0,0,0,0,0,0,0,0,0,0,0,0,0,0,0,0,0,5,พืชใบเลี้ยงคู่ใบกว้าง,ผักปอดนา
2023-01-13,พิษณุโลก,16.944255624180979,100.24921929003266,นาชลประทาน,แตกกอ,ปทุมธานี1,0,0,0,0,0,0,0,1.47,0,0,0,0,0,0,0,0,0,0,4.04,71.319999999999993,0,0,0,0,0,0,0,0,0,0,0,0,3.33,กก,NA
2023-01-16,พิจิตร,16.53799548566041,100.13925556023543,นาชลประทาน,แตกกอ,กข49,0,0,0,0,0,0,0,0,0,0,0,0,0,0,0,0,0,0,37.19,0,0,0,0,0,0,0,0,0,0,0,0,0,0,NA,NA
2023-01-18,พิจิตร,16.554335679965131,100.07306805708907,นาชลประทาน,แตกกอ,ปทุมธานี1,0,0,0,0,0,0,0,0.38,0,0,1.66,0,0,0,0,0,0,0,0,21.79,0,0,0,0,0,0,0,0,0,0,0,0,0,NA,NA
2023-01-18,พิจิตร,16.560401606985643,100.08855555508933,นาชลประทาน,แตกกอ,ปทุมธานี1,0,0,0,0,0,0,0,0,0,0,1.15,0,0,0,0,0,0,0,11.3,14.92,0,0,0,0,0,0,0,0,0,0,0,0,0,NA,NA
2023-02-01,สุโขทัย,17.353430762592524,99.960244786445216,นาชลประทาน,แตกกอ,กข49,0,0,0,0,0,0,0,0,0,0,2.77,0,0,0,0,0,0,0,0,23.32,0,0,0,0,0,0,0,0,0,0,0,0,0,NA,NA
2023-02-02,อุตรดิตถ์,17.195347602411111,100.01998351328859,นาชลประทาน,แตกกอ,กข85,0,0,0,0,0,0,0,0.44,0,0,0,0,0,0,0,0,0,0,17.55,18.87,0,0,0,0,0,0,0,0,0,0,0,0,0,NA,NA
2023-01-16,พิษณุโลก,16.650165602413988,100.15007047866683,นาชลประทาน,แตกกอ,กข49,0,0,0,0,0,0,0,0,0,0,0,0,0,0,0,0,0,0,27.61,0,0,0,0,0,0,0,0,0,0,0,0,0,0,NA,NA
2023-08-17,พิษณุโลก,16.76298688728307,100.39782335841279,นาชลประทาน,แตกกอ,กข85,0,0,0,0,0,0,0,0,0,0,0,0,0,0,0,0,0,0,21.65,26.26,0,0,0,0,0,0,0,0,0,0,0,0,0,NA,NA
2023-01-17,พิษณุโลก,16.575786309077429,100.32679604423477,นาชลประทาน,แตกกอ,กข41,0,0,0,0,0,0,0,0,0,0,0,0,0,0,0,0,0,0,33.33,0,0,0,0,0,0,0,0,0,0,0,0,0,0,NA,NA
2023-02-10,อุตรดิตถ์,17.289991981651578,100.06408119200958,นาชลประทาน,แตกกอ,กข85,0,0,0.53,0,0,0,0,0,0,0.53,0,0,0,0,0,0,0,0.32,13.6,14.57,0,0,0,0,0,0,0,0,0,0,0,0,0,NA,NA
2023-02-10,อุตรดิตถ์,17.290453142318466,100.05204164955059,นาชลประทาน,แตกกอ,กข85,0,0,0,0,0,0,0,0.36,0,0,1.57,0,0,0,0,0,0,0,15.7,17.27,0,0,0,0,0,0,0,0,0,0,0,0,0,NA,NA
2023-02-23,พิษณุโลก,16.871324321580786,100.37024381267189,นาชลประทาน,ออกรวง,กข49,1.83,0,0,0,0,0,0,0,0,0,0,0,0,0,0,0,6.29,0,32.28,0,0,0,0,2.62,0,1.31,0,0,0,0,0,0,0,NA,NA
2023-02-23,พิษณุโลก,16.912516198261397,100.20376659701029,นาชลประทาน,แตกกอ,ข้าวเบอร์5(จากร้านเอกชน),0,0,0,0,0,0,0.21,1.92,0,0.53,0,0,0,0,0,0,0,0,15.27,13.88,0,0,0,0,0,0,0,0,0,0,0,0,0,NA,NA
2023-02-24,พิษณุโลก,16.72111010355674,100.33448381855681,นาชลประทาน,ออกรวง,ข้าวพันธุ์เบอร์5(จากร้านค้าเอกชน),0,0,0,0,0,0,0,0,0,4.6500000000000004,0,0,0,0,0,0,0,0,28.18,0,0,0,0,5.39,0,0,0,0,0,0,0,0,0,NA,NA
2023-02-24,พิษณุโลก,16.67793799698881,100.33148350529318,นาชลประทาน,ออกรวง,ข้าวพันธุ์เบอร์5(จากร้านค้าเอกชน),0,0,0,0,0,0,0,0,0,0.54,5.42,0,0,0,0,0,0,0,15.98,1.89,0,0,0,4.33,0,0,0,0,0,0,0,0,0,NA,NA
2023-06-02,อุตรดิตถ์,17.2181,100.0389,นาน้ำฝน,ระยะกล้า,กข43,0,0,0,0,0,0,0.26,0,0,0,0,0,0,0,0,0,0,0,0,0.52,0,0,0,0,0,0,0,0,0,0,0,0,0,NA,NA
2023-06-02,อุตรดิตถ์,17.450800000000001,100.1041,นาน้ำฝน,ระยะกล้า,กข43,0,0,0,0,0,0,0,0,0,0,0,0,0,0,0,0,0,0,41.37,0,0,0,0,0,0,0,0,0,0,0,0,0,0,NA,NA
2023-06-02,อุตรดิตถ์,17.397600000000001,100.07689999999999,นาน้ำฝน,ระยะกล้า,ปทุมธานี1,0,0,0,0,0,0,4.0199999999999996,0,0,0,0,0,0,0,0,0,0,0,7.15,0,0,0,0,0,0,0,0,0,0,0,0,0,0,NA,NA
2023-06-28,พิษณุโลก,16.855599999999999,100.2103,นาชลประทาน,ออกรวง,กข85,0,0,0.28999999999999998,0,0,0,0.14000000000000001,0,0,0,0,0,0,0,0,0,0.44,1.02,4.55,0,0,0,0,5.29,0,0,0.28999999999999998,0.44,0,0,0,0,0,NA,NA
2023-06-28,พิษณุโลก,16.893699999999999,100.23950000000001,นาชลประทาน,ออกรวง,ข้าวเบอร์5(จากร้านเอกชน),0,0,0,0,0,0,0,0,0,4.01,0,0,0,0,0,0,7.88,0.28999999999999998,2.82,0.28999999999999998,1.78,0,0,6.99,0.28999999999999998,0,0.74,0,0,0,0,0,36.659999999999997,หญ้า,หญ้าข้าวนก
2023-06-28,พิษณุโลก,17.397600000000001,100.07689999999999,นาน้ำฝน,ระยะกล้า,กข79,0,0,0,0,0,0,13.85,0.4,0,0,0,0,0,0,0,0,0,0,2.2000000000000002,0,0.6,0,0,0,0,0,0,0,0,0,0,0,0,NA,NA
2023-06-28,พิษณุโลก,17.0258,100.3421,นาชลประทาน,ออกรวง,กข85,0,0,2.59,0,0,0,0,0,0,0.79,0,0,0,0,0,0,0.19,0,24.15,0.39,1.99,0,0,0.39,0,0,0,0,0,0,0,0,10,หญ้า,กกหนวดปลาดุก กกทราย หญ้าดอกขาว
2023-08-08,อุตรดิตถ์,17.275500000000001,100.0536,นาชลประทาน,ออกรวง,กข61,0,0,0.18,0,0,0,5.45,0,0,0.56000000000000005,0,0,0,0,0,0,0,0,5.45,0.56000000000000005,2.63,0,0,18.98,0,0,1.69,0,0,0,0,0,5,หญ้า,หญ้าข้าวนก หญ้าดอกขาว
2023-08-08,อุตรดิตถ์,17.289400000000001,100.0551,นาชลประทาน,ออกรวง,กข85,0,0,0,0,0,0,0,0,0,0,0,0,0,0,0,0,15.82,0.35,1.43,0,2.69,0,0,21.04,0.53,0,0,0.89,0,0,0,0,5,พืชใบเลี้ยงคู่ใบกว้าง,ผักบุ้ง เทียนนา
2023-08-08,อุตรดิตถ์,17.212,100.012,นาน้ำฝน,แตกกอ,ปทุมธานี1,0,0,0,0,0,0,0,1.96,0,0.16,1.96,0,0,0,0,0,0,0,0,0,1.1399999999999999,0,0,0,0,0,0,0,0,0,0,0,3.33,พืชใบเลี้ยงคู่ใบกว้าง,ผักปอด
2023-08-09,พิจิตร,16.510400000000001,100.5013,นาน้ำฝน,แตกกอ,กข49,0,0,0.46,0,0,0,0,0.3,0,0,0,0,0,0,0,0,0,0,7.25,0,0,0,0,0,0,0,0,0,0,0,0,0,10,พืชใบเลี้ยงคู่ใบกว้าง,ผักบุ้ง เทียนนา
2023-08-09,พิจิตร,16.4589,100.3809,นาน้ำฝน,แตกกอ,ข้าวเบอร์5(จากร้านค้าเอกชน),0,0,0,0,0,0,0,3.46,0,0,0.38,0,0,0,0,0,0,0,3.46,0,0,0,0,0,0,0,0,0,0,0,0,0,3.33,กก,กกทราย ผักปอด
2023-08-09,พิจิตร,16.4343,100.37,นาชลประทาน,ออกรวง,กข61,0,0,0,0,0,0,0,0,0,0.53,0,0,0,0,0,0,16.25,0,0.53,0,0.35,0,0,16.78,0,0,0,0.71,0,0,0,0,5,กก,กกทราย ผักปอด ผักบุ้ง
2023-08-09,พิจิตร,16.5258,100.5521,นาน้ำฝน,แตกกอ,กข49,0,0,0.97,0,0,0,0,0.97,0,0,0.78,0,0,0,0,0,0,0,11.13,0,0,0,0,0,0,0,0,0,0,0,0,0,5,กก,กกทราย ผักบุ้ง
2023-08-09,พิษณุโลก,16.597100000000001,100.45140000000001,นาน้ำฝน,แตกกอ,กข79,0,0,0,0,0,0,0,0,0,1.1499999999999999,0,0,0,0,0,0,0,0,2.54,12.03,0.92,0,0,0,0,0,0,0,0,0,0,0,28.33,หญ้า,หญ้านกสีชมพู ปอวัชพืช ผักบุ้ง
45153,เชียงใหม่,18.539083000000002,98.244972000000004,ข้าวไร่ที่สูงขังน้ำ,แตกกอ,ขาหนี่,0,0,0,0,0,0,0,0,0,0,0.9,0.6,0,0,0,0,0,0,0,0,0,0,0,0,0,0,0,0,0,0,0,0,5,หญ้า,หญ้าข้าวนก
45153,เชียงใหม่,18.538865000000001,98.244812999999994,ข้าวไร่ที่สูงขังน้ำ,แตกกอ,บือโป๊ะโล๊ะ,0,0,0,0,0,0,0,0,0,0,0.4,0.6,0,0,0,0,0,0,0.69799999999999995,0,0,0,0,0,0,0,0,0,0,0,0,0,5,พืชใบเลี้ยงคู่ใบกว้าง,NA
45153,เชียงใหม่,18.540251000000001,98.245305000000002,ข้าวไร่ที่สูงขังน้ำ,แตกกอ,บือโป๊ะโล๊ะ,0,0,0,0,0,0,0,0,0,0,0.1,0,0,0,0,0,0,0,0.56100000000000005,0,0,0,0,0,0,0,0,0,0,0,0,0,5,พืชใบเลี้ยงคู่ใบกว้าง,NA
45153,เชียงใหม่,18.540482999999998,98.246437,ข้าวไร่ที่สูง,แตกกอ,บือโซ,0,0,0,0,0,0,0,0,0,0.68500000000000005,0,0,0,0,0,0,0,0,0,0.85599999999999998,0,0,0,0,0,0,0,0,0,0,0,0,5,พืชใบเลี้ยงคู่ใบกว้าง,NA
45154,เชียงใหม่,18.480115000000001,98.221052,ข้าวไร่ที่สูง,แตกกอ,บือซูคี,0,0,0,0,0,0,0,0,0,0.5,0,0,0,0,0,0,0,0,0,12.667,0,0,0,0,0,0,0,0,0,0,0,0,5,พืชใบเลี้ยงคู่ใบกว้าง,NA
45154,เชียงใหม่,18.466097999999999,98.187629999999999,ข้าวไร่ที่สูง,แตกกอ,บือซูคี,0,0,0,0,0,0,0,0,0,0.34699999999999998,0,0,0,0,0,0,0,0,0,20.66,0,0,0,0,0,0,0,0,0,0,0,0,5,พืชใบเลี้ยงคู่ใบกว้าง,NA
2023-03-10,มุกดาหาร,16.609811000000001,104.44373,นาชลประทาน,แตกกอ,กข22,0,0,0,0,0,0,0,0,0,0,0,0,0,0,0,0,0,0,0.627,0,0,0,0,0,0,0,0,0,0,0,0,0,0,NA,NA
45154,เชียงใหม่,18.543776000000001,98.851116000000005,นาชลประทาน,แตกกอ,สันป่าตอง 1,0,0,0,0,0,0,0,0,0,0,0,0.2,0,0,0,0,0,0,3.0609999999999999,0,0,0,0,0,0,0,0,0,0,0,0,0,5,กก,กกทราย
2023-03-04,อุดรธานี,17.4221,102.5673,นาชลประทาน,แตกกอ,กข22,0,0,0,0,0,0,0,0,0,0,0,0,0,0,0,0,0,0,0.23599999999999999,0,0,0,0,0,0,0,0,0,0,0,0,0,5,กก,กกทราย
2023-03-24,อุดรธานี,17.4146,102.5902,นาชลประทาน,แตกกอ,สันป่าตอง1,0,0,0,0,0,0,0,0,0,0,0,0,0,0,0,0,0,0,2.7839999999999998,0,0,0,0,0,0,0,0,0,0,0,0,0,55,กก,"กกทราย , กกขนาด "
2023-03-24,อุดรธานี,17.4057,102.5904,นาชลประทาน,แตกกอ,อีแดงเล้า,0,0,0,0,0,0,0,0,0,0,0,0,0,0,0,0,0,0,23.321999999999999,0,0,0,0,0,0,0,0,0,0,0,0,0,56.667000000000002,กก,กกขนาด
2023-07-07,นครพนม,17.504799999999999,104.1275,นาน้ำฝน,ระยะกล้า,กข6,0,0,0,0,0,0,0,0,0,0,0,0,0,0,0,0,0,0,0.52300000000000002,3.1909999999999998,0,0,0,0,0,0,0,0,0,0,0,0,0,NA,NA
2023-07-27,หนองคาย,18.144600000000001,103.1284,นาน้ำฝน,แตกกอ,กข15,0,0,0,0,0,0,0,0,0,0,0,0,0,0,0,0,0,0,0,20.346,0,0,0,0,0,0,0,0,0,0,0,0,0,NA,NA
2023-07-07,นครพนม,17.542000000000002,104.20440000000001,นาน้ำฝน,แตกกอ,ปทุมธานี,0,0,0,0,0,0,0,0,0,0,0,0,0,0,0,0,0,0,0,0.54900000000000004,0.54900000000000004,0,0,0,0,0,0,0,0,0,0,0,80,พืชใบเลี้ยงคู่ใบกว้าง,ผักโขม
2023-07-07,นครพนม,17.4312,104.2115,นาน้ำฝน,แตกกอ,ขาวดอกมะลิ105,0,0,0,0,0,0,0,0,0,0,0,0,0,0,0,0,0,0,0,4.1959999999999997,0,0,0,0,0,0,0,0,0,0,0,0,0,NA,NA
45134,หนองคาย,18.0623,103.2581,นาน้ำฝน,แตกกอ,กข15,0,0,0,0,0,0,0,0,0,0,0,0,0,0,0,0,0,0,8.15,0.627,1.5669999999999999,0,0,0,0,0,0,0,0,0,0,0,0,หญ้า,หนวดปลาดุก
2023-07-07,นครพนม,17.9742,103.038,นาน้ำฝน,ระยะกล้า,น่าน59,0,0,0,0,0,0,0,0,0,0,0,0,0,0,0,0,0,0,15.5,0.25,0,0,0,0,0,0,0,0,0,0,0,0,23.332999999999998,พืชใบเลี้ยงคู่ใบกว้าง,เทียนนา
2023-07-12,นครราชสีมา,15.359,102.8501,นาน้ำฝน,แตกกอ,ขาวดอกมะลิ105,0,0,0,0,0,0,0,0,0,0,0,0,0,0,0,0,0,0,0,0,1.46,0,0,0,0,0,0,0,0,0,0,0,68.332999999999998,หญ้า,ข้าวนก
45141,เชียงราย,19.583257,99.942622999999998,นาน้ำฝน,ระยะกล้า,น่าน 59,0,0,0,0,0,0,0,0,0,0,0,0,0,0,0,0,0,0,21.149000000000001,0,0,0,0,0,0,0,0,0,0,0,0,0,5,กก,หนวดปลาดุก
45141,เชียงราย,19.479872,99.712466000000006,นาน้ำฝน,ระยะกล้า,น่าน 59,0,0,0,0,0,0,0,0,0,0,0,0,0,0,0,0,0,0,10.263999999999999,0,0,0,0,0,0,0,0,0,0,0,0,0,5,หญ้า,หญ้าข้าวนก
45141,เชียงราย,19.518236000000002,99.830618000000001,นาน้ำฝน,แตกกอ,กข6,0,0,0,0,0,0,0,0,0,0,0,0,0,0,0,0,0,0,34.454000000000001,0,0,0,2.198,0,0,0,0,0,0,0,0,0,0,NA,NA
45125,เชียงราย,19.637772550000001,99.857232999999994,นาน้ำฝน,แตกกอ,ขาวดอกมะลิ 105,0,0,0,0,0,0,0,0,0,0,0,0,0,0,0,0,0,0,0,35.293999999999997,0,0,0,0,0,0,0,0,0,0,0,0,5,กก,หนวดปลาดุก
45148,แพร่,18.444648000000001,100.15684400000001,นาน้ำฝน,แตกกอ,น่าน 59,2.0979999999999999,0,0,0,0,0,0,0,0,0.42,0,0.4,0,0,0,0,0,0,0,10.35,0,0,0,0,0,0,0,0,0,0,0,0,5,พืชใบเลี้ยงคู่ใบกว้าง,โสนคางคก
45148,แพร่,18.241489000000001,100.29584,นาน้ำฝน,แตกกอ,ปลายเข็ม,0,0,0,0,0,0,0,0,0,0.34699999999999998,0,1.2,0,0,0,0,0,0,0,1.2130000000000001,0,0,0,0,0,0,0,0,0,0,0,0,20,พืชใบเลี้ยงคู่ใบกว้าง,ผักปอดนา
45148,ลำปาง,18.788979999999999,99.962816000000004,นาน้ำฝน,แตกกอ,สันป่าตอง 1,0,0,0,0,0,0,0,0,0,0,0,0.6,0,0,0,0,0,0,0,5.8330000000000002,0,0,0,0,0,0,0,0,0,0,0,0,1.6666700000000001,หญ้า,NA
45154,เชียงใหม่,18.68656,98.958875000000006,นาน้ำฝน,ระยะกล้า,สันป่าตอง 1,0,0,0,0,0,0,0,0,0,0,0,1.1,0,0,0,0,0,0,0,0,0,0,0,0,0,0,0,0,0,0,0,0,1.6666669999999999,พืชใบเลี้ยงคู่ใบกว้าง,NA
2023-03-27,นครราชสีมา,15.126799999999999,102.37730000000001,นาชลประทาน,ออกดอก,กข79,0,0,0,0,0,0,0,0,0,0.78900000000000003,0,0,0,0,0,0,0,0,19.724,0.78900000000000003,0,0,0,0,0,0,0,0,0,0,0,0,48.33,หญ้า,หญ้าข้าว หญ้าข้าวนา
2023-03-27,นครราชสีมา,15.3584,102.851,นาชลประทาน,ออกดอก,กข79,0,0,0,0,0,0,0,0,0,0,0,0,0,0,0,0,0,0,0,14.474,0,0,0,0,0,0,0,0,0,0,0,0,0,หญ้า,ข้าวหญ้านา หญ้าดอกขาว
2023-03-27,นครราชสีมา,15.2279,102.4748,นาชลประทาน,ออกดอก,กข85,0,0,0,0,0,0,0,0,0,3,0,0,0,0,0,0,0,0,7.6669999999999998,0,0.33300000000000002,0,0,0,0,0,0,0,0,0,0,0,28.33,หญ้า,หญ้าดอกขาว หญ้าข้าวนก
2023-03-28,อุบลราชธานี,15.155200000000001,105.179,นาชลประทาน,ออกรวง,กข15,0,0,0,0,0,0,0,0,0,0,0,0,0,0,0,0,0,0,50,0,0,0,0,0,0,0,0,0,0,0,0,0,5,หญ้า,ข้าวนก
2023-03-28,อุบลราชธานี,15.4155,104.4457,นาชลประทาน,แตกกอ,ปทุมธานี1,0,0,0,0,0,0,0,0,0,0,0,0,0,0,0,0,0,0,4.7370000000000001,0,0,0,0,0,0,0,0,0,0,0,0,0,68.33,หญ้า,หญ้าข้าวนก
2023-03-29,อุบลราชธานี,15.333399999999999,104.68600000000001,นาชลประทาน,ออกรวง,สันป่าตอง1,0,0,0,0,0,0,0,0,0,0,0,0,0,0,0,0,0,0,18.367000000000001,0,0,0,0,0,0,0,0,0,0,0,0,0,3.33,กก,กกลังกา
2023-03-15,ราชบุรี,13.6468610499,99.909698539999994,นาชลประทาน,แตกกอ,กข95,0,0,0,0,0,0,0,2.0939999999999999,0,0,0,0,0,0,0,0,0,0,65.444999999999993,0,0,0,0,0,0,0,0,0,0,0,0,0,10,กก,กกสามเหลี่ยม
2023-03-15,ราชบุรี,13.641760850000001,99.909242109999994,นาชลประทาน,ระยะกล้า,กข31 ,0,0,0,0,0,0,0,1.3560000000000001,0,0,0,0,0,0,0,0,0,0,41.356000000000002,0,0,0,0,0,0,0,0,0,0,0,0,0,5,หญ้า,หญ้าดอกขาว
2023-03-15,ราชบุรี,13.705496050000001,99.938977230000006,นาชลประทาน,ระยะกล้า,กข31,0,0,0,0,0,0,0,0,0,0,0,0,0,0,0,0,0,0,58.570999999999998,0,0,0,0,0,0,0,0,0,0,0,0,0,13.33,หญ้า,หนวดปลาดุก
2023-05-23,สุพรรณบุรี,14.865339000000001,100.11663299999999,นาชลประทาน,แตกกอ,กข95,0,0,0,0,0,0,0,1.282,0,5.4489999999999998,0,0,0,0,0,0,0,0,24.038,0,0,0,0,0,0,0,0,0,0,0,0,0,3.33,หญ้า,หนวดปลาดุก
2023-05-23,สุพรรณบุรี,14.866671,100.117876,นาชลประทาน,ระยะกล้า,กข41,0,0,0,0,0,0,0,0.41699999999999998,0,0,0,0,0,0,0,0,0,0,1.667,0,0,0,0,0,0,0,0,0,0,0,0,0,0,NA,NA
2023-05-23,สุพรรณบุรี,14.903663999999999,100.094836,นาชลประทาน,ระยะกล้า,หอมปทุม,0,0,0,0,0,0,0,1.69,0,0,0,0,0,0,0,0,0,0,14.747,0,0,0,0,0,0,0,0,0,0,0,0,0,21.66667,พืชใบเลี้ยงคู่ใบกว้าง,ผักปอดนา
2023-05-23,สุพรรณบุรี,14.920714,100.098866,นาชลประทาน,ระยะกล้า,กข85,0,0,0,0,0,0,0,1.25,0,0,0,0,0,0,0,0,0,0,4.1669999999999998,0,0,0,0,0,0,0,0,0,0,0,0,0,0,NA,NA
2023-05-24,สิงห์บุรี,14.774528,100.463489,นาชลประทาน,ระยะกล้า,หอมปทุม,0,0,0,0,0,0,0,0.86599999999999999,0,0,0,0,0,0,0,0,0,0,2.165,0,0,0,0,0,0,0,0,0,0,0,0,0,0,NA,NA
2023-05-24,สิงห์บุรี,14.778978,100.45944900000001,นาชลประทาน,ระยะกล้า,กข95,0,0,0,0,0,0,0,1.01,0,0,0,0,0,0,0,0,0,0,0.505,0,0,0,0,0,0,0,0,0,0,0,0,0,0,NA,NA
2023-05-24,สิงห์บุรี,14.781188,100.459693,นาชลประทาน,แตกกอ,กข85,0,0,0,0,0,0,0,1.2050000000000001,0,2.008,0,0,0,0,0,0,0,0,18.474,0,0,0,0,0,0,0,0,0,0,0,0,0,0,พืชใบเลี้ยงคู่ใบกว้าง,ผักปอดนา
2023-05-24,สิงห์บุรี,14.781454,100.45914,นาชลประทาน,ระยะกล้า,กข61,0,0,0,0,0,0,0,1.4339999999999999,0,0,0,0,0,0,0,0,0,0,9.3190000000000008,0,0,0,0,0,0,0,0,0,0,0,0,0,0,NA,NA
2023-05-18,ชัยนาท,14.9882706,100.11542300000001,นิเวศข้าวกับพืชอื่น,แตกกอ,กข66,0,0,0,0,0,0,0,0,0,0,0,0,0,0,0,0,0,0,32.143000000000001,0,0,0,0,0,0,0,0,0,0,0,0,0,0,NA,NA
2023-05-18,ชัยนาท,14.982764,100.1459983,นาชลประทาน,แตกกอ,กช41,0,0,0,0,0,0,0,0,0,0,0,0,0,0,0,0,0,0,12.5,0,0,0,0,0,0,0,0,0,0,0,0,0,0,NA,NA
2023-08-18,ชัยนาท,14.988408099999999,100.4356918,นาชลประทาน,ระยะกล้า,กข41,0,0,0,0,0,0,0,0,0,0,0,0,0,0,0,0,0,0,14.615,0,0,0,0,0,0,0,0,0,0,0,0,0,0,NA,NA
2023-05-24,สิงห์บุรี,14.96203,100.3566316,นาชลประทาน,ระยะกล้า,ไม่ทราบพันธุ์,0,0,0,0,0,0,0,0,0,0.32700000000000001,0,0,0,0,0,0,0,0,0.98,0,0,0,0,0,0,0,0,0,0,0,0,0,13.333333,NA,NA
2023-05-24,สิงห์บุรี,14.993994199999999,100.3513683,นาชลประทาน,ระยะกล้า,ไม่ทราบพันธุ์,0,0,0,0,0,0,0,0,0,0.39200000000000002,0,0,0,0,0,0,0,0,1.569,0,0,0,0,0,0,0,0,0,0,0,0,0,0,NA,NA
2023-05-24,สิงห์บุรี,14.9405629,100.3702329,นาชลประทาน,ระยะกล้า,ไม่ทราบพันธุ์,0,0,0,0,0,0,0,0,0,0,0,0,0,0,0,0,0,0,0.64100000000000001,0,0,0,0,0,0,0,0,0,0,0,0,0,0,NA,NA
2023-05-18,สุพรรณบุรี,14.620362200000001,100.0613177,นาชลประทาน,ระยะกล้า,ไม่ทราบพันธุ์,0,0,0,0,0,0,0,0,0,0,0,0,0,0,0,0,0,0,42.308,0,0,0,0,0,0,0,0,0,0,0,0,0,0,NA,NA
2023-05-24,สุพรรณบุรี,14.618091700000001,100.0588367,นาชลประทาน,ระยะกล้า,ไม่ทราบพันธุ์,0,0,0,0,0,0,0,0,0,0,0,0,0,0,0,0,0,0,13.356,0,0,0,0,0,0,0,0,0,0,0,0,0,0,NA,NA
2023-08-21,เพชรบูรณ์,16.0931,100.7103,นาน้ำฝน,แตกกอ,ขาวดอกมะลิ105,0,0,0,0,0,0,0,0,0,0,0,0,0,0,0,0,0,0,9.24,61.34,0,0,0,0,0,0,0,0,0,0,0,0,0,NA,NA
2023-08-21,เพชรบูรณ์,16.109200000000001,100.723,นาน้ำฝน,แตกกอ,กข79,0,0,0,0,0,0,0,0,0,0,0,0,0,0,0,0,0,0,8.08,78.430000000000007,0,0,0,0,0,0,0,0,0,0,0,0,0,NA,NA
2023-08-28,พิษณุโลก,16.736799999999999,100.4461,นาน้ำฝน,ระยะกล้า,ขาวดอกมะลิ105,0,0,0,0,0,0,11.73,0,0,0,0.93,0,0,0,0,0,0,0,2.58,9.15,0.46,0,0,0,0,0,0,0,0,0,0,0,36.659999999999997,พืชใบเลี้ยงคู่ใบกว้าง,ผักเซี่ยนผี ไมยราบ ตีนตุ๊กแก
2023-08-28,พิษณุโลก,16.7088,100.4881,นาน้ำฝน,แตกกอ,ขาวดอกมะลิ105,0,0,0.51,0,0,0,2.58,0,0,0.68,0,0,0,0,0,0,0,0,7.41,0,0,0,0,0,0,0,0,0,0,0,0,0,28.33,หญ้า,หญ้านกสีชมพู หญ้าแพรก หญ้าขน
2023-08-28,พิษณุโลก,16.694400000000002,100.59520000000001,นาน้ำฝน,แตกกอ,ขาวดอกมะลิ105,0,0,0,0,0,0,0,0,0,1.29,0,0,0,0,0,0,0,0,5.68,0,3.73,0,0,0,0,0,0,0,0,0,0,0,5,หญ้า,หญ้าดอกขาว
2023-08-28,พิษณุโลก,16.611599999999999,100.62,นาน้ำฝน,แตกกอ,ขาวดอกมะลิ105,0,0,3.36,0,0,0,0,0,0,2.64,0,0,0,0,0,0,0,5.04,7.69,6.49,0,0,0,0,0,0,0,0,0,0,0,0,5,หญ้า,หญ้าดอกขาว หญ้าข้าวนก
2023-08-28,พิษณุโลก,16.561,100.67919999999999,นาน้ำฝน,ตั้งท้อง,ขาวดอกมะลิ105,0,0,0.76,0,0,0,0,0,0,6.48,0,0,0,0,0,0,0,0,19.079999999999998,0.38,0.56999999999999995,0,0,0.76,0,0,0,0,0,0,0,0,68.33,หญ้า,หญ้าดอกขาว หญ้านกชมพู
2023-08-28,พิษณุโลก,16.525500000000001,100.55029999999999,นาน้ำฝน,แตกกอ,ขาวดอกมะลิ105,0,0,0,0,0,0,0,0,0,5.65,0,0,0,0,0,0,0,0,12.17,0.43,4.78,0,0,0,0,0,0,0,0,0,0,0,36.659999999999997,หญ้า,หญ้าดอกขาว หญ้านกสีชมพู หญ้าตีนกา
2023-08-28,พิษณุโลก,16.700199999999999,100.4319,นาน้ำฝน,แตกกอ,ขาวดอกมะลิ105,0,0,0,0,0,0,7.52,0,0,7.3,0,0,0,0,0,0,0,0,1.1000000000000001,0,0.22,0,0,0,0,0,0,0,0,0,0,0,20,พืชใบเลี้ยงคู่ใบกว้าง,ปอวัชพืช
2023-08-18,สกลนคร,17.074587000000001,104.14631300000001,นาน้ำฝน,แตกกอ,ขาวดอกมะลิ105,0,0,0,0,0,0,0,0,0,0,0,0,0,0,0,0,0,0,3.774,0,0,0,0,0,0,0,0,0,0,0,0,0,10,กก,กกทราย
2023-08-18,สกลนคร,7.0417170000000002,104.15408499999999,นาน้ำฝน,แตกกอ,ขาวดอกมะลิ,0,0,0,0,0,0,1.538,0,0,0,0,0,0,0,0,0,0,0,2.6920000000000002,0,0,0,0,0,0,0,0,0,0,0,0,0,3.3330000000000002,กก,กกทราย
2023-08-18,สกลนคร,16.949515999999999,104.17578399999999,นาน้ำฝน,แตกกอ,ภูพาน1,0,0,0,0,0,0,2.7,0,0,0,0,0,0,0,0,0,0,0,0.54100000000000004,0.81100000000000005,0,0,0,0,0,0,0,0,0,0,0,0,0,NA,NA
2023-08-23,สกลนคร,17.389928999999999,103.74141299999999,นาน้ำฝน,แตกกอ,กข6,0,0,0,0,0,0,0,0,0,0,0,0,0,0,0,0,0,0,4.7889999999999997,0.28199999999999997,0,0,0,0,0,0,0,0,0,0,0,0,5,กก,กกทราย
2023-08-23,สกลนคร,17.276882000000001,103.972235,นาน้ำฝน,แตกกอ,กข6,0,0,0,0,0,0,0,0,0,0,0,0,0,0,0,0,0,0,6.25,0,0,0,0,0,0,0,0,0,0,0,0,0,20,หญ้า,หนวดปลาดุก
2023-08-23,สกลนคร,17.0152,104.19143,นาน้ำฝน,แตกกอ,กข6,0,0,0,0,0,0,0.18,0,0,0,0,0,0,0,0,0,0,0,0.72099999999999997,0,0,0,0,0,0,0,0,0,0,0,0,0,0,NA,NA
2023-08-23,สกลนคร,17.131581000000001,104.24101899999999,นาน้ำฝน,ระยะกล้า,กข6,0,0,0,0,0,0,0,0,0,0,0,0,0,0,0,0,0,0,10.938000000000001,0.625,0,0,0,0,0,0,0,0,0,0,0,0,45,หญ้า,ข้าวนก
2023-08-24,สกลนคร,17.032634000000002,104.320548,นาน้ำฝน,แตกกอ,กข15,0,0,0,0,0,0,0,0,0,0,0,0,0,0,0,0,0,0,0,0,0,0,0,0,0,0,0,0,0,0,0,0,10,พืชใบเลี้ยงคู่ใบกว้าง,เทียนนา ขาเขียด
2023-08-24,สกลนคร,17.069655000000001,104.337563,นาน้ำฝน,แตกกอ,กข6,0,0,0,0,0,0,0,0,0,0,0,0,0,0,0,0,0,0,4.3010000000000002,2.867,0,0,0,0,0,0,0,0,0,0,0,0,0,NA,NA
2023-08-24,มุกดาหาร,16.836400000000001,104.5471,นาน้ำฝน,ระยะกล้า,กข6,0,0,0,0,0,0,0.39700000000000002,0,0,0,0,0,0,0,0,0,0,0,6.7460000000000004,0.39700000000000002,0,0,0,0,0,0,0,0,0,0,0,0,0,NA,NA
2023-08-24,มุกดาหาร,16.8247,104.6315,นาน้ำฝน,แตกกอ,กข6,0,0,0,0,0,0,0.54800000000000004,0,0,0,0,0,0,0,0,0,0,0,13.699,0,0,0,0,0,0,0,0,0,0,0,0,0,5,หญ้า,หญ้าดอกขาว หนวดปลาดุก
2023-08-24,มุกดาหาร,16.772300000000001,104.7383,นาน้ำฝน,แตกกอ,กข15,0,0,0,0,0,0,0,0,0,0,0,0,0,0,0,0,0,0,5.0359999999999996,0.432,0,0,0,0,0,0,0,0,0,0,0,0,80,หญ้า,หนวดปลาดุก
2023-08-25,อุดรธานี,17.3049,103.05119999999999,นาน้ำฝน,แตกกอ,กช15,0,0,0,0,0,0,0,0,0,0,0,0,0,0,0,0,0,0,8.3580000000000005,6.6289999999999996,0,0,0,0,0,0,0,0,0,0,0,0,5,หญ้า,ตีนกา
2023-08-25,อุดรธานี,17.322399999999998,103.0492,นาน้ำฝน,แตกกอ,กข6,0,0,0,0,0,0,0,0,0,0,0,0,0,0,0,0,0,0,6.5220000000000002,0,0,0,0,0,0,0,0,0,0,0,0,0,80,หญ้า,ตีนนก
2023-08-25,อุดรธานี,17.304089999999999,103.05116,นาน้ำฝน,แตกกอ,กข15,0,0,0,0,0,0,0,0,0,0,0,0,0,0,0,0,0,0,5.1219999999999999,6.585,0,0,0,0,0,0,0,0,0,0,0,0,80,พืชใบเลี้ยงคู่ใบกว้าง,บานไม่รู้โรย
2023-08-25,อุดรธานี,17.299399999999999,103.051,นาน้ำฝน,แตกกอ,กข15,0,0,0,0,0,0,0,0,0,0,0,00,0,0,0,0,0,0,1.714,21.428999999999998,0,0,0,0,0,0,0,0,0,0,0,0,5,กก,กกทราย
45161,น่าน,19.381056999999998,100.60409199999999,นาน้ำฝน,แตกกอ,สันป่าตอง 1,0,0,0,0,0,0,0,0,0,0.27,0,1.5,0,0,0,0,0,0,0,7.2969999999999997,0,0,0,0,0,0,0,0,0,0,0,0,1.6667000000000001,พืชใบเลี้ยงคู่ใบกว้าง,ผักปอดนา
45160,เชียงราย,19.60351,99.776390000000006,นาชลประทาน,ตั้งท้อง,กข79,1.212,0,0,0,0,0,0,0,0,1.0680000000000001,0,0.8,0,0,0,0,0,0,1.923,7.2649999999999997,0,0,0,0,0,0,0,0,0,0,0,0,5,พืชใบเลี้ยงคู่ใบกว้าง,ผักปอดนา
45161,น่าน,19.363140000000001,100.701699,นาชลประทาน,แตกกอ,สันป่าตอง,0,0,0,0,0,0,0,0,0,0,0.3,1.0,0,0,0,0,0,0,5.0279999999999996,1.6759999999999999,0,0,0,0,0,0,0,0,0,0,0,0,10,กก,หนวดปลาดุก
45161,น่าน,19.354796,100.557062,ข้าวไร่ที่สูง,แตกกอ,ข้าวดอยไม่ทราบชื่อ,0,0,0,0,0,0,0,0,0,0.189,0,0,0,0,0,0,0,0,1.321,17.736000000000001,0,0,0,0,0,0,0,0,0,0,0,0,3.3330000000000002,พืชใบเลี้ยงคู่ใบกว้าง,NA
2023-03-02,ชัยนาท,15.20144,100.01709,นาชลประทาน,แตกกอ,กข85,0,0,0,0,0,0,0,0,0,0.36799999999999999,0,0,0,0,0,0,0,0,2.5739999999999998,0,3.3090000000000002,0,0,0,0,0,0,0,0,0,0,0,0,NA,NA
2023-03-02,ชัยนาท,15.15254,100.00192,นาชลประทาน,แตกกอ,กข85,0,0,5.556,0,0,0,0,0,0,5.8959999999999999,1,0,0,0,0,0,0,0,3.6280000000000001,0,0,0,0,0,0,0,0,0,0,0,0,0,0,NA,NA
2023-03-02,ชัยนาท,15.13874,99.989230000000006,นาชลประทาน,แตกกอ,กข85,0,0,1.111,0,0,0,0,0,0,0.28000000000000003,1,0,0,0,0,0,0,0,0.56000000000000005,0,0,0,0,0,0,0,0,0,0,0,0,0,15,พืชใบเลี้ยงคู่ใบกว้าง,ผักปอดนา
2023-03-02,ชัยนาท,15.107609999999999,99.982349999999997,นาชลประทาน,แตกกอ,กข85,0,0,2.778,0,0,0,0,0,0,0.33,0,0,0,0,0,0,0,0,12.541,0,0,0,0,0,0,0,0,0,0,0,0,0,0,NA,NA
2023-03-02,ชัยนาท,15.08151,100.18680000000001,นาชลประทาน,ระยะกล้า,ปทุมธานี 1,0,0,0,0,0,0,8.1199999999999992,0,0,1.282,0,0,0,0,0,0,0,0,1.7090000000000001,0,0,0,0,0,0,0,0,0,0,0,0,0,0,NA,NA
2023-03-02,ชัยนาท,15.10342,100.19732999999999,นาชลประทาน,แตกกอ,ปทุมธานี 1,0,0,0,0,0,0,0,0,0,3.1859999999999999,1,0,0,0,0,0,0,0,6.6180000000000003,0,0,0,0,0,0,0,0,0,0,0,0,0,0,NA,NA
2023-03-02,ชัยนาท,15.12379,100.18818,นาชลประทาน,แตกกอ,ปทุมธานี 1,0,0,2.1739999999999999,0,0,0,0,0,0,4.0759999999999996,0,0,0,0,0,0,0,0,7.0650000000000004,0,0.27200000000000002,0,0,0,0,0,0,0,0,0,0,0,3.33,พืชใบเลี้ยงคู่ใบกว้าง,ผักปอดนา
2023-03-03,ชัยนาท,15.26187,100.02923,นาชลประทาน,แตกกอ,กข85,0,0,2.198,0,0,0,0,0,0,4.3959999999999999,2,0,0,0,0,0,0,0,9.89,0,0.54900000000000004,0,0,0,0,0,0,0,0,0,0,0,5,พืชใบเลี้ยงคู่ใบกว้าง,ผักปอดนา
2023-03-03,ชัยนาท,15.268129999999999,100.00288999999999,นาชลประทาน,ระยะกล้า,กข85,0,0,0,0,0,0,9.5239999999999991,0,0,5.1589999999999998,0,0,0,0,0,0,0,0,0.39700000000000002,0,0,0,0,0,0,0,0,0,0,0,0,0,3.33,หญ้า,หญ้าแพรก
2023-03-03,ชัยนาท,15.23657,100.02289,นาชลประทาน,ระยะกล้า,กข85,0,0,4.7619999999999996,0,0,0,0,0,0,6.25,0,0,0,0,0,0,0,0,7.1429999999999998,0,0.29799999999999999,0,0,0,0,0,0,0,0,0,0,0,10,พืชใบเลี้ยงคู่ใบกว้าง,เทียนนา
2023-03-03,ชัยนาท,15.28185,99.915350000000004,นาชลประทาน,ระยะกล้า,กข85,0,0,0,0,0,0,0,0,0,1.22,1,0,0,0,0,0,0,0,16.667000000000002,0,0,0,0,0,0,0,0,0,0,0,0,0,5,กก,แห้วหมู
2023-03-03,ชัยนาท,15.381500000000001,100.13639000000001,นาชลประทาน,แตกกอ,กข57,0,0,1.4710000000000001,0,0,0,0,0,0,0.184,2,0,0,0,0,0,0,0,2.5739999999999998,0,0,0,0,0,0,0,0,0,0,0,0,0,0,NA,NA
2023-03-03,ชัยนาท,15.369630000000001,100.09704000000001,นาชลประทาน,แตกกอ,กข57,0,0,2.0550000000000002,0,0,0,0.372,0,0,0,0,0,0,0,0,0,0,0,1.4870000000000001,0,0,0,0,0,0,0,0,0,0,0,0,0,5,พืชใบเลี้ยงคู่ใบกว้าง,ผักปอดนา
2023-03-29,ชัยนาท,15.176299999999999,100.16825,นาชลประทาน,ระยะกล้า,กข85,0,0,0,0,0,0,3.1960000000000002,0,0,0,2,0,0,0,0,0,0,0,0,0,0,0,0,0,0,0,0,0,0,0,0,0,0,NA,NA
2023-03-29,ชัยนาท,15.176769999999999,100.16807,นาชลประทาน,ระยะกล้า,กข85,0,0,0,0,0,0,0,0,0,0,2,0,0,0,0,0,0,0,0.503,0,0.503,0,0,0,0,0,0,0,0,0,0,0,0,NA,NA
2023-03-29,ชัยนาท,15.17919,100.16022,นาชลประทาน,ระยะกล้า,กข85,0,0,0,0,0,0,3.67,0,0,0,1,0,0,0,0,0,0,0,0.91700000000000004,0,0,0,0,0,0,0,0,0,0,0,0,0,0,NA,NA
2023-03-29,ชัยนาท,15.176080000000001,100.15976999999999,นาชลประทาน,ระยะกล้า,กข85,0,0,0,0,0,0,0,0,0,0,0,0,0,0,0,0,0,0,4.2329999999999997,0,0,0,0,0,0,0,0,0,0,0,0,0,0,NA,NA
2023-03-29,ชัยนาท,15.17656,100.15918000000001,นาชลประทาน,ระยะกล้า,กข85,0,0,0,0,0,0,3.6360000000000001,0,0,0,0,0,0,0,0,0,0,0,4.8479999999999999,0,0.60599999999999998,0,0,0,0,0,0,0,0,0,0,0,0,NA,NA
2023-03-29,ชัยนาท,15.17679,100.15858,นาชลประทาน,ระยะกล้า,กข85,0,0,0,0,0,0,0.93899999999999995,0.93899999999999995,0,0.93899999999999995,1,0,0,0,0,0,0,0,1.4079999999999999,0,0,0,0,0,0,0,0,0,0,0,0,0,0,NA,NA
2023-03-29,ชัยนาท,15.18117,100.16898999999999,นาชลประทาน,ระยะกล้า,กข85,0,0,0,0,0,0,2.899,0.48299999999999998,0,0,4,0,0,0,0,0,0,0,0,0,0,0,0,0,0,0,0,0,0,0,0,0,0,NA,NA
2023-03-29,ชัยนาท,15.18219,100.17531,นาชลประทาน,ระยะกล้า,กข85,0,0,0,0,0,0,0,0,0,0,1,0,0,0,0,0,0,0,3.8889999999999998,0,0,0,0,0,0,0,0,0,0,0,0,0,0,NA,NA
2023-03-29,ชัยนาท,15.180910000000001,100.17487,นาชลประทาน,ระยะกล้า,กข85,0,0,0,0,0,0,1.415,0,0,0,0,0,0,0,0,0,0,0,0.47199999999999998,0,0,0,0,0,0,0,0,0,0,0,0,0,0,NA,NA
2023-03-29,ชัยนาท,15.17839,100.17411,นาชลประทาน,ระยะกล้า,กข85,0,0,0,0,0,0,1.4490000000000001,0,0,0,1,0,0,0,0,0,0,0,0,0,0,0,0,0,0,0,0,0,0,0,0,0,0,NA,NA
2023-05-03,ชัยนาท,15.0722,100.17668,นาชลประทาน,แตกกอ,ปทุมธานี 1,0,0,9.9009999999999998,0,0,0,0,0,0,2.0449999999999999,0,0,0,0,0,0,0,0,2.23,0,0.186,0,0,0,0,0,0,0,0,0,0,0,5,พืชใบเลี้ยงคู่ใบกว้าง,ผักปอดนา
2023-05-03,ชัยนาท,15.073119999999999,100.17979,นาชลประทาน,แตกกอ,ปทุมธานี 1,2.5640000000000001,0,4.274,0,0,0,0,0,0,0.313,0,0,0,0,0,0,0,0,2.0379999999999998,0,0,0,0,0,0,0,0,0,0,0,0,0,1.667,หญ้า,หญ้าข้าวนก
2023-05-03,ชัยนาท,14.98321,100.02804,นาชลประทาน,แตกกอ,ปทุมธานี 1,0,0,2.0979999999999999,0,0,0,0,0,0,1.6779999999999999,0,0,0,0,0,0,0,0,2.7970000000000002,0,0.55900000000000005,0,0,0,0,0,0,0,0,0,0,0,5,กก,แห้วหมู
2023-05-03,ชัยนาท,14.98326,100.02618,นาชลประทาน,แตกกอ,ปทุมธานี 1,0,0,0,0,0,0,0,0,0,0,0,0,0,0,0,0,0,0,3.2759999999999998,0,0,0,0,0,0,0,0,0,0,0,0,0,0,NA,NA
2023-05-03,ชัยนาท,15.01849,100.04461000000001,นาชลประทาน,แตกกอ,ปทุมธานี 1,0,0,2.7210000000000001,0,0,0,0,0,0,0.34,0,0,0,0,0,0,0,0,0.51,0,0.17,0,0,0,0,0,0,0,0,0,0,0,3.33,พืชใบเลี้ยงคู่ใบกว้าง,ผักปอดนา
2023-05-03,ชัยนาท,15.042619999999999,100.05764000000001,นาชลประทาน,ตั้งท้อง,ปทุมธานี 1,1.389,0,19.443999999999999,0,0,0,0,0,0,2.1960000000000002,0,0,0,0,0,0,0,0.50700000000000001,0.67600000000000005,0,0.16900000000000001,0,0,0,0,0,0,0,0,0,0,0,3.33,พืชใบเลี้ยงคู่ใบกว้าง,ผักปอดนา
2023-05-03,ชัยนาท,15.04034,100.06368999999999,นาชลประทาน,แตกกอ,ปทุมธานี 1,0,0,0,0,0,0,0,0,0,1.9,0,0,0,0,0,0,0,0,2.375,0,0,0,0,0,0,0,0,0,0,0,0,0,8.33,พืชใบเลี้ยงคู่ใบกว้าง,ผักปอดนา
2023-05-03,ชัยนาท,15.017289999999999,100.07862,นาชลประทาน,แตกกอ,ปทุมธานี 1,0,0,3.3330000000000002,0,0,0,0,0,0,0.35499999999999998,0,0,0,0,0,0,0,0,0,0,0,0,0,0,0,0,0,0,0,0,0,0,5,กก,หนวดปลาดุก
2023-05-03,ชัยนาท,15.03778,100.11682999999999,นาชลประทาน,ตั้งท้อง,ปทุมธานี 1,0,0,5.9210000000000003,0,0,0,0,0,0,1.071,0,0,0,0,0,0,0,0,2.6669999999999998,0,0.26800000000000002,0,0,0,0,0,0,0,0,0,0,0,0,NA,NA
2023-05-03,ชัยนาท,15.109080000000001,100.13796000000001,นาชลประทาน,แตกกอ,ปทุมธานี 1,0,0,24.306000000000001,0,0,0,0,0,0,0.17399999999999999,0,0,0,0,0,0,0,0,0.34699999999999998,0,0,0,0,0,0,0,0,0,0,0,0,0,0,NA,NA
45174,พะเยา,19.292815999999998,99.819764000000006,นาน้ำฝน,แตกกอ,ขาวดอกมะลิ 105,20.69,0,0,0,0,0,0,0,0,0,0.1,0.7,0,0,0,0,0,0,4.0979999999999999,35.655999999999999,0,0,0,0,0,0,0,0,0,0,0,0,15,กก,หนวดปลาดุก
45174,พะเยา,19.142644000000001,99.885726000000005,นาน้ำฝน,แตกกอ,กข6,0,0,0,0,0,0,0,0,0,1.0069999999999999,0,1.8,0,0,0,0,0,0,2.6850000000000001,1.0069999999999999,0,0,0,0,0,0,0,0,0,0,0,0,3.33,หญ้า,NA
45174,พะเยา,19.237477999999999,100.001355,นาน้ำฝน,แตกกอ,ไม่ทราบพันธุ์,6.1219999999999999,0,0,0,0,0,0,0,0,0,0,0,0,0,0,0,0,0,10.5,38,0,0,0,0,0,0,0,0,0,0,0,0,20,กก,หนวดปลาดุก
45174,พะเยา,19.284177,99.828526999999994,นาชลประทาน,ตั้งท้อง,น่าน 59,7.0419999999999998,0,0,0,0,0,0,0,0,0,1.8,0.1,0,0,0,0,0,0,16.369,5.0599999999999996,0,0,0,0,0,0,0,0,0,0,0,0,10,กก,หนวดปลาดุก
45174,พะเยา,19.141376000000001,99.888750000000002,นาชลประทาน,แตกกอ,กข6,0,0,0,0,0,0,0,0,0,0,0,0,0,0,0,0,0,0,3.7789999999999999,13.372,0,0,0,0,0,0,0,0,0,0,0,0,5,พืชใบเลี้ยงคู่ใบกว้าง,NA
45174,พะเยา,19.247226999999999,100.006984,นาชลประทาน,แตกกอ,ไม่ทราบพันธุ์,4.8780000000000001,0,0,0,0,0,0,0,0,0,0,0.4,0,0,0,0,0,0,0,12.195,0,0,0,0,0,0,0,0,0,0,0,0,15,กก,หนวดปลาดุก
45174,พะเยา,19.259599999999999,100.01954000000001,นาชลประทาน,ตั้งท้อง,ไม่ทราบพันธุ์,1.8520000000000001,0,0,0,0,0,0,0,0,0,1.1,0.1,0,0,0,0,0,0,4.641,10.127000000000001,0,0,0,0,0,0,0,0,0,0,0,0,10,หญ้า,NA
2023-09-01,พิษณุโลก,17.040393999999999,100.353779,นาน้ำฝน,แตกกอ,กข49,0,0,0,0,0,0,0,0,0,2.62,0,0,0,0,0,0,0,0,12.23,0,2.62,0,0,0,0,0,0,0,0,0,0,0,20,พืชใบเลี้ยงคู่ใบกว้าง,ผักปอด
2023-09-01,พิษณุโลก,17.13186,100.35627100000001,นาน้ำฝน,แตกกอ,ขาวดอกมะลิ105,0,0,0,0,0,0,0,0,0,0,0,0,0,0,0,0,0,0,13.35,13.18,1.54,0,0,0,0,0,0,0,0,0,0,0,20,พืชใบเลี้ยงคู่ใบกว้าง,ปอวัชพืช ไมยราบ
2023-09-01,พิษณุโลก,17.150529599999999,100.359489,นาน้ำฝน,แตกกอ,ขาวดอกมะลิ105,0,0,0,0,0,0,0,0.31,0,5.25,0,0,0,0,0,0,0,0,8.43,15.12,0.31,0,0,0,0,0,0,0,0,0,0,0,5,กก,กกทราย หญ้านกสีชมพู
2023-09-01,พิษณุโลก,16.996182000000001,100.376024,นาน้ำฝน,แตกกอ,พิษณุโลก2,0,0,0,0,0,0,0,3.7,0,0,0,0,0,0,0,0,0,0,9.35,0,1.45,0,0,0,0,0,0,0,0,0,0,0,20,กก,กกทราย หญ้านกสีชมพู
2023-09-01,พิษณุโลก,16.998939,100.333178,นาน้ำฝน,แตกกอ,พิษณุโลก2,0,0,0,0,0,0,0,0,0,0.52,0,0,0,0,0,0,0,0,1.57,0,0.52,0,0,0,0,0,0,0,0,0,0,0,36.659999999999997,พืชใบเลี้ยงคู่ใบกว้าง,ผักปอด หญ้านกสีชมพู
2023-07-13,ชัยนาท,15.238250000000001,100.17856,นาชลประทาน,ตั้งท้อง,กข85,5.2629999999999999,0,0,0,0,0,0,0,0,0,0,0,0,0,0,0,0,0,1.8420000000000001,0,0.26300000000000001,0,0,0,0,0,0,0,0,0,0,0,13.33,กก,หนวดปลาดุก
2023-07-13,ชัยนาท,15.25431,100.18807,นาชลประทาน,ตั้งท้อง,กข85,2.3260000000000001,0,0,0,0,0,0,0,0,1.4219999999999999,0,0,0,0,0,0,0,0,8.0570000000000004,0,3.081,0,0,0,0,0,0,0,0,0,0,0,8.33,กก,กกทราย
2023-07-13,ชัยนาท,15.293530000000001,100.15616,นาชลประทาน,แตกกอ,กข85,0.93500000000000005,0,0.93500000000000005,0,0,0,0,0,0,4.907,1,0,0,0,0,0,0,0,0.70099999999999996,0,0.70099999999999996,0,0,0,0,0,0,0,0,0,0,0,3.33,กก,แห้วหมู
2023-07-13,ชัยนาท,15.296430000000001,100.11262000000001,นาชลประทาน,ตั้งท้อง,กข85,4.5449999999999999,0,0,0,0,0,0,0,0,0,6,0,0,0,0,0,0,0,0,0,3.5619999999999998,0,0,0,0,0,0,0,0,0,0,0,5,พืชใบเลี้ยงคู่ใบกว้าง,ผักปอดนา
2023-07-13,ชัยนาท,15.362360000000001,100.13065,นาชลประทาน,แตกกอ,กข85,0,0,12.879,0,0,0,0,0,0,1.5149999999999999,0,0,0,0,0,0,0,0,0.75800000000000001,0,0.75800000000000001,0,0,0,0,0,0,0,0,0,0,0,1.67,กก,แห้วหมู
2023-07-13,ชัยนาท,15.366540000000001,100.13263999999999,นาชลประทาน,ตั้งท้อง,กข85,2.778,0,1.8520000000000001,0,0,0,0,0,0,2.1429999999999998,1,0,0,0,0,0,0,0,4.7619999999999996,0,3.81,0,0,0,0,0,0,0,0,0,0,0,1.67,หญ้า,หญ้าข้าวนก
2023-07-13,ชัยนาท,15.350709999999999,100.16073,นาชลประทาน,ตั้งท้อง,กข57,2.2989999999999999,0,41.378999999999998,0,0,0,0,0,0,2.8170000000000002,2,0,0,0,0,0,0,0,0.93899999999999995,0,1.1739999999999999,0,0,0,0,0,0,0,0,0,0,0,5,หญ้า,หญ้าดอกขาว
2023-07-13,ชัยนาท,15.03412,100.00685,นาชลประทาน,ตั้งท้อง,ปทุมธานี 1,0,0,3.8460000000000001,0,0,0,0,0,0,2.0390000000000001,3,0,0,0,0,0,0,0,0.51,0,0.30599999999999999,0,0,0,0,0,0,0,0,0,0,0,5,กก,กกขนาก
2023-07-13,ชัยนาท,15.02534,100.00776,นาชลประทาน,แตกกอ,ปทุมธานี 1,0,0,17.094000000000001,0,0,0,0,0,0,7.4249999999999998,0,0,0,0,0,0,0,0,3.016,0,1.8560000000000001,0,0,0,0,0,0,0,0,0,0,0,31.67,กก,หนวดปลาดุก
2023-07-13,ชัยนาท,15.028219999999999,100.05275,นาชลประทาน,แตกกอ,ปทุมธานี 1,0,0,0.95199999999999996,0,0,0,0,1.5580000000000001,0,0.26,1,0,0,0,0,0,0,0,19.221,0,1.0389999999999999,0,0,0,0,0,0,0,0,0,0,0,5,กก,กกทราย
2023-09-18,อุทัยธานี,15.397270000000001,99.839179999999999,นาชลประทาน,แตกกอ,ปทุมธานี 1,0,0,0,0,0,0,0,0,0,0,0,0,0,0,0,0,0,0.253,3.5350000000000001,6.8179999999999996,0,0,0,0,0,0,0,0,0,0,0,0,5,กก,หนวดปลาดุก
2023-09-18,อุทัยธานี,15.40401,99.832120000000003,นาชลประทาน,แตกกอ,ปทุมธานี 1,0,0,0,0,0,0,0,0,0,0.34100000000000003,0,0,0,0,0,0,0,0,0,16.041,0.34100000000000003,0,0,0,0,0,0,0,0,0,0,0,45,หญ้า,หญ้านกสีชมพู
2023-09-18,อุทัยธานี,15.410729999999999,99.828230000000005,นาชลประทาน,ตั้งท้อง,ปทุมธานี 1,0,0,0,0,0,0,0,0,0,0,0,0,0,0,0,0,0,0,0.58799999999999997,3.5289999999999999,0,0,0,0,0,0,0,0,0,0,0,0,0,NA,NA
2023-09-18,อุทัยธานี,15.41249,99.812060000000002,นาชลประทาน,แตกกอ,ปทุมธานี 1,0,0,0,0,0,0,0,0,0,0,0,0,0,0,0,0,0,0,1.8939999999999999,31.439,0,0,0,0,0,0,0,0,0,0,0,0,45,กก,หนวดปลาดุก
2023-09-18,อุทัยธานี,15.41587,99.808120000000002,นาชลประทาน,แตกกอ,ปทุมธานี 1,0,0,0,0,0,0,0,0,0,0,0,0,0,0,0,0,0,0,0,28.715,0,0,0,0,0,0,0,0,0,0,0,0,0,NA,NA
2023-09-18,อุทัยธานี,15.401120000000001,99.803309999999996,นาชลประทาน,แตกกอ,ปทุมธานี 1,0,0,0,0,0,0,0,0,0,0,0,0,0,0,0,0,0,0,29.687999999999999,5.4690000000000003,0,0,0,0,0,0,0,0,0,0,0,0,1.67,กก,หนวดปลาดุก
2023-09-18,อุทัยธานี,15.38374,99.784689999999998,นาชลประทาน,ตั้งท้อง,ปทุมธานี 1,0,0,0,0,0,0,0,0,0,0,0,0,0,0,0,0,0,0,1.8520000000000001,3.395,1.8520000000000001,0,0,0,0,0,0,0,0,0,0,0,5,กก,หนวดปลาดุก
2023-09-18,อุทัยธานี,15.397220000000001,99.784940000000006,นาชลประทาน,แตกกอ,ปทุมธานี 1,0,0,0,0,0,0,0,0,0,0,0,0,0,0,0,0,0,0,3.25,26,0.5,0,0,0,0,0,0,0,0,0,0,0,3.33,กก,หนวดปลาดุก
2023-09-18,อุทัยธานี,15.433450000000001,99.761719999999997,นาชลประทาน,แตกกอ,กข85,0,0,0,0,0,0,0,0,0,0.91300000000000003,0,0,0,0,0,0,0,0,1.8260000000000001,0.68500000000000005,0.22800000000000001,0,0,0,0,0,0,0,0,0,0,0,3.33,หญ้า,หญ้าข้าวนก
2023-09-18,อุทัยธานี,15.39476,99.744709999999998,นาชลประทาน,แตกกอ,ปทุมธานี 1,0,0,0,0,0,0,0,0,0,0,0,0,0,0,0,0,0,0,0.53200000000000003,0,0.79800000000000004,0,0,0,0,0,0,0,0,0,0,0,5,หญ้า,หญ้าข้าวนก
2023-10-18,นครสวรรค์,15.76272,99.976209999999995,นาชลประทาน,แตกกอ,กข49,0,0,0,0,0,0,0,0,0,0,0,0,0,0,0,0,0,0,0,0,0,0,0,0,0,0,0,0,0,0,0,0,43.33,กก,หนวดปลาดุก
2023-10-18,นครสวรรค์,15.74996,99.954989999999995,นาชลประทาน,แตกกอ,กข85,0,0,0,0,0,0,0,0,0,0,0,0,0,0,0,0,0,0,0,4.0629999999999997,0.93799999999999994,0,0,0,0,0,0,0,0,0,0,0,5,หญ้า,หญ้านกสีชมพู
2023-10-18,นครสวรรค์,15.77895,99.929680000000005,นาชลประทาน,แตกกอ,กข49,0,0,0,0,0,0,0,0,0,0,1,0,0,0,0,0,0,0,0,10.773999999999999,0.33700000000000002,0,0,0,0,0,0,0,0,0,0,0,5,หญ้า,หญ้านกสีชมพู
2023-10-18,นครสวรรค์,15.774150000000001,99.894580000000005,นาชลประทาน,แตกกอ,กข85,0,0,0,0,0,0,0,0,0,0,0,0,0,0,0,0,0,0,0,0,0,0,0,0,0,0,0,0,0,0,0,0,10,หญ้า,หญ้าดอกขาว
2023-10-18,นครสวรรค์,15.772180000000001,99.888379999999998,นาชลประทาน,แตกกอ,กข49,0,0,0,0,0,0,0,0.29399999999999998,0,0,0,0,0,0,0,0,0,0,0,1.1759999999999999,0,0,0,0,0,0,0,0,0,0,0,0,5,หญ้า,หญ้าดอกขาว
2023-10-18,นครสวรรค์,15.75628,99.85181,นาชลประทาน,แตกกอ,กข49,0,0,0,0,0,0,0,0,0,0,0,0,0,0,0,0,0,0,0,2.0830000000000002,2.0830000000000002,0,0,0,0,0,0,0,0,0,0,0,10,หญ้า,หญ้าดอกขาว
2023-10-18,นครสวรรค์,15.75169,99.85136,นาชลประทาน,แตกกอ,กข49,0,0,0,0,0,0,0,0,0,0,0,0,0,0,0,0,0,0,0,11.262,0,0,0,0,0,0,0,0,0,0,0,0,1.67,หญ้า,หญ้านกสีชมพู
2023-10-18,นครสวรรค์,15.74658,99.851240000000004,นาชลประทาน,แตกกอ,พิษณุโลก 2,0,0,0,0,0,0,0,0,0,0,0,0,0,0,0,0,0,0,0,2.41,0,0,0,0,0,0,0,0,0,0,0,0,0,NA,NA
2023-10-18,นครสวรรค์,15.718970000000001,99.796989999999994,นาชลประทาน,แตกกอ,กข49,0,0,0,0,0,0,0,0,0,0,0,0,0,0,0,0,0,0,0,5.859,2.734,0,0,0,0,0,0,0,0,0,0,0,56.67,หญ้า,หญ้าแพรก
2023-10-18,นครสวรรค์,15.72223,99.794820000000001,นาชลประทาน,แตกกอ,กข85,0,0,0,0,0,0,0,0,0,1.5820000000000001,0,0,0,0,0,0,0,0,0,0.316,0,0,0,0,0,0,0,0,0,0,0,0,3.33,กก,กกขนาก
45161,น่าน,19.354796,100.557062,ข้าวไร่ที่สูง,แตกกอ,ข้าวดอยไม่ทราบชื่อ,0,0,0,0,0,0,0,0,0,0.189,0,0,0,0,0,0,0,0,1.321,17.736000000000001,0,0,0,0,0,0,0,0,0,0,0,0,3.33,พืชใบเลี้ยงคู่ใบกว้าง,NA
45194,เชียงราย,19.84544,99.524176999999995,ข้าวไร่ที่สูง,ออกดอก,ข้าวดอยไม่ทราบชื่อ,0,0,0,0,0,0,0,0,0,0,0,0,0,0,0,0,0,0,43.04,7.52,0,0,0,0,0,0,0,0,0,0,0,0,1.6667000000000001,พืชใบเลี้ยงคู่ใบกว้าง,NA
45194,เชียงราย,19.851232,99.523353,ข้าวไร่ที่สูงขังน้ำ,ออกดอก,ข้าวดอยไม่ทราบชื่อ,0,0,0,0,0,0,0,0,0,0,0.667,0,0,0,0,0,0,0,0,10.959,0,0,0,0,0,0,0,0,0,0,0,0,0,NA,NA
45194,เชียงราย,19.24851,99.442276000000007,ข้าวไร่ที่สูง,ออกดอก,ข้าวหนียวดำ,6.7960000000000003,0,0,5.8250000000000002,0,0,0,0,0,0.19400000000000001,0,0,0,0,0,0,0,0,4.66,1.9419999999999999,0,0,0,0,0,0,0,0,0,0,0,0,1.6667000000000001,พืชใบเลี้ยงคู่ใบกว้าง,NA
45194,เชียงราย,19.249516,99.442521999999997,ข้าวไร่ที่สูงขังน้ำ,ตั้งท้อง,กข21,2.7029999999999998,0,0,16.216000000000001,0,0,0,0,0,0.40500000000000003,0.7,0.9,0,0,0,0,0,0,0,15.135,0,0,0,0,0,0,0,0,0,0,0,0,5,พืชใบเลี้ยงคู่ใบกว้าง,ขาเขียด
45209,พะเยา,19.495128000000001,100.533055,ข้าวไร่ที่สูงขังน้ำ,ก่อนเก็บเกี่ยวเกี่ยว,น้ำรู,4.819,0,0,0,0,0,0,0,0,0,0,0,0,0,0,0,0,0,11.074,4.3620000000000001,0,0,0,48.75,0,0,0,0,0,0,0,0,3.3332999999999999,พืชใบเลี้ยงคู่ใบกว้าง,ขาเขียด
45209,พะเยา,19.466183000000001,100.534205,ข้าวไร่ที่สูงขังน้ำ,ก่อนเก็บเกี่ยวเกี่ยว,น้ำรู,7.407,0,0,0,2.6669999999999998,0,0,0,0,0,0,0,0,0,0,0,0,0,3.165,1.266,0,0,0,49.332999999999998,0,0,0,0,0,0,0,0,3.3333300000000001,พืชใบเลี้ยงคู่ใบกว้าง,NA
45209,พะเยา,19.475695999999999,100.46438499999999,ข้าวไร่ที่สูง,ออกดอก,ข้าวเหนียวดำ,0,0,0,0,0,0,0,0,0,0.90900000000000003,0,0,0,0,0,0,0,0,61.817999999999998,0,0,0,0,0,0,0,0,0,0,0,0,0,10,หญ้า,หญ้าปากควาย
45218,แม่ฮ่องสอน,19.575066,98.315949000000003,ข้าวไร่ที่สูงขังน้ำ,ออกรวง,บือแม่ซาทะ,0,0,0,0,0.59499999999999997,0,0,0,0,1.1240000000000001,0,0,0,0,0,0,0,0,8.1460000000000008,0,0,0,0,7.1429999999999998,0,0,0,0,0,0,0,0,5,พืชใบเลี้ยงคู่ใบกว้าง,NA
45218,แม่ฮ่องสอน,19.455020000000001,98.305153000000004,ข้าวไร่ที่สูง,ออกรวง,เจ้าลีซอ,5.6820000000000004,0,0,0,0,0,0,0,0,0.72699999999999998,0,0,0,0,0,0,0,0,19.635999999999999,0,0,0,0,15.909000000000001,0,0,0,0,0,0,0,0,5,พืชใบเลี้ยงคู่ใบกว้าง,NA
45218,แม่ฮ่องสอน,19.436108999999998,98.357562000000001,ข้าวไร่ที่สูง,ออกรวง,เจ้าลีซอ,0.98,0,0,0,4.95,0,0,0,0,1.3069999999999999,0,0,0,0,0,0,0,0,2.9409999999999998,17.974,0,0,0,11.881,0,10.891,0,0,0,0,0,0,1.6667000000000001,พืชใบเลี้ยงคู่ใบกว้าง,NA
45224,เชียงราย,19.599016550000002,99.594579699999997,ข้าวไร่ที่สูง,ออกรวง,ข้าวเหนียวดำลืมผัว,4.7210000000000001,0,0,0,1.31,0,0,0,0,0,0,0,0,0,0,0,0,0,4.0570000000000004,0,0,0,0,0,0,0,0,0,0,0,0,0,5,พืชใบเลี้ยงคู่ใบกว้าง,NA
2023-10-09,ร้อยเอ็ด,15.5747,103.688,นาน้ำฝน,ตั้งท้อง,ขาวดอกมะลิ105,0,0,0,0,0,0,0,0,0,0,0,0,0,0,0,0,0,0,1.6339999999999999,0,0.98,0,0,0,0,0,0,0,0,0,0,0,68.33,พืชใบเลี้ยงคู่ใบกว้าง,เทียนนา
2023-10-09,ร้อยเอ็ด,15.574999999999999,103.68600000000001,นาน้ำฝน,แตกกอ,ขาวดอกมะลิ105,0,0,0,0,0,0,0,0,0,0,0,0,0,0,0,0,0,0,0,3.488,0.29099999999999998,0,0,0,0,0,0,0,0,0,0,0,20,หญ้า,หนวดปลาดุก
2023-10-09,ร้อยเอ็ด,15.577999999999999,103.67440000000001,นาน้ำฝน,แตกกอ,หอมนางนวล,0,0,0,0,0,0,0,0,0,0,0,0,0,0,0,0,0,0,14.875999999999999,2.4790000000000001,0,0,0,0,0,0,0,0,0,0,0,0,36.67,กก,กกสามเหลี่ยม
2023-10-09,ร้อยเอ็ด,15.5794,103.6593,นาน้ำฝน,ตั้งท้อง,ขาวดอกมะลิ105,0,0,0,0,0,0,0,0,0,0,0,0,0,0,0,0,0,0,3.077,0,0,0,0,0,0,0,0,0,0,0,0,0,5,หญ้า,ตีนกา
2023-10-09,ร้อยเอ็ด,15.583,103.619,นาน้ำฝน,ออกดอก,กข6,0,0,0,0,0,0,0,0,0,0,0,0,0,0,0,0,0,0,14.622999999999999,0.47199999999999998,0,0,0,0,0,0,0,0,0,0,0,0,31.67,หญ้า,หนวดปลาดุก
2023-10-09,หนองคาย,18.1493,103.1288,นาน้ำฝน,ออกรวง,กข15,0,0,0,0,0.90100000000000002,0,0,0,0,0,0,0,0,0,0,0,0,0,13.739000000000001,0,0,0,0,27.928000000000001,0,0,0,0,0,0,0,0,5,พืชใบเลี้ยงคู่ใบกว้าง,ผักบุ้ง
2023-10-16,หนองคาย,17.974699999999999,102.92059999999999,นาน้ำฝน,ตั้งท้อง,ขาวดอกมะลิ105,0,0,0,0,0,0,0,0,0,0,0,0,0,0,0,0,0,0,17.5,0.27800000000000002,2.5,0,0,0,0,0,0,0,0,0,0,0,10,พืชใบเลี้ยงคู่ใบกว้าง,เทียนนา ผักบุ้ง
45189,เชียงราย,19.512702000000001,99.990938,นาน้ำฝน,แตกกอ,กข6,0,0,0,0,0,0,0,0,0,0,40.625,0,0,0,0,0,0,0,0,0,0,0,0,0,0,0,0,0,0,0,0,0,0,NA,NA
45189,เชียงราย,19.499206000000001,99.980249999999998,นาน้ำฝน,ก่อนเก็บเกี่ยวเกี่ยว,กขไม่ทราบพันธุ์แม่โจ้ 2,0,0,0,0,0,0,0,0,0,0,0,0,0,0,0,0,0,0,47.712000000000003,0,0,0,0,0,0,0,0,0,0,0,0,0,20,หญ้า,หญ้าข้าวนก
45189,เชียงราย,19.704875000000001,100.12203100000001,นาน้ำฝน,แตกกอ,ข้าวเหนียวเขี้ยวงู,0,0,0,0,0,0,0,0,0,0,3.3,0.8,0,0,0,0,0,0,0,18.344999999999999,0,0,0,0,0,0,0,0,0,0,0,0,5,พืชใบเลี้ยงคู่ใบกว้าง,ผักปอดนา
45189,เชียงราย,19.722560000000001,100.141873,นาน้ำฝน,แตกกอ,ขาวดอกมะลิ 105,0,0,0,0,0,0,0,0,0,0,0,0.2,0,0,0,0,11.616,0,0,4.5449999999999999,0,0,0,0,0,0,0,0,0,0,0,0,0,NA,NA
45217,แม่ฮ่องสอน,19.395147000000001,98.449031000000005,นาน้ำฝน,ออกดอก,สันป่าตอง 1,0.88100000000000001,0,0,0,0,0,0,0,0,1.351,0,0,0,0,0,0,0,0,5.0190000000000001,2.1240000000000001,0,0,0,0,0,0,0,0,0,0,0,0,3.3332999999999999,พืชใบเลี้ยงคู่ใบกว้าง,ผักปอดนา
45218,เชียงใหม่,19.089545000000001,98.850532999999999,นาน้ำฝน,ออกรวง,สันป่าตอง 1,4.58,0,0,0,1.587,0,0,0,0,0,0,0,0,0,0,0,0,0,9.1069999999999993,1.093,0,0,0,7.1429999999999998,0,0,0,0,0,0,0,0,0,NA,NA
45197,เชียงราย,19.845001,99.70393,นาชลประทาน,ก่อนเก็บเกี่ยวเกี่ยว,ก.วก.2,0,0,0,0,0.59499999999999997,0,0,0,0,0,0,0,0,0,0,0,0,0,19.152000000000001,7.1639999999999997,0,0,0,47.024000000000001,0,0,0,0,0,0,0,0,3.3330000000000002,กก,หนวดปลาดุก
45217,แม่ฮ่องสอน,19.341576,98.445447000000001,นาชลประทาน,ออกดอก,ขาวดอกมะลิ 105,0,0,0,0,0,0,0,0,0,0.377,1.00,0.6,0,0,0,0,0,0,15.22,0,0,0,0,0,0,0,0,0,0,0,0,0,0,NA,NA
45219,เชียงใหม่,18.840123999999999,99.046488999999994,นาชลประทาน,ตั้งท้อง,กข6 เตี้ย,0,0,0,0,0,0,0,0,0,1.911,0,0.5,0,0,0,0,0,0,2.8029999999999999,2.0379999999999998,0,0,0,0,0,0,0,0,0,0,0,0,1.6667000000000001,หญ้า,NA
45219,เชียงใหม่,18.918869000000001,99.135166999999996,นาชลประทาน,ออกรวง,สันป่าตอง 1,25.373000000000001,0,0,0,0,0,0,0,0,0,0,0,0,0,0,0,0,0,21.786000000000001,11.429,0,0,0,10.448,0,0,0,0,0,0,0,0,10,กก,หนวดปลาดุก
45219,เชียงใหม่,18.996825000000001,99.279590999999996,นาชลประทาน,ออกดอก,บือวา,0,0,0,4.3479999999999999,0,0,0,0,0,0.26500000000000001,0,0,0,0,0,0,0,0,2.1219999999999999,0,0,0,0,3.2610000000000001,0,0,0,0,0,0,0,0,1.6666700000000001,พืชใบเลี้ยงคู่ใบกว้าง,ขาเขียด
45219,เชียงราย,19.670506,99.552099999999996,นาชลประทาน,ออกรวง,สันป่าตอง 1,0,0,0,0,1.087,0,0,0,0,1.208,0,0,0,0,0,0,0,0,1.208,0,0,0,0,14.13,0,0,0,0,0,0,0,0,0,NA,NA
2023-11-14,อุทัยธานี,15.304220000000001,99.721149999999994,นาชลประทาน,ตั้งท้อง,กข41,0,0,1.087,0,0,0,0,0,0,0.96199999999999997,0,0,0,0,0,0,0,0.24,32.692,3.3650000000000002,3.8460000000000001,0,0,0,0,0,0,0,0,0,0,0,0,NA,NA
2023-11-14,อุทัยธานี,15.30864,99.712230000000005,นาชลประทาน,แตกกอ,กข85,0,0,0.83299999999999996,2.5,0,0,0,0,0,0.58699999999999997,0,0,0,0,0,0,0,0,0.39100000000000001,0.58699999999999997,1.9570000000000001,0,0,0,0,0,0,0,0,0,0,0,8.33,หญ้า,หญ้าดอกขาว
2023-11-14,อุทัยธานี,15.30902,99.706479999999999,นาชลประทาน,แตกกอ,กข41,0,0,0,0,0,0,0,0,0,0,0,0,0,0,0,0,0,0,2.266,0,0,0,0,0,0,0,0,0,0,0,0,0,0,NA,NA
2023-11-14,อุทัยธานี,15.29984,99.685379999999995,นาชลประทาน,แตกกอ,ปทุมธานี 1,0,0,1.099,1.099,0,0,0,0,0,0,0,0,0,0,0,0,0,0,2.6389999999999998,0.52800000000000002,0.26400000000000001,0,0,0,0,0,0,0,0,0,0,0,0,NA,NA
2023-11-14,อุทัยธานี,15.314209999999999,99.654269999999997,นาชลประทาน,แตกกอ,กข79,0,0,0,0,0,0,0,0,0,0,1,0,0,0,0,0,0,0,0.38600000000000001,0,1.1579999999999999,0,0,0,0,0,0,0,0,0,0,0,0,NA,NA
2023-11-14,อุทัยธานี,15.31232,99.652450000000002,นาชลประทาน,ออกรวง,ปทุมธานี 1,0,0,0,1.724,0,0,0,0,0,1.976,0,0,0,0,0,0,0,0,0,39.526000000000003,0,0,0,0,0,0,0,0,0,0,0,0,1.67,หญ้า,หญ้าข้าวนก
2023-11-14,อุทัยธานี,15.34094,99.621480000000005,นาชลประทาน,แตกกอ,ปทุมธานี 1,0,0,0,0,0,0,0,0,0,0,1,0,0,0,0,0,0,0,22.914000000000001,7.9210000000000003,0,0,0,0,0,0,0,0,0,0,0,0,0,NA,NA
2023-11-14,อุทัยธานี,15.39616,99.57893,นาชลประทาน,แตกกอ,ปทุมธานี 1,0,0,0,13.635999999999999,0,0,0,0,0,0.89300000000000002,0,0,0,0,0,0,0,0,1.339,14.955,2.2320000000000002,0,0,0,0,0,0,0,0,0,0,0,5,หญ้า,หญ้าแพรก
2023-11-14,อุทัยธานี,15.40751,99.692620000000005,นาชลประทาน,แตกกอ,กข85,0,0,0,18.181999999999999,0,0,0,0,0,0,0,0,0,0,0,0,0,0,1.258,18.239000000000001,1.258,0,0,0,0,0,0,0,0,0,0,0,3.33,พืชใบเลี้ยงคู่ใบกว้าง,ผักปอดนา
2023-11-14,อุทัยธานี,15.403510000000001,99.806610000000006,นาชลประทาน,แตกกอ,กข85,0,0,2.5419999999999998,74.575999999999993,0,0,0,0,0,0.84699999999999998,6,0,0,0,0,0,0,0,7.415,18.007999999999999,0.21199999999999999,0,0,0,0,0,0,0,0,0,0,0,0,NA,NA
2023-11-29,นครสวรรค์,15.771140000000001,100.45479,นาชลประทาน,แตกกอ,กข41,0,0,0,0,0,0,0,0,0,33.761000000000003,10,0,0,0,0,0,0,3.419,6.6239999999999997,1.7090000000000001,0,0,0,0,0,0,0,0,0,0,0,0,0,NA,NA
2023-11-29,นครสวรรค์,15.80569,100.48348,นาชลประทาน,ระยะกล้า,กข41,0,0,0,0,0,0,0,0,0,0,0,0,0,0,0,0,0,0,7.7160000000000002,0,0,0,0,0,0,0,0,0,0,0,0,0,0,NA,NA
2023-11-29,นครสวรรค์,15.81348,100.49097,นาชลประทาน,แตกกอ,กข41,0,0,7.609,0,0,0,0,0,0,14.673999999999999,6,0,0,0,0,0,0,0,7.3369999999999997,1.087,2.9889999999999999,0,0,0,0,0,0,0,0,0,0,0,5,กก,หนวดปลาดุก
2023-11-29,นครสวรรค์,15.822179999999999,100.50859,นาชลประทาน,แตกกอ,พิษณุโลก 2,0,0,0,0,0,0,0,0,0,28.099,10,0,0,0,0,0,0,0,0,1.0329999999999999,0.41299999999999998,0,0,0,0,0,0,0,0,0,0,0,5,กก,กกทราย
45256,ตาก,17.037897999999998,98.628129000000001,ข้าวไร่ที่สูงขังน้ำ,ออกรวง,ไม่ทราบชื่อ,0,0,0,0,0,0,0,0,0,0,0,0,0,0,0,0,0,0,3.1379999999999999,4.0490000000000004,0,0,0,49.338999999999999,0,24.67,0,0,0,0,0,0,5,หญ้า,หญ้าข้าวนก
2023-11-29,นครสวรรค์,15.83015,100.57626999999999,นาชลประทาน,ออกดอก,กข41,0,0,13.635999999999999,0,0,0,0,0,0,17.273,1,0,0,0,0,0,0,0,0,2.9550000000000001,2.0449999999999999,0,0,0,0,0,0,0,0,0,0,0,0,NA,NA
2023-11-29,นครสวรรค์,15.81944,100.25747,นาชลประทาน,แตกกอ,หอมพวง เบอร์ 5,0,0,0,0,0,0,0,0,0,57.143000000000001,1,0,0,0,0,0,0,0,3.8780000000000001,0,0,0,0,0,0,0,0,0,0,0,0,0,0,NA,NA
45256,ตาก,17.069279000000002,98.729242999999997,นาน้ำฝน,ออกรวง,ไม่ทราบพันธุ์,5.66,0,0,7.0750000000000002,0.98,0,0,0,0,0.70799999999999996,0,0,0,0,0,0,0,0,4.0090000000000003,0,0,0,0,48.039000000000001,0,0,0,0,0,0,0,0,3.3332999999999999,พืชใบเลี้ยงคู่ใบกว้าง,NA
2023-11-20,อุตรดิตถ์,17.294599999999999,100.06019999999999,นาน้ำฝน,ตั้งท้อง,ข้าวจากร้านค้าเอกชน,0,0,0,2.0499999999999998,0,0,0,0,0,0,2.53,0.15,0,0,0,0,0,0,0,0,0,0,0,0,0,0,0,0,0,0,0,0,0,NA,NA
2023-11-22,อุตรดิตถ์,17.340399999999999,100.05410000000001,นาน้ำฝน,ออกรวง,กข85,0,0,0,0,0,0,0,0,0,0,0,0,0,0,0,0,5.47,25.14,11.83,0,1.92,0,0,25,3.69,0,0,0,0,0,0,0,0,NA,NA
2023-11-22,สุโขทัย,16.956700000000001,100.05670000000001,นาน้ำฝน,ตั้งท้อง,ข้าวจากร้านค้าเอกชน,0,0,0,0,0,0,0,0.53,0,1.07,0,0,0,0,0,0,6.65,0,0.71,0,0.53,0,0,0,0,0,0,0,0,0,0,0,0,พืชใบเลี้ยงคู่ใบกว้าง,ผักปอดนา ผักแว่น
2023-11-22,สุโขทัย,16.9346,100.0538,นาน้ำฝน,ออกรวง,ข้าวจากร้านค้าเอกชน,0,0,0,4.43,0,0,0,0,0,3.72,0,0,0,0,0,0,0,0,2.2999999999999998,0,0.7,0,0,20.03,0.53,0,3.19,0,0,0,0,0,0,NA,NA
2023-11-23,สุโขทัย,17.3338,100.00830000000001,นาน้ำฝน,ออกรวง,ข้าวจากร้านค้าเอกชน,0,0,0,5.3,0,0,0,0,0,2.73,0,0,0,0,0,0,0,0,7.87,0,3.93,0,0,24.14,2.0499999999999998,0,0,0,0,0,0,0,10,หญ้า,หญ้าข้าวนก ผักปอดนา
2023-11-23,สุโขทัย,17.2971,99.975300000000004,นาน้ำฝน,ออกรวง,ไม่พบเกษตรกร,0,0,0,2.7,0,0,0,0,0,1.87,0,0,0,0,0,0,0,0,10,0,2.5,0,0,25,0,0,0,0,0,0,0,0,0,NA,NA
2023-11-23,สุโขทัย,17.225899999999999,99.950500000000005,นาน้ำฝน,ออกรวง,กข61,0,0,0,7.01,0,0,0,0,0,1.97,0,0,0,0,0,0,0,0,5.57,0,0.53,0,0,3.95,0,0,0,0,0,0,0,0,0,NA,NA
2023-11-23,สุโขทัย,17.145900000000001,99.886300000000006,นาน้ำฝน,ออกรวง,กข79,0,0,0,0,0,0,0,0,0,0.56999999999999995,0,0,0,0,0,0,1.1499999999999999,0,9.42,90.38,0.56999999999999995,0,0,21.92,0,0,0,0.96,0,0,0,0,0,NA,NA
2023-12-15,อุทัยธานี,15.300829999999999,100.03977999999999,นาชลประทาน,แตกกอ,กข41,0,0,0,0,0,0,6.641,0,0,0,0,0,0,0,0,2,0,0,7.8129999999999997,0,0,0,0,0,0,0,0,0,0,0,0,0,0,NA,NA
2023-12-15,อุทัยธานี,15.30364,99.040030000000002,นาชลประทาน,แตกกอ,กข41,0,0,0,0.61299999999999999,0,0,0.153,0,0,0,1,0,0,0,0,0,0,0,2.4540000000000002,0.153,0.153,0,0,0,0,0,0,0,0,0,0,0,0,NA,NA
2023-12-15,อุทัยธานี,15.30982,100.03207,นาชลประทาน,แตกกอ,กข41,0,0,0,0,0,0,0,0.26900000000000002,0,0.26900000000000002,0,0,0,0,0,0,0,0,2.1509999999999998,0.26900000000000002,0.53800000000000003,0,0,0,0,0,0,0,0,0,0,0,3.3330000000000002,หญ้า,หญ้าข้าวนก
2023-12-15,อุทัยธานี,15.33292,100.05876000000001,นาชลประทาน,แตกกอ,กข41,0,0,0,3.67,0,3,0,1.147,0,8.7159999999999993,1,0,0,0,0,0,0,0,1.147,0,0,0,0,0,0,0,0,0,0,0,0,0,1.667,กก,หนวดปลาดุก
2023-12-15,อุทัยธานี,15.330209999999999,100.05747,นาชลประทาน,แตกกอ,กข41,0,0,0,0,0,0,0,0,0,0,1,0,0,0,0,0,0,0,1.9119999999999999,0,0,0,0,0,0,0,0,0,0,0,0,0,0,NA,NA
2023-12-15,อุทัยธานี,15.31671,100.02455999999999,นาชลประทาน,ตั้งท้อง,กข85,0,0,0,0,0,0,0,0.45500000000000002,0,0.45500000000000002,1,0,0,0,0,0,0,0,4.0910000000000002,0,0.45500000000000002,0,0,0,0,0,0,0,0,0,0,0,0,NA,NA
2023-12-15,อุทัยธานี,15.423489999999999,99.655889999999999,นาชลประทาน,ตั้งท้อง,กข41,0,0,0,20.253,0,0,0,0,0,0.94899999999999995,0,0,0,0,0,0,0,0,2.532,0,0,0,0,0,0,0,0,0,0,0,0,0,0,NA,NA
2023-12-15,อุทัยธานี,15.44007,99.659310000000005,นาชลประทาน,แตกกอ,กข47,0,0,0,1.149,0,0,0,0,0,2.448,0,0,0,0,0,0,0,0,7.343,0,0.69899999999999995,0,0,0,0,0,0,0,0,0,0,0,5,หญ้า,หญ้าข้าวนก
2023-12-15,อุทัยธานี,15.428269999999999,99.649360000000001,นาชลประทาน,แตกกอ,กข61,0,0,0,14.183999999999999,0,0,0,0,0,1.103,1,0,0,0,0,0,0,0,0.55100000000000005,0,0,0,0,0,0,0,0,0,0,0,0,0,3.3330000000000002,กก,หนวดปลาดุก
2023-12-15,อุทัยธานี,15.363759999999999,99.620230000000006,นาชลประทาน,แตกกอ,กข61,0,0,0,15.476000000000001,0,0,0,0,0,0.872,0,0,0,0,0,0,0,0,5.8140000000000001,0,0,0,0,0,0,0,0,0,0,0,0,0,1.667,พืชใบเลี้ยงคู่ใบกว้าง,ผักปอดนา
2023-10-17,อุดรธานี,17.419699999999999,102.6114,นาน้ำฝน,ตั้งท้อง,พม่า,0,0,5.1950000000000003,0,0,0,0,0,0,0,0,0,0,0,0,0,2.0779999999999998,0,2.3380000000000001,0.26,0,0,0,0,0,0,0,0,0,0,0,0,20,หญ้า,หญ้าตีนกา
2023-10-17,อุดรธานี,17.419699999999999,102.6114,นาน้ำฝน,ออกดอก,กข6,0,0,0,0,0,0,0,0,0,0,0,0,0,0,0,0,0,0,1.071,0.35699999999999998,3.5710000000000002,0,0,0,0,0,0,0,0,0,0,0,10,หญ้า,ตีนกา
2023-10-17,อุดรธานี,17.442499999999999,102.6049,นาน้ำฝน,ออกดอก,กข6,0,0,0,0,0,0,0,0,0,0,0,0,0,0,0,0,1.7050000000000001,0,3.6930000000000001,0,1.9890000000000001,0,0,0,0,0,0,0,0,0,0,0,10,พืชใบเลี้ยงคู่ใบกว้าง,เทียนนา
2023-10-17,อุดรธานี,17.463999999999999,102.61045,นาน้ำฝน,ตั้งท้อง,กข6,0,0,0,0,0,0,0,0,0,0,0,0,0,0,0,0,1.875,0,1.5629999999999999,0,2.8130000000000002,0,0,0,0,0,0,0,0,0,0,0,5,พืชใบเลี้ยงคู่ใบกว้าง,เทียนนา
2023-11-01,สกลนคร,17.3629,103.7847,นาน้ำฝน,ออกรวง,ขาวดอกมะลิ105,0,0,0,0,0,0,0,0,0,0,0,0,0,0,0,0,0,0,6.92,0,1.1160000000000001,0,0,18.75,0,0,0,0,0,0,0,0,0,NA,NA
2023-11-01,สกลนคร,17.365600000000001,103.7899,นาน้ำฝน,ออกรวง,ขาวดอกมะละ105,0,0,0,0,2.5640000000000001,0,0,0,0,0,0,0,0,0,0,0,0,0,24.038,0,0,0,0,24.359000000000002,0,1.282,0,0,0,0,0,0,18.329999999999998,กก,ดอกขาว
2023-11-01,สกลนคร,17.726882,103.872235,นาน้ำฝน,ออกรวง,กข6,0,0,0,0,0,0,0,0,0,0,0,0,0,0,0,0,0,0,22.917000000000002,0,2.0830000000000002,0,0,32.203000000000003,0,0,0,0,0,0,0,0,80,หญ้า,ข้าวนก
2023-11-13,สุรินทร์,14.9963,103.48690000000001,นาน้ำฝน,ออกดอก,ขาวดอกมะลิ105,0,0,0,0,2.9409999999999998,0,0,0,0,0,0,0,0,0,0,0,0,0,26.056000000000001,0,0,0,0,97.058999999999997,0,0,0,0,0,0,0,0,0,NA,NA
2023-11-13,สุรินทร์,14.993,103.4807,นาน้ำฝน,ออกรวง,ขาวดอกมะลิ105,0,0,0,0,1.37,0,0,0,0,0,0,0,0,0,0,0,0,0,11.504,0.88500000000000001,0,0,0,98.63,0,1.37,0,0,0,0,0,0,0,NA,NA
2023-11-13,สุรินทร์,14.9924,103.4804,นาน้ำฝน,ออกรวง,ขาวดอกมะลิ105,0,0,0,0,1.2050000000000001,0,0,0,0,0,0,0,0,0,0,0,0,0,45.238,0,0,0,0,79.518000000000001,0,1.2050000000000001,0,0,0,0,0,0,0,NA,NA
2023-11-13,สุรินทร์,14.974500000000001,103.4646,นาน้ำฝน,ก่อนเก็บเกี่ยวเกี่ยว,ขาวดอกมะลิ105,0,0,0,0,1.25,0,0,0,0,0,0,0,0,0,0,0,0,0,59.756,1.22,0,0,0,78.75,0,3.75,0,0,0,0,0,0,0,NA,NA
2023-11-13,สุรินทร์,15.0023,103.47799999999999,นาน้ำฝน,ออกรวง,ขาวดอกมะลิ105,0,0,0,0,2.6320000000000001,0,0,0,0,0,0,0,0,0,0,0,0,0,92.405000000000001,0,0,0,0,85.525999999999996,0,2.6320000000000001,0,0,0,0,0,0,6.6669999999999998,พืชใบเลี้ยงคู่ใบกว้าง,เทียนนา
2023-11-16,อุบลราชธานี,15.3299,104.6876,นาน้ำฝน,ออกรวง,กข6,0,0,0,0,0,0,0,0,0,0,0,0,0,0,0,0,0,0,0,2.9849999999999999,0,0,0,62.121000000000002,0,6.0609999999999999,0,0,0,0,0,0,0,NA,NA
2023-11-16,อุบลราชธานี,15.330299999999999,104.69289999999999,นาน้ำฝน,ออกรวง,กข6,0,0,0,0,0,0,0,0,0,0,0,0,0,0,0,0,0,0,2.9849999999999999,0,0,0,0,16.417999999999999,0,0,0,0,0,0,0,0,0,NA,NA
2023-11-17,อุบลราชธานี,15.388999999999999,104.72199999999999,นาน้ำฝน,ออกรวง,ขาวดอกมะลิ105,0,0,0,0,0,0,0,0,0,0,0,0,0,0,0,0,0,0,96.97,0,0,0,0,89.230999999999995,0,3.077,0,0,0,0,0,0,0,NA,NA
2023-11-17,อุบลราชธานี,15.388500000000001,104.7235,นาน้ำฝน,ออกรวง,ขาวดอกมะลิ105,0,0,0,0,3.6360000000000001,0,0,0,0,0,0,0,0,0,0,0,0,0,86.441000000000003,0,0,0,0,78.182000000000002,0,1.8180000000000001,0,0,0,0,0,0,0,NA,NA
2024-01-16,สกลนคร,17.675599999999999,103.99979999999999,นาน้ำฝน,ระยะกล้า,อีแดงเล้าแตก,0,0,9.2590000000000003,0,0,0,0.38800000000000001,0,0,0,0.1,0.1,0,0,0,0,0,0,0.19400000000000001,0,0,0,0,0,0,0,0,0,0,0,0,0,0,NA,NA
2024-01-16,สกลนคร,17.678699999999999,104.0155,นาชลประทาน,ระยะกล้า,เหียวหนองคาย,0,0,6.7569999999999997,0,0,0,0,0,0,0,0,0,0,0,0,0,0,0,4.0540000000000003,0.54100000000000004,0,0,0,0,0,0,0,0,0,0,0,0,0,NA,NA
2024-01-16,สกลนคร,17.321300000000001,103.8766,นาชลประทาน,ระยะกล้า,407,0,0,0,0,0,0,0,0,0,0,0,0,0,0,0,0,0,0,1.786,0,0,0,0,0,0,0,0,0,0,0,0,0,0,NA,NA
2024-01-16,สกลนคร,17.317499999999999,103.8775,นาชลประทาน,ระยะกล้า,เจ้า,0,0,0,0,0,0,0,0,0,0,0,0,0,0,0,0,0,0,1.256,0,0,0,0,0,0,0,0,0,0,0,0,0,0,NA,NA
2024-01-17,นครพนม,17.608799999999999,104.2388,นาชลประทาน,แตกกอ,กข22,0,0,0,0,0,0,0,0,0,0,0,0,0,0,0,0,0,0,5.2779999999999996,0,0,0,0,0,0,0,0,0,0,0,0,0,0,NA,NA
2024-01-17,นครพนม,17.6112,104.23009999999999,นาชลประทาน,ระยะกล้า,กข22,0,0,0,0,0,0,0,0,0,0,0,0,0,0,0,0,0,0,3.83,0.21299999999999999,0,0,0,0,0,0,0,0,0,0,0,0,0,NA,NA
2024-01-17,นครพนม,17.6584,104.4409,นาชลประทาน,ระยะกล้า,กข22,0,0,0,0,0,0,0,0,0,0,0,0,0,0,0,0,0,0,20,0,0,0,0,0,0,0,0,0,0,0,0,0,0,NA,NA
2024-01-17,นครพนม,17.601099999999999,104.5455,นาชลประทาน,ระยะกล้า,ลี้นก,0,0,0,0,0,0,0,0,0,0,0,0,0,0,0,0,0,0,5.0209999999999999,0,0,0,0,0,0,0,0,0,0,0,0,0,0,NA,NA
2024-01-18,สกลนคร,17.21285,104.06927,นาชลประทาน,ระยะกล้า,เล้าแตก,0,0,0,0,0,0,0,0,0,0,0,0,0,0,0,0,0,0,2.5710000000000002,0,0,0,0,0,0,0,0,0,0,0,0,0,0,NA,NA
2024-01-18,สกลนคร,17.211600000000001,104.0779,นาชลประทาน,ระยะกล้า,เล้าแตก,0,0,0,0,0,0,0,0,0,0,0,0,0,0,0,0,0,0,3.6760000000000002,0,0.36799999999999999,0,0,0,0,0,0,0,0,0,0,0,0,NA,NA
2024-01-18,สกลนคร,17.250900000000001,104.0669,นาชลประทาน,ระยะกล้า,กข22,0,0,0,0,0,0,0,0,0,0,0,0,0,0,0,0,0,0,2.8130000000000002,0,0,0,0,0,0,0,0,0,0,0,0,0,0,NA,NA
2024-01-18,สกลนคร,17.2209,104.2169,นาชลประทาน,ระยะกล้า,กข22,0,0,0,0,0,0,0,0,0,0,0,0,0,0,0,0,0,0,3.6139999999999999,0,0,0,0,0,0,0,0,0,0,0,0,0,0,NA,NA
2024-01-18,สกลนคร,17.223700000000001,104.2218,นาชลประทาน,ระยะกล้า,กข22,0,0,0,0,0,0,0,0,0,0,0,0,0,0,0,0,0,0,4.1399999999999997,0,0,0,0,0,0,0,0,0,0,0,0,0,0,NA,NA
2024-01-18,สกลนคร,17.171800000000001,104.2743,นาชลประทาน,ระยะกล้า,กข22,0,0,0,0,0,0,0,0,0,0,0,0,0,0,0,0,0,0,0.39500000000000002,0,0,0,0,0,0,0,0,0,0,0,0,0,0,NA,NA
2024-01-19,นครพนม,17.237400000000001,104.79510000000001,นาชลประทาน,ระยะกล้า,กข10,0,0,0,0,0,0,0,0,0,0,0,0,0,0,0,0,0,0,0.318,0,0,0,0,0,0,0,0,0,0,0,0,0,0,NA,NA
2024-01-19,นครพนม,17.236999999999998,104.8014,นาชลประทาน,ระยะกล้า,เหนียวอุบล,0,0,0,0,0,0,0,0,0,0,0,0,0,0,0,0,0,0,1.429,0,0,0,0,0,0,0,0,0,0,0,0,0,0,NA,NA
2024-01-19,นครพนม,17.217580000000002,104.79446,นาชลประทาน,ระยะกล้า,กข10,0,0,0,0,0,0,0,0,0,0,0,0,0,0,0,0,0,0,0.96199999999999997,0,0,0,0,0,0,0,0,0,0,0,0,0,0,NA,NA
2024-01-19,นครพนม,17.069198,104.570921,นาชลประทาน,แตกกอ,กข10,0,0,0,0,0,0,0,0,0,0,0,0,0,0,0,0,0,0,1.8420000000000001,0,0.26300000000000001,0,0,0,0,0,0,0,0,0,0,0,0,NA,NA
2024-01-19,นครพนม,17.020012999999999,104.725409,นาชลประทาน,ระยะกล้า,กข10,0,0,0,0,0,0,0,0,0,0,0,0,0,0,0,0,0,0,0.89100000000000001,0,0,0,0,0,0,0,0,0,0,0,0,0,0,NA,NA
2024-01-19,นครพนม,17.020012999999999,104.725409,นาชลประทาน,ระยะกล้า,กข22,0,0,0,0,0,0,0,0,0,0,0,0,0,0,0,0,0,0,1.393,0,0,0,0,0,0,0,0,0,0,0,0,0,0,NA,NA
2024-01-23,สกลนคร,16.46,103.5667,นาชลประทาน,ระยะกล้า,กข22,0,0,0,0,0,0,0,0,0,0,0,0,0,0,0,0,0,0,2.3029999999999999,0,0,0,0,0,0,0,0,0,0,0,0,0,0,NA,NA
2024-01-23,สกลนคร,16.459099999999999,103.57,นาชลประทาน,แตกกอ,กข22,0,0,2.1509999999999998,0,0,0,0,0,0,0,0,0,0,0,0,0,0,0,2.8130000000000002,0,0,0,0,0,0,0,0,0,0,0,0,0,0,NA,NA
2024-01-23,สกลนคร,16.438199999999998,103.57850000000001,นาชลประทาน,แตกกอ,กข22,0,0,0,0,0,0,0,0,0,0,0,0,0,0,0,0,0,0,1.3660000000000001,0.27300000000000002,0,0,0,0,0,0,0,0,0,0,0,0,0,NA,NA
2024-01-23,กาฬสินธุ์,16.425699999999999,103.59820000000001,นาชลประทาน,ระยะกล้า,เหีนยวแดง ,0,0,0,0,0,0,0,0,0,0,0,0,0,0,0,0,0,0,0.39700000000000002,0,0,0,0,0,0,0,0,0,0,0,0,0,0,NA,NA
2024-01-23,กาฬสินธุ์,16.2989,103.5676,นาชลประทาน,แตกกอ,กข49,0,0,0,0,0,0,0,0,0,0,0,0,0,0,0,0,0,0,3.0579999999999998,0,0,0,0,0,0,0,0,0,0,0,0,0,0,NA,NA
2024-01-23,กาฬสินธุ์,16.394400000000001,103.1636,นาชลประทาน,ระยะกล้า,เล้าแตก,0,0,0,0,0,0,0,0,0,0,0,0,0,0,0,0,0,0,7.8380000000000001,0,0,0,0,0,0,0,0,0,0,0,0,0,0,NA,NA
2024-01-23,กาฬสินธุ์,16.298500000000001,103.54430000000001,นาชลประทาน,ระยะกล้า,กข49,0,0,0,0,0,0,0,0,0,0,0,0,0,0,0,0,0,0,2.3410000000000002,1.6719999999999999,0,0,0,0,0,0,0,0,0,0,0,0,0,NA,NA
2024-01-23,กาฬสินธุ์,16.281600000000001,103.5371,นาชลประทาน,ระยะกล้า,กข49,0,0,0,0,0,0,0,0,0,0,0,0,0,0,0,0,0,0,0.80300000000000005,0,0,0,0,0,0,0,0,0,0,0,0,0,0,NA,NA
2024-01-23,กาฬสินธุ์,16.268699999999999,103.55070000000001,นาชลประทาน,ระยะกล้า,กข49,0,0,0,0,0,0,0,0,0,0,0,0,0,0,0,0,0,0,0.375,0,0,0,0,0,0,0,0,0,0,0,0,0,0,NA,NA
2024-01-23,กาฬสินธุ์,16.235399999999998,103.6007,นาชลประทาน,ระยะกล้า,กข49,0,0,0,0,0,0,0,0,0,0,0,0,0,0,0,0,0,0,1.145,0,0,0,0,0,0,0,0,0,0,0,0,0,0,NA,NA
2024-01-24,ร้อยเอ็ด,16.217700000000001,103.6116,นาชลประทาน,แตกกอ,กข49,0,0,4.3860000000000001,0,0,0,0,0,0,0,0,0,0,0,0,0,0,0,1.0960000000000001,0,0.439,0,0,0,0,0,0,0,0,0,0,0,40,หญ้า,ข้าวนก
2024-01-24,ร้อยเอ็ด,16.181000000000001,103.59529999999999,นาชลประทาน,ระยะกล้า,กข49,0,0,0,0,0,0,0,0,0,0,0,0,0,0,0,0,0,0,0.29199999999999998,0,0,0,0,0,0,0,0,0,0,0,0,0,80,พืชใบเลี้ยงคู่ใบกว้าง,แพงพวยน้ำ
2024-01-24,ร้อยเอ็ด,16.139900000000001,103.7283,นาชลประทาน,ระยะกล้า,ไม่ทราบพันธุ์,0,0,0,0,0,0,0,0,0,0,0,0,0,0,0,0,0,0,1.22,0,0,0,0,0,0,0,0,0,0,0,0,0,0,NA,NA
2024-01-24,ร้อยเอ็ด,16.199300000000001,103.7552,นาชลประทาน,ระยะกล้า,กข42,0,0,0,0,0,0,0,0,0,0,0,0,0,0,0,0,0,0,1.5629999999999999,0,0,0,0,0,0,0,0,0,0,0,0,0,0,NA,NA
2024-01-24,ร้อยเอ็ด,16.199252000000001,103.755166,นาชลประทาน,ระยะกล้า,กข49,0,0,0,0,0,0,0,0,0,0,0,0,0,0,0,0,0,0,0.17,0,0,0,0,0,0,0,0,0,0,0,0,0,0,NA,NA
2024-01-24,ร้อยเอ็ด,16.183007,103.776253,นาชลประทาน,ระยะกล้า,กข49,0,0,0,0,0,0,0,0,0,0,0,0,0,0,0,0,0,0,1.119,0,0,0,0,0,0,0,0,0,0,0,0,0,0,NA,NA
2024-01-24,ร้อยเอ็ด,16.169049999999999,103.799407,นาชลประทาน,ระยะกล้า,กข49,0,0,0,0,0,0,0,0,0,0,0,0,0,0,0,0,0,0,0.65800000000000003,0,0,0,0,0,0,0,0,0,0,0,0,0,0,NA,NA
2024-01-24,มหาสารคาม,16.213718,103.33201,นาชลประทาน,ระยะกล้า,กข85,0,0,0,0,0,0,0,0,0,0,0,0,0,0,0,0,0,0,0.5,0,0,0,0,0,0,0,0,0,0,0,0,0,0,NA,NA
2024-01-24,มหาสารคาม,16.206233000000001,103.32980000000001,นาชลประทาน,ระยะกล้า,กข85,0,0,0,0,0,0,0,0,0,0,0,0,0,0,0,0,0,0,5.5229999999999997,0,0,0,0,0,0,0,0,0,0,0,0,0,0,NA,NA
2024-01-25,มหาสารคาม,16.208113000000001,103.360023,นาชลประทาน,ระยะกล้า,กข85,0,0,0,0,0,0,0,0,0,0,0,0,0,0,0,0,0,0,0.5,0,0,0,0,0,0,0,0,0,0,0,0,0,0,NA,NA
2024-01-25,มหาสารคาม,16.212430000000001,103.368972,นาชลประทาน,แตกกอ,กข49,0,0,0,0,0,0,0,0,0,0,0,0,0,0,0,0,0,0,0.65800000000000003,0,0,0,0,0,0,0,0,0,0,0,0,0,0,NA,NA
2024-01-25,มหาสารคาม,16.248270000000002,103.084613,นาชลประทาน,ระยะกล้า,กข49,0,0,0,0,0,0,0,0,0,0,0,0,0,0,0,0,0,0,5.9320000000000004,0,0,0,0,0,0,0,0,0,0,0,0,0,0,NA,NA
2024-01-25,มหาสารคาม,16.237300000000001,103.109872,นาชลประทาน,แตกกอ,กข49,0,0,19.443999999999999,0,0,0,0,0,0,0,0,0,0,0,0,0,0,0,8.6809999999999992,0,0,0,0,0,0,0,0,0,0,0,0,0,80,กก,กกทราย
2024-01-25,มหาสารคาม,16.225276999999998,103.138908,นาชลประทาน,แตกกอ,หอมนาคา,0,0,0,0,0,0,0,0,0,0,0,0,0,0,0,0,0,0,0.21199999999999999,0,0,0,0,0,0,0,0,0,0,0,0,0,1.667,กก,กกทราย
2024-01-25,มหาสารคาม,16.234797,103.192633,นาชลประทาน,แตกกอ,ข้าวเหนียว,0,0,0,0,0,0,0,0,0,1.016,0,0,0,0,0,0,0,0,5.6909999999999998,1.22,0,0,0,0,0,0,0,0,0,0,0,0,0,NA,NA
2024-02-25,มหาสารคาม,16.212942000000002,103.211709,นาชลประทาน,แตกกอ,กข49,0,0,0,0,0,0,0,0,0,0,0,0,0,0,0,0,0,0,8.5649999999999995,14.12,0,0,0,0,0,0,0,0,0,0,0,0,0,NA,NA
2024-01-25,มหาสารคาม,16.227979000000001,103.161599,นาชลประทาน,แตกกอ,ข้าวเจ้า,0,0,0,0,0,0,0,0,0,0,0,0,0,0,0,0,0,0,4.048,1.905,0,0,0,0,0,0,0,0,0,0,0,0,0,NA,NA
2024-01-26,ขอนแก่น,16.458428000000001,102.904225,นาชลประทาน,ระยะกล้า,สันป่าตอง,0,0,0,0,0,0,0,0,0,0,0,0,0,0,0,0,0,0,0.42399999999999999,0,0,0,0,0,0,0,0,0,0,0,0,0,0,NA,NA
2024-01-05,ชัยนาท,15.286770000000001,100.03559,นาชลประทาน,แตกกอ,กข41,0,0,0,24.359000000000002,0,0,0,0,0,2.8849999999999998,0,0,0,0,0,0,0,0,9.9359999999999999,0,0,0,0,0,0,0,0,0,0,0,0,0,0,NA,NA
2024-01-05,ชัยนาท,15.287990000000001,100.03858,นาชลประทาน,แตกกอ,กข61,0,0,0.70399999999999996,0,0,0,0,0,0,0,0,0,0,0,0,0,0,0,0,0,0,0,0,0,0,0,0,0,0,0,0,0,0,NA,NA
2024-01-05,ชัยนาท,15.28739,100.02374,นาชลประทาน,ตั้งท้อง,กข41,0,0,3.125,22.655999999999999,0,0,0,0,0,0.81599999999999995,0,0,0,0,0,0,5.71,0,0,12.234999999999999,0,0,0,0,0,0,0,0,0,0,0,0,5,หญ้า,หญ้าข้าวนก
2024-01-05,ชัยนาท,15.28579,100.02163,นาชลประทาน,แตกกอ,กข85,0,0,2.222,0,0,0,0,0,0,1.944,0,0,0,0,0,0,0.27800000000000002,0,5.556,0,0,0,0,0,0,0,0,0,0,0,0,0,1.667,พืชใบเลี้ยงคู่ใบกว้าง,ผักปอดนา
2024-01-05,ชัยนาท,15.275320000000001,100.01164,นาชลประทาน,แตกกอ,กข85,0,0,8.75,0,0,0,0,0,0,0,0,0,0,0,0,0,0,0.625,0.93799999999999994,0,0,0,0,0,0,0,0,0,0,0,0,0,0,NA,NA
2024-01-05,ชัยนาท,15.240880000000001,99.997550000000004,นาชลประทาน,แตกกอ,กข41,0,0,4.9379999999999997,0,0,0,0,0,0,2.4689999999999999,0,0,0,0,0,0,0,0,4.63,1.5429999999999999,0,0,0,0,0,0,0,0,0,0,0,0,3.3330000000000002,กก,หนวดปลาดุก
2024-01-05,ชัยนาท,15.174160000000001,99.996409999999997,นาชลประทาน,แตกกอ,กข41,0,0,3.1909999999999998,0,0,0,0,0,0,0,0,0,0,0,0,0,0,0,2.1280000000000001,0,0,0,0,0,0,0,0,0,0,0,0,0,0,NA,NA
2024-01-05,ชัยนาท,15.134679999999999,99.986789999999999,นาชลประทาน,ระยะกล้า,กข85,0,0,6.0609999999999999,0,0,0,0,0,0,0,0,0,0,0,0,0,0,0,0,0,0,0,0,0,0,0,0,0,0,0,0,0,0,NA,NA
2024-01-05,ชัยนาท,15.11983,100.05452,นาชลประทาน,แตกกอ,กข41,0,0,0,1.7649999999999999,0,0,0,0,0,0.88200000000000001,0,0,0,0,0,0,0,0,5.7350000000000003,0,0,0,0,0,0,0,0,0,0,0,0,0,5,กก,หนวดปลาดุก
2024-01-05,ชัยนาท,15.13095,100.03622,นาชลประทาน,แตกกอ,กข85,0,0,2.6669999999999998,1.778,0,0,0,0,0,0.44400000000000001,0,0,0,0,0,0,0.88900000000000001,0,3.8889999999999998,2.222,0,0,0,0,0,0,0,0,0,0,0,0,0,NA,NA
45295,เชียงราย,20.063610000000001,100.33096,นาชลประทาน,ระยะกล้า,พิษณุโลก 2,0,0,0,0,0,0,0,0,0,0,0,0,0,0,0,0,0,0,4.1669999999999998,0,0,0,0,0,0,0,0,0,0,0,0,0,0,NA,NA
45310,แพร่,18.193210000000001,100.23484500000001,นาชลประทาน,ระยะกล้า,กข72,0,0,0,0,0,0,0,0,0,0,0,0,0,0,0,0,0,0,4.9379999999999997,0,0,0,0,0,0,0,0,0,0,0,0,0,0,NA,NA
45310,แพร่,18.208873000000001,100.259895,นาชลประทาน,แตกกอ,กข14,10.667,0,0,0,0,0,0,0,0,0,0,0,0,0,0,0,0,0,0,62.402000000000001,0,0,0,0,0,0,0,0,0,0,0,0,10,กก,หนวดปลาดุก
45316,เชียงราย,20.307071000000001,99.986883000000006,นาชลประทาน,ระยะกล้า,สันป่าตอง 1,0,0,0,0,0,0,0,0,0,0,0,0,0,0,0,0,0,0,2.419,0,0,0,0,0,0,0,0,0,0,0,0,0,0,NA,NA
45322,เชียงราย,19.521408999999998,99.738202000000001,นาชลประทาน,ระยะกล้า,สันป่าตอง 1,0,0,0,0,0,0,0,0,0,0,0,0,0,0,0,0,0,0,9.7219999999999995,0,0,0,0,0,0,0,0,0,0,0,0,0,0,NA,NA
45324,พะเยา,19.246385,100.00836700000001,นาชลประทาน,แตกกอ,สันป่าตอง 1,0,0,0,0,0,0,0,0,0,0,0,0,0,0,0,0,0,0,9.35,1.016,0,0,0,0,0,0,0,0,0,0,0,0,0,NA,NA
45324,พะเยา,19.24353,100.01220000000001,นาชลประทาน,ระยะกล้า,กข95,0,0,0,0,0,0,0,0,0,0,0,0,0,0,0,0,0,0,0,0,0,0,0,0,0,0,0,0,0,0,0,0,0,NA,NA
45324,พะเยา,19.137983999999999,99.886251999999999,นาชลประทาน,ระยะกล้า,สันป่าตอง 1,0,0,0,0,0,0,0,0,0,0,0,0,0,0,0,0,0,0,2,0,0,0,0,0,0,0,0,0,0,0,0,0,0,NA,NA
45324,พะเยา,19.136292000000001,99.886628000000002,นาชลประทาน,ระยะกล้า,สันป่าตอง 1,0,0,0,0,0,0,0,0,0,0,0,0,0,0,0,0,0,0,0,0,0,0,0,0,0,0,0,0,0,0,0,0,0,NA,NA
45334,ลำปาง,18.383262999999999,99.600104000000002,นาชลประทาน,ระยะกล้า,สันป่าตอง 1,0,0,0,0,0,0,0,0,0,0,0,0,0,0,0,0,0,0,5.8079999999999998,0,0,0,4.04,0,0,0,0,0,0,0,0,0,3.3333300000000001,กก,หนวดปลาดุก
45334,ลำปาง,18.382522000000002,99.602019999999996,นาชลประทาน,ระยะกล้า,กข14,0,0,0,0,0,0,0,0,0,0,0,0,0,0,0,0,0,0,9.6150000000000002,0,0,0,3.077,0,0,0,0,0,0,0,0,0,10,หญ้า,NA
2024-01-17,ชัยนาท,15.11168,100.06144999999999,นาชลประทาน,แตกกอ,กข41,0,0,0,2.339,0,0,0,0,0,3.0739999999999998,0,0,0,0,0,0,0,0,0.32400000000000001,0,0,0,0,0,0,0,0,0,0,0,0,0,3.3330000000000002,กก,กกขนาก
2024-01-17,ชัยนาท,15.10736,100.05677,นาชลประทาน,แตกกอ,กข41,0,0,0,1.887,0,0,0,0,0,0.67800000000000005,0,0,0,0,0,0,0,0,0.33900000000000002,0,0,0,0,0,0,0,0,0,0,0,0,0,0,NA,NA
2024-01-17,ชัยนาท,15.096880000000001,100.05391,นาชลประทาน,แตกกอ,กข85,0,0,0,0,0,0,0,0,0,2.0590000000000002,0,0,0,0,0,0,0,0,1.4710000000000001,0,0,0,0,0,0,0,0,0,0,0,0,0,0,NA,NA
2024-01-17,ชัยนาท,15.080539999999999,100.06871,นาชลประทาน,แตกกอ,กข85,0,0,0,1.2050000000000001,0,0,0,0,0,0.33400000000000002,0,0,0,0,0,0,0,0,2.6760000000000002,0,0,0,0,0,0,0,0,0,0,0,0,0,0,NA,NA
2024-01-17,ชัยนาท,15.10013,100.03986999999999,นาชลประทาน,แตกกอ,กข85,0,0,0,0,0,0,0,0,0,0,0,0,0,0,0,0,0,0,0.182,0,0,0,0,0,0,0,0,0,0,0,0,0,0,NA,NA
2024-01-17,ชัยนาท,15.10215,100.02567000000001,นาชลประทาน,แตกกอ,กข95,0,0,0,5.9260000000000002,0,0,0,0,0,2.17,0,0,0,0,0,0,0,0,3.0739999999999998,3.4359999999999999,0,0,0,0,0,0,0,0,0,0,0,0,5,พืชใบเลี้ยงคู่ใบกว้าง,ผักปอดนา
2024-01-17,ชัยนาท,15.11571,100.01257,นาชลประทาน,แตกกอ,กข57,0,0,0,0,0,0,0,0,0,1.3160000000000001,0,0,0,0,0,0,0,0,6.0529999999999999,0,0,0,0,0,0,0,0,0,0,0,0,0,0,NA,NA
2024-01-17,ชัยนาท,15.123010000000001,99.996409999999997,นาชลประทาน,ตั้งท้อง,กข41,0,0,0,0,0,0,0,0,0,3.3130000000000002,0,0,0,0,0,0,0,0,0,0,0,0,0,0,0,0,0,0,0,0,0,0,0,NA,NA
2024-01-17,ชัยนาท,15.16037,100.01598,นาชลประทาน,แตกกอ,กข41,0,0,0,0,0,0,0,0,0,0.36799999999999999,1,0,0,0,0,0,0,0,1.4730000000000001,0,0,0,0,0,0,0,0,0,0,0,0,0,0,NA,NA
2024-01-17,ชัยนาท,15.17202,100.01651,นาชลประทาน,ตั้งท้อง,กข57,0,0,0,11.805999999999999,0,0,0,0,0,0.56599999999999995,1,0,0,0,0,0,0,0,0.189,0.755,0,0,0,0,0,0,0,0,0,0,0,0,0,NA,NA
2023-11-21,อุตรดิตถ์,17.286899999999999,100.06699999999999,นาน้ำฝน,ตั้งท้อง,ไม่ทราบพันธุ์,0,0,0,0,0,0,0,0,0,3.39,0,0,0,0,0,0,0,0,15.5,0.46,0.46,0,0,0,0,0,0,0,0,0,0,0,20,พืชใบเลี้ยงคู่ใบกว้าง,NA
2024-01-12,พิษณุโลก,17.092749000000001,100.150638,นาชลประทาน,ระยะกล้า,ไม่ทราบพันธุ์,0,0,0.28000000000000003,0,0,0,0,0.28000000000000003,0,0.42,0,0,0,0,0,0,0,0,14.95,62.53,0,0,0,0,0,0,0,0,0,0,0,0,3.33,กก,NA
2024-01-12,พิษณุโลก,17.126564999999999,100.09704499999999,นาชลประทาน,ตั้งท้อง,ไม่ทราบพันธุ์,0,0,0,0,0,0,0,0,0,0.8,0,0,0,0,0,0,0,0,27.13,0.66,0.13,0,0,0,0,0,0,0,0,0,0,0,5,หญ้า,หญ้าข้าวนก
2024-01-12,พิษณุโลก,17.128347000000002,100.083491,นาชลประทาน,ออกรวง,ไม่ทราบพันธุ์,0,0,0,0,0,0,0,0,0,0.92,0.52,0.13,0,0,0,0,0,0,36.369999999999997,0,0,0,0,4.2300000000000004,0,0,0.66,0,0,0,0,0,45,หญ้า,หญ้าข้าวนก หญ้าดอกขาว
2024-01-12,พิษณุโลก,17.088153999999999,100.055395,นาชลประทาน,ระยะกล้า,ไม่ทราบพันธุ์,0,0,0,0,0,0,0,0,0,0,0,0,0,0,0,0,0,0,9.8800000000000008,0,0,0,0,0,0,0,0,0,0,0,0,0,0,NA,NA
2024-01-12,พิษณุโลก,17.086617,100.041231,นาชลประทาน,ออกรวง,ข้าวจากร้านค้าเอกชน,0,0,0,0.45,0,0,0,0,0,1.98,0,0,0,0,0,0,0.3,0,10.97,37.340000000000003,0,0,3.81,7.62,0,0,1.21,0,0,0,0,0,20,หญ้า,หญ้าข้าวนก
2024-01-19,พิษณุโลก,17.075913,100.08784,นาชลประทาน,ระยะกล้า,ไม่ทราบพันธุ์,0,0,0,0,0,0,0,0,0,0,0,0,0,0,0,0,0,0,44.44,0,0,0,0,0,0,0,0,0,0,0,0,0,0,NA,NA
2024-01-19,พิษณุโลก,17.064834999999999,100.04200400000001,นาชลประทาน,ระยะกล้า,ไม่ทราบพันธุ์,0,0,0,0,0,0,0,0,0,0,0,0,0,0,0,0,0,0,44.3,1.93,0,0,0,0,0,0,0,0,0,0,0,0,0,NA,NA
2024-01-19,สุโขทัย,17.071216,100.000963,นาชลประทาน,ระยะกล้า,ไม่ทราบพันธุ์,0,0,0,0,0,0,0,0,0,0,0,0,0,0,0,0,0,0,43.95,0,0,0,0,0,0,0,0,0,0,0,0,0,0,NA,NA
2024-01-19,สุโขทัย,17.071210000000001,100.00960000000001,นาชลประทาน,แตกกอ,ไม่ทราบพันธุ์,0,0,0.54,0,0,0,0,0.54,0,0,0,0,0,0,0,0,0,0,6.31,31.59,0,0,0,0,0,0,0,0,0,0,0,0,8.33,พืชใบเลี้ยงคู่ใบกว้าง,ผักบุ้ง
2024-02-09,พิษณุโลก,17.013335999999999,100.332703,นาชลประทาน,ระยะกล้า,กข79,0,0,0,0,0,0,0,0.68,0,0,0,0,0,0,0,0,0,0,9.1300000000000008,3.08,0,0,0,0,0,0,0,0,0,0,0,0,0,NA,NA
2024-02-09,พิษณุโลก,17.050169,100.379411,นาชลประทาน,ระยะกล้า,ไม่ทราบพันธุ์,0,0,0,0,0,0,0,0.28000000000000003,0,0.14000000000000001,0,0,0,0,0,0,0,0,6.93,0.14000000000000001,0,0,0,0,0,0,0,0,0,0,0,0,0,NA,NA
2024-02-27,หนองคาย,17.995010000000001,103.060627,นาชลประทาน,แตกกอ,กข22,0,0,0,0,0,0,0,0,0,0,0,0,0,0,0,0,0,0,6.41,0,0,0,0,0,0,0,0,0,0,0,0,0,1.667,หญ้า,หนวดปลาดุก
2024-02-22,หนองคาย,17.989319999999999,103.07199300000001,นาชลประทาน,ตั้งท้อง,กข22,0,0,0,0,0,0,0,0,0,0,0,0,0,0,0,0,0,0,8.1820000000000004,0,0,0,0,0,0,0,0,0,0,0,0,0,18.329999999999998,หญ้า,"หนวดปลาดุก , หญ้าดอกขาว"
2024-02-27,หนองคาย,17.979686999999998,103.043435,นาชลประทาน,แตกกอ,กข22,0,0,0,0,0,0,0,0,0,0,00,0,0,0,0,0,0,0,19.805,0.32500000000000001,0,0,0,0,0,0,0,0,0,0,0,0,5,หญ้า,หญ้าข้าวนก
2024-02-27,หนองคาย,17.970889,102.999641,นาชลประทาน,แตกกอ,กข22,0,0,0,0,0,0,0,0,0,0,0,0,0,0,0,0,0,0,19.872,0,0,0,0,0,0,0,0,0,0,0,0,0,68.33,หญ้า,หญ้าข้าวนก
2024-02-28,หนองคาย,18.205608999999999,103.159673,นาชลประทาน,แตกกอ,กข22,0,0,0,0,0,0,0,0,0,0,0,0,0,0,0,0,0,0,23.596,2.2469999999999999,0,0,0,0,0,0,0,0,0,0,0,0,31.667000000000002,หญ้า,ข้าวนก
2024-02-28,หนองคาย,18.213851999999999,103.156553,นาชลประทาน,แตกกอ,กข22,0,0,0,0,0,0,0,0,0,0,0,0,0,0,0,0,0,0,13.131,0.253,0,0,0,0,0,0,0,0,0,0,0,0,5,พืชใบเลี้ยงคู่ใบกว้าง,ผักปอดนา
2024-02-28,หนองคาย,18.148382999999999,103.131327,นาชลประทาน,แตกกอ,กข22,0,0,0,0,0,0,0,0,0,0,0,0,0,0,0,0,0,0,22.443000000000001,1.42,0,0,0,0,0,0,0,0,0,0,0,0,18.329999999999998,พืชใบเลี้ยงคู่ใบกว้าง,ผักปอดนา
2024-02-28,หนองคาย,18.178999999999998,103.15672000000001,นาชลประทาน,แตกกอ,กข22,0,0,0,0,0,0,0,0,0,0,0,0,0,0,0,0,0,0,8.3849999999999998,2.2650000000000001,0,0,0,0,0,0,0,0,0,0,0,0,0,NA,NA
2024-02-28,หนองคาย,18.19322,103.176378,นาชลประทาน,แตกกอ,กข22,0,0,0,0,0,0,0,0,0,0,0,0,0,0,0,0,0,0,7.2370000000000001,4.6050000000000004,0,0,0,0,0,0,0,0,0,0,0,0,0,NA,NA
2024-02-28,อุดรธานี,17.830483000000001,103.091336,นาชลประทาน,ตั้งท้อง,กข22,0,0,0,0,0,0,0,0,0,0,0,0,0,0,0,0,0,0,20.625,0.313,0,0,0,0,0,0,0,0,0,0,0,0,0,NA,NA
2024-02-28,อุดรธานี,17.792777000000001,103.11223,นาชลประทาน,ออกดอก,กข22,0,0,0,0,0,0,0,0,0,0,0,0,0,0,0,0,0,0,29.303999999999998,10.256,0,0,0,0,0,0,0,0,0,0,0,0,36.667000000000002,หญ้า,หนวดปลาดุก
2024-02-28,อุดรธานี,17.806887,103.115932,นาชลประทาน,แตกกอ,กข22,0,0,0,0,0,0,0,0,0,0,0,0,0,0,0,0,0,0,4.2859999999999996,8.9290000000000003,0,0,0,0,0,0,0,0,0,0,0,0,0,NA,NA
2024-02-28,อุดรธานี,17.80331,103.115505,นาชลประทาน,แตกกอ,กข22,0,0,0,0,0,0,0,0,0,0,0,0,0,0,0,0,0,0,25,1.149,0.28699999999999998,0,0,0,0,0,0,0,0,0,0,0,0,NA,NA
2024-02-28,อุดรธานี,17.792777000000001,103.11223099999999,นาชลประทาน,แตกกอ,กข22,0,0,0,0,0,0,0,0,0,0,0,0,0,0,0,0,0,0,13.888999999999999,5.556,0.34699999999999998,0,0,0,0,0,0,0,0,0,0,0,10,กก,กกขนาด
2024-02-28,อุดรธานี,17.786237,103.11868800000001,นาชลประทาน,แตกกอ,กข22,0,0,0,0,0,0,0,0,0,0,0,00,0,0,0,0,0,0,5.1829999999999998,0.30499999999999999,0,0,0,0,0,0,0,0,0,0,0,0,5,หญ้า,หนวดปลาดุก
2024-02-29,อุดรธานี,17.40634,102.59174,นาชลประทาน,แตกกอ,กข22,0,0,0,0,0,0,0,0,0,0,0,0,0,0,0,0,0,0,10.667,0.26700000000000002,0,0,0,0,0,0,0,0,0,0,0,0,5,หญ้า,หนวดปลาดุก
2024-02-29,อุดรธานี,17.419684,102.57731699999999,นาชลประทาน,แตกกอ,กข22,0,0,0,0,0,0,0,0,0,0,0,0,0,0,0,0,0,0,5.4690000000000003,0,0,0,0,0,0,0,0,0,0,0,0,0,5,พืชใบเลี้ยงคู่ใบกว้าง,ผักบุ้ง
2024-02-29,อุดรธานี,17.424436,102.592448,นาชลประทาน,แตกกอ,กข22,0,0,0,0,0,0,0,0,0,0,0,0,0,0,0,0,0,0,1.6850000000000001,0,0,0,0,0,0,0,0,0,0,0,0,0,10,หญ้า,หนวดปลาดุก
2024-02-29,อุดรธานี,17.424198000000001,102.59205,นาชลประทาน,แตกกอ,กข22,0,0,0,0,0,0,0,0,0,0,0,0,0,0,0,0,0,0,6.9889999999999999,3.226,0.80600000000000005,0,0,0,0,0,0,0,0,0,0,0,53,พืชใบเลี้ยงคู่ใบกว้าง,ผักบุ้ง
45329,เชียงราย,19.610475000000001,99.785068999999993,นาชลประทาน,แตกกอ,สันป่าตอง 1,7.1429999999999998,0,0,0,0,0,0,0,0,0,0,0,0,0,0,0,0,0,0,13.616,0,0,1.786,0,0,0,0,0,0,0,0,0,1.667,หญ้า,NA
45349,น่าน,18.736902000000001,100.753713,นาชลประทาน,ระยะกล้า,ไม่ทราบพันธุ์ข้าว,0,0,0,0,0,0,0,0,0,0,0,0,0,0,0,0,0,0,20.303000000000001,0,0,0,0,0,0,0,0,0,0,0,0,0,3.33,กก,หนวดปลาดุก
45349,น่าน,18.689712,100.75108899999999,นาชลประทาน,แตกกอ,สันป่าตอง 1,0,0,0,0,0,0,0,0,0,0,0,0,0,0,0,0,0,0,25.349,0,0,0,0,0,0,0,0,0,0,0,0,0,0,NA,NA
45349,น่าน,18.637103,100.740109,นาชลประทาน,แตกกอ,ไม่ทราบพันธุ์ข้าว,0,0,0,0,0,0,0,0,0,0,0,0,0,0,0,0,0,0,10.278,3.3330000000000002,0,0,0,0,0,0,0,0,0,0,0,0,0,NA,NA
45349,น่าน,18.579744000000002,100.742553,นาชลประทาน,แตกกอ,ไม่ทราบพันธุ์ข้าว,0,0,0,0,0,0,0,0,0,0,0,0,0,0,0,0,0,0,23,0,0,0,0,0,0,0,0,0,0,0,0,0,0,NA,NA
45350,แพร่,18.267437999999999,100.204474,นาชลประทาน,แตกกอ,สันป่าตอง 1,0,0,0,0,0,0,0,0,0,0,0,0,0,0,0,0,0,0,0,33.404000000000003,0,0,0,0,0,0,0,0,0,0,0,0,1.667,กก,หนวดปลาดุก
45350,แพร่,18.281489000000001,100.20269,นาชลประทาน,แตกกอ,ไม่ทราบพันธุ์ข้าว,0,0,0,0,0,0,0,0,0,0,0,0,0,0,0,0,0,0,37.195999999999998,0,0,0,0,0,0,0,0,0,0,0,0,0,5,กก,NA
45350,แพร่,18.421679000000001,100.18293,นาชลประทาน,แตกกอ,ไม่ทราบพันธุ์ข้าว,0,0,0,0,0,0,0,0,0,0,0,0,0,0,0,0,0,0,0,33.213999999999999,0,0,0,0,0,0,0,0,0,0,0,0,0,NA,NA
45350,แพร่,18.418534000000001,100.18309000000001,นาชลประทาน,แตกกอ,หอมนาคา,0,0,0,0,0,0,0,0,0,0,0,0,0,0,0,0,0,0,6.5010000000000003,0,0,0,0,0,0,0,0,0,0,0,0,0,0,NA,NA
45358,ลำพูน,18.675545,99.146929,นาชลประทาน,แตกกอ,สันป่าตอง 1,0,0,0,0,0,0,0,0,0,0,0,0,0,0,0,0,0,0,1.29,7.5810000000000004,0,0,0,0,0,0,0,0,0,0,0,0,10,หญ้า,NA
45358,ลำพูน,18.671375000000001,99.144288000000003,นาชลประทาน,แตกกอ,สันป่าตอง 1,0,0,0,0,0,0,0,0,0,0,0,0,0,0,0,0,0,0,26.332999999999998,3,0,0,0,0,0,0,0,0,0,0,0,0,10,กก,NA
45358,ลำพูน,18.503671000000001,98.938148999999996,นาชลประทาน,ตั้งท้อง,สันป่าตอง 1,0,0,0,0,0,0,0,0,0,0,0.2,0.8,0,0,0,0,0,0,0,13.318,0,0,0,0,0,0,0,0,0,0,0,0,3.33,หญ้า,หญ้าข้าวนก
45511,ลำพูน,18.502141999999999,99.938084000000003,นาชลประทาน,แตกกอ,กข22,0,0,0,0,0,0,0,0,0,0,0,0,0,0,0,0,0,0,0,22.359000000000002,0,0,0,0,0,0,0,0,0,0,0,0,5,กก,กกทราย
45359,เชียงใหม่,18.633787999999999,98.882754000000006,นาชลประทาน,แตกกอ,สันป่าตอง 1,2.4390000000000001,0,0,0,0,0,0,0,0,0,0,0,0,0,0,0,0,0,1.474,0.246,0,0,0,0,0,0,0,0,0,0,0,0,3.33,กก,NA
45359,เชียงใหม่,18.63165,98.882148999999998,นาชลประทาน,แตกกอ,สันป่าตอง 1,6.5419999999999998,0,0,0,0,0,0,0,0,0,0,0,0,0,0,0,0,0,14.558999999999999,0,0,0,0,0,0,0,0,0,0,0,0,0,5,กก,กกทราย
45359,เชียงใหม่,18.808176,99.058319999999995,นาชลประทาน,แตกกอ,ไม่ทราบพันธุ์ข้าว,0,0,0,0,0,0,0,0,0,0,0,1.2,0,0,0,0,0,0,3.992,1.05,0,0,0,0,0,0,0,0,0,0,0,0,3.33,กก,กกขนาก
45359,เชียงราย,19.610778,99.785263999999998,นาชลประทาน,แตกกอ,สันป่าตอง 1,0,0,0,0,0,0,47.131,0,0,0,0,0,0,0,0,0,0,0,20.082000000000001,0,0,0,0,0,0,0,0,0,0,0,0,0,3.33,กก,NA
2024-03-05,อุบลราชธานี,15.140017,105.250665,นาชลประทาน,แตกกอ,กข10 ,0,0,0,0,0,0,0,0,0,0,0,0,0,0,0,0,0,0,4.83,0,0,0,0,0,0,0,0,0,0,0,0,0,35,หญ้า,หญ้าข้าวนก หนวดปลาดุก
2024-03-05,อุบลราชธานี,15.13988,105.25079700000001,นาชลประทาน,ออกรวง,กข15,0,0,0,0,0,0,0,0,0,0,0,0,0,0,0,0,0,0,12.778,0,0,0,0,7.7779999999999996,0,0,0,0,0,0,0,0,0,NA,NA
2024-03-05,อุบลราชธานี,15.13988,105.250792,นาชลประทาน,แตกกอ,กข15,0,0,0,0,0,0,0,0,0,0,0,0,0,0,0,0,0,0,5.4349999999999996,0,0,0,0,0,0,0,0,0,0,0,0,0,0,NA,NA
2024-03-05,อุบลราชธานี,15.130894,105.25989199999999,นาชลประทาน,ตั้งท้อง,กข15,0,0,0,0,0,0,0,0,0,0,0,0,0,0,0,0,0,0,10.106,6.383,0,0,0,0,0,0,0,0,0,0,0,0,45,หญ้า,หญ้าข้าวนก
2024-03-05,อุบลราชธานี,15.118143,105.246402,นาชลประทาน,ตั้งท้อง,กข15,0,0,0,0,0,0,0,0,0,0,0,0,0,0,0,0,0,0,11.89,6.0979999999999999,0,0,0,0,0,0,0,0,0,0,0,0,5,หญ้า,หญ้าข้าวนก หนวดปลาดุก ชันกาด
2024-03-06,อุบลราชธานี,15.290146999999999,104.772712,นาชลประทาน,ตั้งท้อง,กข15,0,0,0,0,0,0,0,0,0,0,0,0,0,0,0,0,0,0,6.6269999999999998,24.096,0,0,0,0,0,0,0,0,0,0,0,0,23.33,พืชใบเลี้ยงคู่ใบกว้าง,ผักปอดนา
2024-03-07,นครราชสีมา,15.260007,102.51445,นาชลประทาน,ออกรวง,กข41,0,0,0,0,0,0,0,0,0,0,0,0,0,0,0,0,0,0,9.1579999999999995,0.36599999999999999,0,0,0,0,0,0,0,0,0,0,0,0,40,หญ้า,หญ้าดอกขาว 
2024-03-07,นครราชสีมา,15.256868000000001,102.523459,นาชลประทาน,ออกรวง,กข61,0,0,0,0,0,0,0,0,0,0,0,0,0,0,0,0,0,0,7.9169999999999998,0,0,0,0,14.151,0,0,0,0,0,0,0,0,56.667000000000002,หญ้า,หญ้าข้าวนก
45365,เชียงราย,19.522839000000001,99.729729000000006,นาชลประทาน,แตกกอ,สันป่าตอง 1,3.2610000000000001,0,0,0,0,0,0,0,0,0.217,0,3,0,0,0,0,0,0,25,4.13,0,0,0,0,0,0,0,0,0,0,0,0,8.33,กก,หนวดปลาดุก
2023-09-21,สุพรรณบุรี,14.563940000000001,100.137879,นิเวศข้าวกับพืชอื่น,ระยะกล้า,กข83,0,0,0,0,0,0,0,1.6950000000000001,0,0,0,0,0,0,0,0,0,0,2.5419999999999998,0,0,0,0,0,0,0,0,0,0,0,0,0,0,NA,NA
2023-09-21,สุพรรณบุรี,14.655111,100.075304,นาชลประทาน,แตกกอ,กข41,0,0,2.2730000000000001,0,0,0,0,1.7050000000000001,0,0.189,0,0,0,0,0,0,0,0,3.7879999999999998,0,0.379,0,0,0,0,0,0,0,0,0,0,0,0,NA,NA
45365,เชียงราย,19.59854,99.839280000000002,นาชลประทาน,แตกกอ,สันป่าตอง 1,0,0,0,0,0,0,0,0,0,0,0,0.9,0,0,0,0,0,0,0,27.273,0,0,0,0,0,0,0,0,0,0,0,0,10,พืชใบเลี้ยงคู่ใบกว้าง,ผักปอดนา
2023-09-21,สุพรรณบุรี,14.654719,14.654719,นาชลประทาน,แตกกอ,กข85,0,0,8.6609999999999996,0,0,0,0,3.3460000000000001,0,0.19700000000000001,0,0,0,0,0,0,0,0,5.1180000000000003,0,0.39400000000000002,0,0,0,0,0,0,0,0,0,0,0,1.66,พืชใบเลี้ยงคู่ใบกว้าง,ผักปอดนา
2023-10-12,สุพรรณบุรี,14.563940000000001,100.137879,นิเวศข้าวกับพืชอื่น,แตกกอ,กข83,0,0,0,0,0,0,0,4.923,0,0.308,0,0,0,0,0,0,0,0,6.7690000000000001,0,0.61499999999999999,0,0,0,0,0,0,0,0,0,0,0,18.332999999999998,พืชใบเลี้ยงคู่ใบกว้าง,ผักปอดนา
2023-10-12,สุพรรณบุรี,14.63762,100.36767,นิเวศข้าวกับพืชอื่น,แตกกอ,กข83,0,0,0,0,0,0,0,1.071,0,1.786,0,0,0,0,0,0,0,0,4.6429999999999998,0,1.071,0,0,0,0,0,0,0,0,0,0,0,28.332999999999998,กก,หนวดปลาดุก
2023-10-12,สุพรรณบุรี,14.63762,100.36767,นิเวศข้าวกับพืชอื่น,แตกกอ,กข83,0,0,0,0,0,0,0,1.071,0,1.786,0,0,0,0,0,0,0,0,4.6429999999999998,0,1.071,0,0,0,0,0,0,0,0,0,0,0,28.332999999999998,กก,หนวดปลาดุก
2023-10-18,ชัยนาท,14.9943957,100.1481433,นิเวศข้าวกับพืชอื่น,ระยะกล้า,ไม่ทราบพันธุ์,0,0,0,0,0,0,650,21.428999999999998,0,0,0,0,0,0,0,0,0,0,0,0,0,0,0,0,0,0,0,0,0,0,0,0,0,NA,NA
2023-10-18,ชัยนาท,14.9875448,100.132302,นิเวศข้าวกับพืชอื่น,ออกรวง,ไม่ทราบพันธุ์,15.625,0,31.25,0,0,0,0,0,0,50.877000000000002,0,0,0,0,0,0,0,0,26.315999999999999,0,0,0,0,0,0,0,0,0,0,0,0,0,0,NA,NA
2023-10-18,ชัยนาท,14.988784000000001,100.1393418,นิเวศข้าวกับพืชอื่น,แตกกอ,ไม่ทราบพันธุ์,0,0,2.3809999999999998,0,0,0,0,0,0,1.6479999999999999,0,0,0,0,0,0,0,0,49.451000000000001,0,0,0,0,0,0,0,0,0,0,0,0,0,55,หญ้า,หญ้าดอกขาว
2023-10-18,สุพรรณบุรี,14.622222239999999,100.05992759999999,นาชลประทาน,แตกกอ,ไม่ทราบพันธุ์,0,0,8.3330000000000002,0,0,0,0,0,0,0,0,0,0,0,0,0,0,0,57.576000000000001,0,0,0,0,0,0,0,0,0,0,0,0,0,0,หญ้า,NA
2023-10-19,สุพรรณบุรี,14.612190200000001,100.05886965000001,นาชลประทาน,แตกกอ,กข95,0,0,13.792999999999999,0,0,0,0,0,0,0,1,0,0,0,0,0,0,0,0,0,0,0,0,0,0,0,0,0,0,0,0,0,23.332999999999998,พืชใบเลี้ยงคู่ใบกว้าง,ผักปอดนา
2023-10-19,สุพรรณบุรี,14.609546,100.0704111,นาชลประทาน,ระยะกล้า,ไม่ทราบพันธุ์,0,0,0,0,0,0,0,0,0,0,0,0,0,0,0,0,0,0,32.335000000000001,0,0,0,0,0,0,0,0,0,0,0,0,0,31.666,พืชใบเลี้ยงคู่ใบกว้าง,ผักปอดนา
2023-10-19,สุพรรณบุรี,14.6055721,100.0704111,นาชลประทาน,แตกกอ,กข85,0,0,3.0459999999999998,0,0,0,0,0,0,0.248,0,0,0,0,0,0,0,0,3.8410000000000002,0,0,0,0,0,0,0,0,0,0,0,0,0,0,NA,NA
2023-10-19,สุพรรณบุรี,14.6060078,100.0686623,นาชลประทาน,ระยะกล้า,ไม่ทราบพันธุ์,0,0,0,0,0,0,0,0,0,0,0,0,0,0,0,0,0,0,53.933,0,0,0,0,0,0,0,0,0,0,0,0,0,0,NA,NA
2023-10-19,สุพรรณบุรี,14.6222224,100.05991880000001,นาชลประทาน,แตกกอ,ไม่ทราบพันธุ์,0,0,0,0,0,0,0,0,0,0,0,0,0,0,0,0,0,0,0,0,0,0,0,0,0,0,0,0,0,0,0,0,3.3330000000000002,หญ้า,ผักปอดนา
2023-11-10,สุพรรณบุรี,14.63762,100.13676700000001,นิเวศข้าวกับพืชอื่น,ก่อนเก็บเกี่ยวเกี่ยว,กข83,0,0,0,0,0,0,0,0,0,0,0,0,0,0,0,0,0,0.75800000000000001,23.484999999999999,0,3.4089999999999998,0,0,36.585000000000001,0,0,0,0,0,0,0,0,0,NA,NA
2023-11-10,ลพบุรี,15.102292,100.46292800000001,นิเวศข้าวกับพืชอื่น,แตกกอ,กข79,0,0,0,0,0,0,0,2.9209999999999998,0,0,0,0,0,0,0,0,0,0,9.2129999999999992,0,0,0,0,0,0,0,0,0,0,0,0,0,10,หญ้า,หญ้าข้าวนก
2024-01-15,ลพบุรี,15.094321000000001,100.446719,นิเวศข้าวกับพืชอื่น,แตกกอ,ปทุมธานี 1,0,0,0,0,0,0,0,0,0,1.1080000000000001,0,0,0,0,0,0,0,0,17.728999999999999,0,0,0,0,0,0,0,0,0,0,0,0,0,0,NA,NA
2024-01-15,ลพบุรี,15.094385000000001,100.44643000000001,นิเวศข้าวกับพืชอื่น,ระยะกล้า,กข85,0,0,0,0,0,0,0,0,0,0,0,0,0,0,0,0,0,0,2.6819999999999999,0,0,0,0,0,0,0,0,0,0,0,0,0,0,NA,NA
2024-01-15,ลพบุรี,15.093830000000001,100.44631,นิเวศข้าวกับพืชอื่น,ระยะกล้า,กข41,0,0,0,0,0,0,0,0,0,0,0,0,0,0,0,0,0,0,0,0,0,0,0,0,0,0,0,0,0,0,0,0,1.6659999999999999,หญ้า,หญ้าแห้วหมู
2024-01-15,นครสวรรค์,15.096506,100.447447,นิเวศข้าวกับพืชอื่น,แตกกอ,ปทุมธานี 1,0,0,0,0,0,0,0,0,0,0,0,0,0,0,0,0,0,0,0.99,0,0,0,0,0,0,0,0,0,0,0,0,0,0,NA,NA
2024-01-16,ชัยนาท,15.072827999999999,100.02536000000001,นาชลประทาน,แตกกอ,กข95,0,0,0,0,0,0,0,0,0,0,0,0,0,0,0,0,0,0,48.639000000000003,0,0,0,0,0,0,0,0,0,0,0,0,0,0,NA,NA
2024-01-16,ชัยนาท,15.075988000000001,100.025161,นิเวศข้าวกับพืชอื่น,แตกกอ,กข95,0,0,0,0,0,0,0,0,0,0,0,0,0,0,0,0,0,0,50.256,0,0,0,0,0,0,0,0,0,0,0,0,0,5,กก,หนวดปลาดุก
2024-01-16,ชัยนาท,15.073788,100.061639,นาชลประทาน,ระยะกล้า,กข63,0,0,0,0,0,0,0,0,0,0,0,0,0,0,0,0,0,0,3.4750000000000001,0,0,0,0,0,0,0,0,0,0,0,0,0,0,NA,NA
2024-01-16,ชัยนาท,15.071410999999999,100.109467,นาชลประทาน,ตั้งท้อง,กข63,0,0,0,0,0,0,0,0,0,0,0,0,0,0,0,0,0,0,26.617000000000001,0,0,0,0,0,0,0,0,2.1280000000000001,0,0,0,0,1.6659999999999999,พืชใบเลี้ยงคู่ใบกว้าง,ผักปอดนา
2024-01-22,นครสวรรค์,15.108848,100.448427,นิเวศข้าวกับพืชอื่น,แตกกอ,กข63,0,0,0,0,0,0,0,2.0150000000000001,0,0.252,0,0,0,0,0,0,0,0,26.952000000000002,1.5109999999999999,0,0,0,0,0,0,0,0,0,0,0,0,3.3330000000000002,หญ้า,หญ้าข้าวนก
2024-01-22,นครสวรรค์,15.109532,100.447553,นาชลประทาน,ระยะกล้า,กข85,0,0,0,0,0,0,16.018999999999998,0,0,0,0,0,0,0,0,0,0,0,15.048999999999999,0,0,0,0,0,0,0,0,0,0,0,0,0,20,หญ้า,หญ้าแห้วหมู
2024-01-22,นครสวรรค์,15.110484,100.450441,นาชลประทาน,ระยะกล้า,กข63,0,0,0,0,0,0,2.31,0.99,0,0,0,0,0,0,0,0,0,0,23.762,0,0,0,0,0,0,0,0,0,0,0,0,0,0,NA,NA
2024-01-22,ชัยนาท,14.962657,100.183806,นิเวศข้าวกับพืชอื่น,แตกกอ,กข61,0,0,0,0,0,0,0,3.3330000000000002,0,4.444,0,0,0,0,0,0,0,0,25,0,0,0,0,0,0,0,0,0,0,0,0,0,0,NA,NA
2024-01-17,ปราจีนบุรี,14.010126,101.26567900000001,นาชลประทาน,ระยะกล้า,ไม่ทราบพันธุ์,0,0,0,0,0,0,963.88900000000001,0,0,0,0,1,0,0,0,0,0,0,58.332999999999998,0,0,0,0,0,0,0,0,0,0,0,0,0,0,NA,NA
2024-01-17,ปราจีนบุรี,14.003309,101.266154,นาชลประทาน,ระยะกล้า,ไม่ทราบพันธุ์,0,0,0,0,0,0,0,0,0,0,0,0,0,0,0,0,0,0,45,0,0,0,0,0,0,0,0,0,0,0,0,0,48.332999999999998,หญ้า,หญ้าข้าวนก
2024-01-17,ปราจีนบุรี,14.002071000000001,101.443817,นาชลประทาน,ตั้งท้อง,ไม่ทราบพันธุ์,0,0,0,0,0,0,0,0,0,7.5759999999999996,0,0,0,0,0,0,0,0,0,209.09100000000001,0,0,0,0,0,0,0,0,0,0,0,0,0,NA,NA
2024-01-17,ปราจีนบุรี,14.002071000000001,100.101443817,นาชลประทาน,ออกรวง,ไม่ทราบพันธุ์,0,0,0,0,0,0,0,0,0,6.25,0,0,0,0,0,0,0,0,65.625,0,0,0,0,0,0,0,0,0,0,0,0,0,15,หญ้า,หญ้าข้าวนก
2024-01-17,ปราจีนบุรี,14.0341326,14.0341326,นาชลประทาน,ระยะกล้า,ไม่ทราบพันธุ์,0,0,0,0,0,0,42.390999999999998,0,0,0,0,0,0,0,0,0,0,0,16.303999999999998,0,0,0,0,0,0,0,0,0,0,0,0,0,0,NA,NA
2024-01-17,ฉะเชิงเทรา,13.740639,101.30667800000001,นาชลประทาน,ระยะกล้า,ไม่ทราบพันธุ์,0,0,0,0,0,0,21.212,0,0,0,0,0,0,0,0,0,0,0,48.484999999999999,0,0,0,0,0,0,0,0,0,0,0,0,0,21.667000000000002,หญ้า,หญ้าแห้วหมู
2024-01-29,ชัยนาท,15.174853000000001,100.074625,นาชลประทาน,ออกรวง,กข85,0,0,0,0,0,0,0,0,0,1.0920000000000001,0,0,0,0,0,0,0,0,33.131,0,0,0,0,0,0,0,0,0,0,0,0,0,15,หญ้า,หญ้าดอกขาว
2024-01-29,ชัยนาท,15.174932999999999,100.07456000000001,นาชลประทาน,ตั้งท้อง,กข85,0,0,1.026,0,0,0,0,0,0,0.41,0,0,0,0,0,0,0,0,4.923,23.486999999999998,0,0,0,0,0,0,0,0,0,0,0,0,0,NA,NA
2024-01-29,ชัยนาท,15.185815,100.10246600000001,นาชลประทาน,แตกกอ,ไม่ทราบพันธุ์,0,0,0,0,0,0,0,0,0,0,1,0,0,0,0,0,0,0,0.41,10.109,0,0,0,0,0,0,0,0,0,0,0,0,0,NA,NA
2024-01-29,ชัยนาท,15.183146000000001,100.10947899999999,นาชลประทาน,ระยะกล้า,ไม่ทราบพันธุ์,0,0,0,0,0,0,0,0,0,0,0,0,0,0,0,0,0,0,26.163,5.2329999999999997,0,0,0,0,0,0,0,0,0,0,0,0,0,NA,NA
2024-01-30,ชัยนาท,14.989699999999999,100.130803,นาชลประทาน,แตกกอ,ไม่ทราบพันธุ์,0,0,0,0,0,0,0,0,0,3.8170000000000002,0,0,0,0,0,0,0,0,44.274999999999999,4.58,0,0,0,0,0,0,0,0,0,0,0,0,0,NA,NA
2024-01-30,ชัยนาท,14.988583,100.12968600000001,นาชลประทาน,แตกกอ,ไม่ทราบพันธุ์,0,0,1.8069999999999999,4.819,0,0,0,0,0,0,0,0,0,0,0,0,0,0,30.873000000000001,1.657,0,0,0,0,0,0,0,0,0,0,0,0,0,NA,NA
2023-10-18,ชัยนาท,14.9943957,100.1481433,นิเวศข้าวกับพืชอื่น,ระยะกล้า,ไม่ทราบพันธุ์,0,0,0,0,0,0,31.379000000000001,1.034,0,0,0,0,0,0,0,0,0,0,0,0,0,0,0,0,0,0,0,0,0,0,0,0,0,NA,NA
2023-10-18,ชัยนาท,14.9875448,100.132302,นิเวศข้าวกับพืชอื่น,ออกรวง,ไม่ทราบพันธุ์,5,0,10,0,0,0,0,0,0,16.751000000000001,0,0,0,0,0,0,0,0,8.5709999999999997,0,0,0,0,0,0,0,0,0,0,0,0,0,0,NA,NA
2023-10-18,ชัยนาท,14.988784000000001,100.1393418,นิเวศข้าวกับพืชอื่น,แตกกอ,ไม่ทราบพันธุ์,0,0,1,0,0,0,0,0,0,0.68200000000000005,0,0,0,0,0,0,0,0,20.454999999999998,0,0,0,0,0,0,0,0,0,0,0,0,0,43.332999999999998,หญ้า,หญ้าดอกขาว
2023-10-18,สุพรรณบุรี,14.622222239999999,100.05992759999999,นาชลประทาน,แตกกอ,ไม่ทราบพันธุ์,0,0,2,0,0,0,0,0,0,0,0,0,0,0,0,0,0,0,13.901999999999999,0,0,0,0,0,0,0,0,0,0,0,0,0,56.665999999999997,กก,กกทราย
2023-10-19,สุพรรณบุรี,14.612190200000001,100.05886965000001,นาชลประทาน,แตกกอ,กข95,0,0,4,0,0,0,0,0,0,0,0,0,0,0,0,0,0,0,1.538,0,0,0,0,0,0,0,0,0,0,0,0,0,23.332999999999998,พืชใบเลี้ยงคู่ใบกว้าง,ผักปอดนา
2023-10-19,สุพรรณบุรี,14.609546,100.0704111,นาชลประทาน,ระยะกล้า,ไม่ทราบพันธุ์,0,0,0,0,0,0,0,0,0,0,0,0,0,0,0,0,0,0,15.882,0,0,0,0,0,0,0,0,0,0,0,0,0,31.666,พืชใบเลี้ยงคู่ใบกว้าง,ผักปอดนา
2023-10-19,สุพรรณบุรี,14.6055721,100.0704111,นาชลประทาน,แตกกอ,กข85,0,0,6,0,0,0,0,0,0,0.48799999999999999,0,0,0,0,0,0,0,0,7.5609999999999999,0,0,0,0,0,0,0,0,0,0,0,0,0,0,NA,NA
2023-10-19,สุพรรณบุรี,14.6060078,100.0686623,นาชลประทาน,ระยะกล้า,ไม่ทราบพันธุ์,0,0,0,0,0,0,0,0,0,0,0,0,0,0,0,0,0,0,12.973000000000001,0,0,0,0,0,0,0,0,0,0,0,0,0,0,NA,NA
2023-10-19,สุพรรณบุรี,14.6222224,100.05991880000001,นาชลประทาน,แตกกอ,ไม่ทราบพันธุ์,0,0,0,0,0,0,0,0,0,0,0,0,0,0,0,0,0,0,0,0,0,0,0,0,0,0,0,0,0,0,0,0,3.3330000000000002,พืชใบเลี้ยงคู่ใบกว้าง,ผักปอดนา
2024-01-17,ปราจีนบุรี,14.010126,101.26567900000001,นาชลประทาน,ระยะกล้า,ไม่ทราบพันธุ์,0,0,0,0,0,0,86.75,0,0,0,0,1,0,0,0,0,0,0,5.25,0,0,0,0,0,0,0,0,0,0,0,0,0,0,NA,NA
2024-01-17,ปราจีนบุรี,14.003309,101.266154,นาชลประทาน,ระยะกล้า,ไม่ทราบพันธุ์,0,0,0,0,0,0,0,0,0,0,0,0,0,0,0,0,0,0,44,0,0,0,0,0,0,0,0,0,0,0,0,0,80,หญ้า,หญ้าข้าวนก
2024-01-17,ปราจีนบุรี,14.002071000000001,101.443817,นาชลประทาน,ตั้งท้อง,ไม่ทราบพันธุ์,0,0,0,0,0,0,0,0,0,2.0409999999999999,0,0,0,0,0,0,0,0,0,56.326999999999998,0,0,0,0,0,0,0,0,0,0,0,0,0,NA,NA
2024-01-17,ปราจีนบุรี,14.002071000000001,100.101443817,นาชลประทาน,ออกรวง,ไม่ทราบพันธุ์,0,0,0,0,0,0,0,0,0,2,0,0,0,0,0,0,0,0,21,0.4,0,0,0,0,0,0,0,0,0,0,0,0,15,หญ้า,หญ้าข้าวนก
2024-01-17,ปราจีนบุรี,14.0341326,101.3732,นาชลประทาน,ระยะกล้า,ไม่ทราบพันธุ์,0,0,0,0,0,0,10.263,0,0,0,0,0,0,0,0,0,0,0,3.9470000000000001,0,0,0,0,0,0,0,0,0,0,0,0,0,0,NA,NA
2024-01-17,ฉะเชิงเทรา,13.740639,101.30667800000001,นาชลประทาน,ระยะกล้า,ไม่ทราบพันธุ์,0,0,0,0,0,0,3.8889999999999998,0,0,0,0,0,0,0,0,0,0,0,19.167000000000002,0,0,0,0,0,0,0,0,0,0,0,0,0,21.666,หญ้า,หญ้าแห้วหมู
2024-01-29,ชัยนาท,15.174853000000001,100.074625,นาชลประทาน,ออกรวง,กข85,0,0,0,0,0,0,0,0,0,1.0920000000000001,0,0,0,0,0,0,0,0,33.131,0,0,0,0,0,0,0,0,0,0,0,0,0,6.6660000000000004,หญ้า,หญ้าดอกขาว
2024-01-29,ชัยนาท,15.174932999999999,100.07456000000001,นาชลประทาน,ตั้งท้อง,กข85,0,0,1.026,0,0,0,0,0,0,0.41,0,0,0,0,0,0,0,0,4.923,23.486999999999998,0,0,0,0,0,0,0,0,0,0,0,0,0,NA,NA
2024-01-29,ชัยนาท,15.185815,100.10246600000001,นาชลประทาน,แตกกอ,ไม่ทราบพันธุ์,0,0,0,0,0,0,0,0,0,0,1,0,0,0,0,0,0,0,0.41,10.109,0,0,0,0,0,0,0,0,0,0,0,0,0,NA,NA
2024-01-29,ชัยนาท,15.183146000000001,100.10947899999999,นาชลประทาน,ระยะกล้า,ไม่ทราบพันธุ์,0,0,0,0,0,0,0,0,0,0,0,0,0,0,0,0,0,0,13,2.25,0,0,0,0,0,0,0,0,0,0,0,0,0,NA,NA
2024-01-30,ชัยนาท,14.989699999999999,100.130803,นาชลประทาน,แตกกอ,ไม่ทราบพันธุ์,0,0,0,0,0,0,0,0,0,1.22,0,0,0,0,0,0,0,0,14.146000000000001,1.4630000000000001,0,0,0,0,0,0,0,0,0,0,0,0,0,NA,NA
2024-01-30,ชัยนาท,14.988583,100.12968600000001,นาชลประทาน,แตกกอ,ไม่ทราบพันธุ์,0,0,1.8069999999999999,4.819,0,0,0,0,0,0,0,0,0,0,0,0,0,0,30.873000000000001,1.657,0,0,0,0,0,0,0,0,0,0,0,0,0,NA,NA
2024-03-22,แพร่,18.023146000000001,100.09591500000001,นาชลประทาน,ออกรวง,สันป่าตอง 1,0,0,0,0,1.587,0,0,0,0,0,0,0.3,0,0,0,0,0,0,47.68,25.46,0,0,0,66.67,0,0,0,0,0,0,0,0,5,กก,NA
2024-03-22,แพร่,18.024747000000001,100.094784,นาชลประทาน,ออกรวง,สันป่าตอง 1,0,0,0,0,3.2789999999999999,0,0,0,0,0,0,0.2,0,0,0,0,0,0,26.315999999999999,28.172999999999998,0,0,0,68.852000000000004,0,0,0,0,0,0,0,0,3.33,หญ้า,หญ้าข้าวนก
2024-03-27,เชียงราย,20.202411000000001,99.864597000000003,นาชลประทาน,ออกดอก,ก.วก.2,0,0,0,0,0,0,0,0,0,0,0,0,0,0,0,0,0,0,25.039000000000001,12.6,0,0,2.3620000000000001,0,0,0,0,0,0,0,0,0,5,พืชใบเลี้ยงคู่ใบกว้าง,ผักปอดนา
2024-03-27,เชียงราย,20.200779000000001,99.864281000000005,นาชลประทาน,ตั้งท้อง,CP888,0,0,0,0,0,0,0,0,0,0,0,0,0,0,0,0,0,0,2.8220000000000001,0,0,0,1.84,0,0,0,0,0,0,0,0,0,0,NA,NA
2024-03-27,เชียงราย,20.294250999999999,99.934593000000007,นาชลประทาน,ออกดอก,ไม่ทราบพันธุ์,0,0,0,0,0,0,0,0,0,0,0,0,0,0,0,0,0,0,0,28.795000000000002,0,0,0,0,0,0,0,0,0,0,0,0,0,NA,NA
2024-03-27,เชียงราย,20.306294999999999,99.933819999999997,นาชลประทาน,แตกกอ,ไม่ทราบพันธุ์ข้าว,0,0,0,0,0,0,0,0,0,0,0,0,0,0,0,0,0,0,6.3250000000000002,1.8069999999999999,0,0,0,0,0,0,0,0,0,0,0,0,8.33,พืชใบเลี้ยงคู่ใบกว้าง,ผักปอดนา
2024-03-27,เชียงราย,20.340198000000001,99.990296999999998,นาชลประทาน,แตกกอ,ไม่ทราบพันธุ์ข้าว,0,0,0,0,0,0,0,0,0,0,0,0,0,0,0,0,0,0,1.3160000000000001,1.0529999999999999,0,0,0,0,0,0,0,0,0,0,0,0,3.33,กก,หนวดปลาดุก
2024-03-27,เชียงราย,20.322433,100.001009,นาชลประทาน,ตั้งท้อง,ไม่ทราบพันธุ์ข้าว,0,0,0,0,0,0,0,0,0,0,0,0,0,0,0,0,0,0,2.9849999999999999,0.85299999999999998,0,0,0,0,0,0,0,0,0,0,0,0,1.67,พืชใบเลี้ยงคู่ใบกว้าง,NA
2024-04-04,ลำปาง,19.284022,99.631556000000003,นาชลประทาน,แตกกอ,ไม่ทราบพันธุ์ข้าว,1.389,0,0,0,0,0,0,0,0,0,0,0,0,0,0,0,0,0,5.8979999999999997,0,0,0,0,0,0,0,0,0,0,0,0,0,0,NA,NA
2024-04-04,ลำปาง,19.281897000000001,99.631124999999997,นาชลประทาน,ออกดอก,CP888,0,0,0,0,0,0,0,0,0,0,0,0,0,0,0,0,0,0,11.263,0,0,0,0,0,0,0,0,0,0,0,0,0,6.67,หญ้า,NA
2024-04-04,พะเยา,19.284462999999999,99.828249999999997,นาชลประทาน,ออกดอก,ไม่ทราบพันธุ์ข้าว,0,0,0,0,0,0,0,0,0,0,0,0,0,0,0,0,0,0,15.048,0,0,0,0,0,0,0,0,0,0,0,0,0,1.67,หญ้า,NA
2024-04-10,เชียงราย,19.589433,99.720420000000004,นาชลประทาน,ออกดอก,ก.วก.2,6.2889999999999997,0,0,0,0,0,0,0,0,0,0,0,0,0,0,0,0,0,5.66,0,0,0,0,0,0,0,0,0,0,0,0,0,5,หญ้า,หญ้าข้าวนก
2024-04-11,เชียงราย,19.602719,99.776268999999999,นาชลประทาน,ออกดอก,กข79,1.149,0,0,0,0,0,0,0,0,0,0,0,0,0,0,0,0,0,8.9079999999999995,3.3050000000000002,0,0,0,0,0,0,0,0,0,0,0,0,5,หญ้า,NA
2024-04-26,แพร่,18.271117,100.202884,นาชลประทาน,ออกรวง,สันป่าตอง 1,5.7140000000000004,0,0,0,0,0,0,0,0,0,0,0,0,0,0,0,0,0,27.5,26.071000000000002,0,0,2.8570000000000002,15.714,0,0,0,0,0,0,0,0,5,หญ้า,หญ้าข้าวนก
2024-04-26,แพร่,18.527380000000001,100.19110499999999,นาชลประทาน,ออกรวง,ไม่ทราบพันธุ์ข้าว,0,0,0,3,3,0,0,0,0,1.5,0,0,0,0,0,0,0,0,27.25,4.25,0,0,0,0,0,0,0,0,0,0,0,0,5,หญ้า,หญ้าข้าวนก
2024-04-26,เชียงราย,19.536997,99.723667000000006,นาชลประทาน,ออกรวง,สันป่าตอง 1,0,0,0,0,0,0,0,0,0,0,0,0,0,0,0,0,0,0,14.656000000000001,0,0,0,0,22.414000000000001,0,0,0,0,0,0,0,0,1.67,หญ้า,หญ้าข้าวนก
2024-04-30,ชัยนาท,15.116580000000001,100.12284,นาชลประทาน,ระยะกล้า,กข85,0,0,0,0,0,0,0,0,0,0,0,0,0,0,0,0,0,0,0,0,0,0,0,0,0,0,0,0,0,0,0,0,0,NA,NA
2024-04-30,ชัยนาท,15.12035,100.12357,นาชลประทาน,แตกกอ,กข85,0,0,0,0,0,0,0,0,0,0.51400000000000001,0,0,0,0,0,0,0,0,0,0,0,0,0,0,0,0,0,0,0,0,0,0,1.667,พืชใบเลี้ยงคู่ใบกว้าง,ผักปอดนา
2024-04-30,ชัยนาท,15.125080000000001,100.11284999999999,นาชลประทาน,ระยะกล้า,กข85,0,0,0,0,0,0,0,0,0,0,0,0,0,0,0,0,0,0,0,0,0,0,0,0,0,0,0,0,0,0,0,0,20,กก,หนวดปลาดุก
2024-04-30,ชัยนาท,15.131349999999999,100.10800999999999,นาชลประทาน,ระยะกล้า,กข61,0,0,0,0,0,0,0,0,0,0,0,0,0,0,0,0,0,0,0,0,0,0,0,0,0,0,0,0,0,0,0,0,0,NA,NA
2024-04-30,ชัยนาท,15.151910000000001,100.09096,นาชลประทาน,แตกกอ,กข41,0.94899999999999995,0,0,0,0,0,0,0,0,0,0,0,0,0,0,0,0,0,0,0,0,0,0,0,0,0,0,0,0,0,0,0,5,กก,หนวดปลาดุก
2024-05-03,ชัยนาท,15.284979999999999,100.16437000000001,นาชลประทาน,แตกกอ,กข41,0,0,0,0,0,0,0,0,0,1.7030000000000001,0,0,0,0,0,0,0,0,0.24299999999999999,0,0,0,0,0,0,0,0,0,0,0,0,0,0,NA,NA
2024-05-03,ชัยนาท,15.293990000000001,100.14636,นาชลประทาน,แตกกอ,กข57,0,0,0,0,0,0,0,0,0,1.7090000000000001,0,0,0,0,0,0,0,0,0,0,0,0,0,0,0,0,0,0,0,0,0,0,31.667000000000002,กก,กกขนาก
2024-05-03,ชัยนาท,15.32414,100.12027999999999,นาชลประทาน,ตั้งท้อง,กข49,0,0,0,0,0,0,0,0,0,0.80200000000000005,0,0,0,0,0,0,0,1.375,0,0,0,0,0,0,0,0,0,0,0,0,0,0,0,NA,NA
2024-05-03,ชัยนาท,15.321070000000001,100.09922,นาชลประทาน,ตั้งท้อง,กข41,0,0,4.0540000000000003,0,0,0,0,0,0,0,0,0,0,0,0,0,0,0,0,0,0,0,0,0,0,0,0,0,0,0,0,0,5,พืชใบเลี้ยงคู่ใบกว้าง,ผักปอดนา
2024-05-03,ชัยนาท,15.30674,100.08833,นาชลประทาน,ตั้งท้อง,กข85,0,0,1.361,0,0,0,0,0,0,0.54400000000000004,0,0,0,0,0,0,0,0.13600000000000001,0,0,0.13600000000000001,0,0,0,0,0,0,0,0,0,0,0,5,พืชใบเลี้ยงคู่ใบกว้าง,ผักปอดนา
2024-05-03,ชัยนาท,15.22936,100.06045,นาชลประทาน,แตกกอ,กข85,0,0,5.8250000000000002,0,0,0,0,0,0,1.806,0,0,0,0,0,0,0,0,0.45100000000000001,0,0,0,0,0,0,0,0,0,0,0,0,0,0,NA,NA
2024-05-03,ชัยนาท,15.23673,100.05938999999999,นาชลประทาน,แตกกอ,กข85,0,0,1.6950000000000001,0,0,0,0,0,0,1.6950000000000001,0,0,0,0,0,0,0,0,0.21199999999999999,0,0,0,0,0,0,0,0,0,0,0,0,0,3.3330000000000002,กก,หนวดปลาดุก
2024-05-03,ชัยนาท,15.235849999999999,100.06044,นาชลประทาน,ตั้งท้อง,กข85,0,0,4.3479999999999999,0,0,0,0,0,0,0.60899999999999999,0,0,0,0,0,0,0,0,0,0,0,0,0,0,0,0,0,0,0,0,0,0,3.3330000000000002,หญ้า,หญ้าข้าวนก
2024-05-03,ชัยนาท,15.25642,100.04828999999999,นาชลประทาน,แตกกอ,กข61,0,0,0.877,0,0,0,0,0,0,0,0,0,0,0,0,0,0,0,0,0,0,0,0,0,0,0,0,0,0,0,0,0,0,NA,NA
2024-05-03,ชัยนาท,15.261649999999999,100.04693,นาชลประทาน,ตั้งท้อง,กข41,0,0,0,0,0,0,0,0,0,0.46899999999999997,0,0,0,0,0,0,0,0,1.7190000000000001,0,0.156,0,0,0,0,0,0,0,0,0,0,0,3.3330000000000002,กก,หนวดปลาดุก
2024-05-02,เชียงใหม่,19.958691000000002,99.214375000000004,นาชลประทาน,แตกกอ,ไม่ทราบพันธุ์ข้าว,0,0,0,0,0,0,0,0,0,0,0,0,0,0,0,0,0,0,21.318999999999999,0,0,0,0,0,0,0,0,0,0,0,0,0,10,กก,หนวดปลาดุก
2024-05-03,เชียงใหม่,19.958266999999999,99.208588000000006,นาชลประทาน,แตกกอ,ไม่ทราบพันธุ์ข้าว,0,0,0,0,0,0,0,0,0,0,0,0,0,0,0,0,0,0,11.134,0,0,0,0,0,0,0,0,0,0,0,0,0,3.33,กก,หนวดปลาดุก
2024-05-02,เชียงราย,19.618593000000001,99.489423000000002,นาชลประทาน,ก่อนเก็บเกี่ยวเกี่ยว,ก.วก.2,0,0,0,0,0,0,0,0,0,0,0,0,0,0,0,0,0,0,12.853999999999999,8.0609999999999999,0,0,0,18.954000000000001,0,0,0,0,0,0,0,0,3.33,พืชใบเลี้ยงคู่ใบกว้าง,ตาลปัตรฤาษี
2024-05-03,เชียงราย,19.621711999999999,99.494544000000005,นาชลประทาน,ออกรวง,ไม่ทราบพันธุ์ข้าว,0,0,0,0,0,0,0,0,0,0,0,0,0,0,0,0,0,0,22.687000000000001,0,0,0,0,9.7010000000000005,0,0,0,0,0,0,0,0,1.67,หญ้า,หญ้าข้าวนก
2024-05-15,เชียงราย,19.598668,99.839275999999998,นาชลประทาน,ก่อนเก็บเกี่ยวเกี่ยว,CP888,0,0,0,0,0,0,0,0,0,0,0,0,0,0,0,0,0,0,12.851000000000001,12.048,0,0,0,3.6139999999999999,0,20.547999999999998,0,0,0,0,0,0,1.67,กก,NA
2024-05-15,เชียงราย,19.522703,99.741037000000006,นาชลประทาน,ก่อนเก็บเกี่ยวเกี่ยว,สันป่าตอง 1,7.4470000000000001,0,0,0,0,0,0,0,0,0,0,0,0,0,0,0,0,0,46.454000000000001,4.9649999999999999,0,0,0,0,0,0,0,0,0,0,0,0,15,หญ้า,หญ้าข้าวนก
2024-05-17,อุทัยธานี,15.284090000000001,99.716819999999998,นาชลประทาน,แตกกอ,กข49,0,0,0,0,0,0,0,0,0,0,0,0,0,0,0,0,0,0,0,0,0,0,0,0,0,0,0,0,0,0,0,0,10,กก,กกขนาก
2024-05-17,อุทัยธานี,15.29358,99.683080000000004,นาชลประทาน,ระยะกล้า,กข85,0,0,0,0,0,0,0,0,0,0,0,0,0,0,0,0,0,0,0,0,0,0,0,0,0,0,0,0,0,0,0,0,0,NA,NA
2024-05-17,อุทัยธานี,15.31156,99.668940000000006,นาชลประทาน,แตกกอ,กข79,0,0,0,0,0,0,0,0,0,0,0,0,0,0,0,0,0,0,0,0,0,0,0,0,0,0,0,0,0,0,0,0,0,NA,NA
2024-05-17,อุทัยธานี,15.31353,99.656239999999997,นาชลประทาน,แตกกอ,กข85,0,0,0,0,0,0,0,0,0,0,0,0,0,0,0,0,0,0,0.35199999999999998,0,0.35199999999999998,0,0,0,0,0,0,0,0,0,0,0,0,NA,NA
2024-05-17,อุทัยธานี,15.31737,99.645920000000004,นาชลประทาน,แตกกอ,กข85,0,0,0,0,0,0,0,0,0,0,0,0,0,0,0,0,0,0,0,0,0,0,0,0,0,0,0,0,0,0,0,0,0,NA,NA
2024-05-17,อุทัยธานี,15.32536,99.63279,นาชลประทาน,ตั้งท้อง,กข79,0,0,0,0,0,0,0,0,0,0.32500000000000001,0,0,0,0,0,0,0,0,0,0,0.108,0,0,0,0,0,0,0,0,0,0,0,3.3330000000000002,พืชใบเลี้ยงคู่ใบกว้าง,ผักปอดนา
2024-05-17,อุทัยธานี,15.35215,99.615409999999997,นาชลประทาน,แตกกอ,กข85,0.85099999999999998,0,0,0,0,0,0,0,0,0,0,0,0,0,0,0,0,0.85099999999999998,1.915,0,1.4890000000000001,0,0,0,0,0,0,0,0,0,0,0,10,กก,กกขนาก
2024-05-17,อุทัยธานี,15.35543,99.616489999999999,นาชลประทาน,แตกกอ,กข85,0,0,0,0,0,0,0,0,0,2.2160000000000002,0,0,0,0,0,0,0,0,2.4929999999999999,0,0,0,0,0,0,0,0,0,0,0,0,0,0,NA,NA
2024-05-17,อุทัยธานี,15.43608,99.618030000000005,นาชลประทาน,แตกกอ,กข49,0,0,0,0,0,0,0,0,0,0,1,0,0,0,0,0,0,0,0,0,0,0,0,0,0,0,0,0,0,0,0,0,0,NA,NA
2024-05-17,อุทัยธานี,15.432180000000001,99.643770000000004,นาชลประทาน,แตกกอ,กข49,0,0,0,0,0,0,0,0,0,0.27700000000000002,0,0,0,0,0,0,0,0,0,0,0,0,0,0,0,0,0,0,0,0,0,0,0,NA,NA
2024-05-14,นครศรีธรรมราช,7.9133750000000003,100.227932,นาชลประทาน,ตั้งท้อง,กข109,0,0,0,0,0,0,0,0,0,0,0,0,0,0,0,0,0,0,19,0,0,0,58.823999999999998,0,0,0,0,0,0,0,0,0,1.6666666999999999,พืชใบเลี้ยงคู่ใบกว้าง,เทียนนา
2024-05-14,นครศรีธรรมราช,7.9129740000000002,100.227947,นาชลประทาน,ตั้งท้อง,กข109,0,0,0,0,0,0,0,0,0,0,16.364,0,0,0,0,0,0,0,0,0,0,0,59.459000000000003,0,0,0,0,0,0,0,0,0,1.6666666999999999,พืชใบเลี้ยงคู่ใบกว้าง,"เทียนนา, กก"
2024-05-14,นครศรีธรรมราช,8.0339369999999999,100.230225,นาชลประทาน,ก่อนเก็บเกี่ยวเกี่ยว,กข41,0,0,0,0,0,0,0,0,0,0,0,0,0,0,0,0,0,0,15.266999999999999,0,0,0,0,0,0,0,0,0,0,0,0,0,15,กก,กกสามเหลี่ยม โสนคางคก หญ้าพุ่มพวง
2024-05-14,นครศรีธรรมราช,8.3607119999999995,100.054659,นาชลประทาน,ก่อนเก็บเกี่ยวเกี่ยว,กข77,0,0,0,0,5.2240000000000002,0,0,0,0,0,0,0,0,0,0,0,0,0,2.8079999999999998,0,0,0,0,0,0,0,0,0,0,0,0,0,6.6666667000000004,กก,ผักปอดนา  กกสามเหลี่ยม
2024-05-14,นครศรีธรรมราช,8.3615030000000008,100.054569,นาชลประทาน,ก่อนเก็บเกี่ยวเกี่ยว,กข77,0,0,0,0,7.5270000000000001,0,0,0,0,2.7589999999999999,0,0,0,0,0,0,0,0,3.448,0,0,0,0,0,0,0,0,0,0,0,0,0,6.6666667000000004,กก,ผักปอดนา  กกสามเหลี่ยม
2024-05-15,พัทลุง,7.6571239999999996,100.094506,นาชลประทาน,ก่อนเก็บเกี่ยวเกี่ยว,กข81,0,0,0,0,0,0,0,0,0,0,0,0,0,0,0,0,0,0,23.077000000000002,0,0,0,0,45,0,0,0,0,0,0,0,0,28.333333,หญ้า,หญ้าข้าวนก  ผักบุ้ง  กกสามเหลี่ยม
2024-05-15,พัทลุง,7.6568709999999998,100.093332,นาชลประทาน,ก่อนเก็บเกี่ยวเกี่ยว,กข81,0,0,0,0,0,0,0,0,0,0,0,0,0,0,0,0,0,0,0,0,0,0,0,0,0,0,0,0,0,0,0,0,36.666666999999997,หญ้า,ผักกระเฉด	 ผักปอดนา  แพงพวย หญ้าข้าวนก กกสามเหลี่ยม	
2024-05-15,พัทลุง,7.6628910000000001,100.089797,นาชลประทาน,ก่อนเก็บเกี่ยวเกี่ยว,กข81,0,0,0,0,0,0,0,0,0,0,0,0,0,0,0,0,0,0,5.7850000000000001,0,0,0,0,19.443999999999999,0,0,0,0,0,0,0,0,0,NA,NA
2024-05-15,พัทลุง,7.663227,100.087793,นาชลประทาน,ก่อนเก็บเกี่ยวเกี่ยว,กข81,0,0,0,0,9.5239999999999991,0,0,0,0,2.2730000000000001,0,0,0,0,0,0,0,0,0,0,0,0,0,0,0,0,0,0,0,0,0,0,10,หญ้า,หญ้าพุ่มพวง	 หญ้าข้าวนก	 กกสามเหลี่ยม  หญ้าดอกขาว	
2024-05-15,พัทลุง,7.6685379999999999,100.093773,นาชลประทาน,ออกรวง,กข81,0,0,0,0,0,0,0,0,0,0,0,0,0,0,0,0,0,0,1.014,0,0,0,0,0,0,0,0,0,0,0,0,0,1.6666666999999999,กก,หญ้าข้าวนก	 กกสามเหลี่ยม	
2024-05-15,พัทลุง,7.6684619999999999,100.09336999999999,นาชลประทาน,แตกกอ,กข81,0,0,0,0,0,0,0,0,0,0,0,0,0,0,0,0,0,0,0,0,0,0,0,0,0,0,0,0,0,0,0,0,1.6666666999999999,หญ้า,ผักตบชวา	 หญ้าดอกขาว	 กกสามเหลี่ยม	
2024-05-15,พัทลุง,7.6846779999999999,100.086804,นาชลประทาน,ก่อนเก็บเกี่ยวเกี่ยว,กข81,0,0,0,0,0,9,0,0,0,2.367,0,0,0,0,0,0,0,0,6.5090000000000003,0,0,0,0,0,0,0,0,0,0,0,0,0,3.3333333000000001,หญ้า,โสนคางคก	 หญ้าดอกขาว	
2024-05-15,พัทลุง,7.7284930000000003,100.064261,นาชลประทาน,ระยะกล้า,กข81,0,0,0,0,0,0,0,0,0,18.367000000000001,0,0,0,0,0,0,0,0,6.1219999999999999,16.327000000000002,0,0,0,0,0,0,0,0,0,0,0,0,3.3333333000000001,หญ้า,หญ้าดอกขาว	
2024-05-15,พัทลุง,7.7284560000000004,100.063993,นาชลประทาน,ระยะกล้า,กข81,0,0,0,0,0,0,0,0,0,19.231000000000002,0,0,0,0,0,0,0,0,11.538,17.308,0,0,0,0,0,0,0,0,0,0,0,0,3.3333333000000001,หญ้า,หญ้าดอกขาว	
2024-05-15,พัทลุง,7.723338,100.065607,นาชลประทาน,ระยะกล้า,กข81,0,0,0,0,0,0,0,0,0,16.667000000000002,0,0,0,0,0,0,0,0,10.417,0,0,0,0,0,0,0,0,0,0,0,0,0,0,NA,NA
2024-05-15,พัทลุง,7.7234129999999999,100.066022,นาชลประทาน,ระยะกล้า,กข81,0,0,0,0,0,0,0,0,0,15.686,0,0,0,0,0,0,0,0,9.8040000000000003,0,0,0,0,0,0,0,0,0,0,0,0,0,0,NA,NA
2024-05-15,พัทลุง,7.7172700000000001,100.06729199999999,นาชลประทาน,แตกกอ,กข81,0,0,0,0,0,0,0,0,0,9.7219999999999995,0,0,0,0,0,0,0,0,0,6.944,0,0,0,0,0,0,0,0,0,0,0,0,1.6666666999999999,หญ้า,ผักปอดนา	 หญ้าดอกขาว	
2024-05-15,พัทลุง,7.7176559999999998,100.06732100000001,นาชลประทาน,แตกกอ,กข81,0,0,0,0,0,0,0,0,0,6.944,0,0,0,0,0,0,0,0,0,8.3330000000000002,0,0,0,0,0,0,0,0,0,0,0,0,1.6666666999999999,หญ้า,ผักปอดนา	 หญ้าดอกขาว	
2024-05-15,พัทลุง,7.7164190000000001,100.06720300000001,นาชลประทาน,ระยะกล้า,ไรซ์เบอรี่,0,0,0,0,0,0,0,0,0,0,0,0,0,0,0,0,0,0,0,0,0,0,0,0,0,0,0,0,0,0,0,0,1.6666666999999999,พืชใบเลี้ยงคู่ใบกว้าง,ผักปอดนา
2024-05-24,นครสวรรค์,15.23746,100.29592,นาชลประทาน,แตกกอ,กข57,0,0,2.6320000000000001,0,0,0,0.98699999999999999,0,0,1.3160000000000001,0,0,0,0,0,0,0,0,1.645,0,0,0,0,0,0,0,0,0,0,0,0,0,0,NA,NA
2024-05-24,นครสวรรค์,15.23921,100.29823,นาชลประทาน,ตั้งท้อง,กข57,0,0,0,0,0,0,0,0,0,4.5259999999999998,0,0,0,0,0,0,0,0,0.64700000000000002,0,0.216,0,0,0,0,0,0,0,0,0,0,0,43.332999999999998,กก,หนวดปลาดุก
2024-05-24,นครสวรรค์,15.23461,100.30243,นาชลประทาน,แตกกอ,กข41,0,0,1.282,0,0,0,0.64100000000000001,0,0,0.64100000000000001,0,0,0,0,0,0,0,0,0.96199999999999997,0,0,0,0,0,0,0,0,0,0,0,0,0,5,กก,หนวดปลาดุก
2024-05-24,นครสวรรค์,15.229089999999999,100.32147999999999,นาชลประทาน,แตกกอ,กข85,0,0,1.5629999999999999,0,0,0,0,0,0,0.97699999999999998,0,0,0,0,0,0,0,0,0.39100000000000001,0,0,0,0,0,0,0,0,0,0,0,0,0,5,หญ้า,หญ้าข้าวนก
2024-05-24,นครสวรรค์,15.21895,100.32034,นาชลประทาน,ระยะกล้า,กข41,0,0,2.2989999999999999,0,0,0,2.6819999999999999,0,0,0,0,0,0,0,0,0,0,0,0,0,0,0,0,0,0,0,0,0,0,0,0,0,5,หญ้า,หญ้าข้าวนก
2024-05-24,นครสวรรค์,15.132160000000001,100.46653999999999,นาชลประทาน,ระยะกล้า,กข41,0,0,0,0,0,0,12.121,0,0,0,0,0,0,0,0,0,0,0,0.60599999999999998,0,0,0,0,0,0,0,0,0,0,0,0,0,0,NA,NA
2024-05-24,นครสวรรค์,15.15502,100.47917,นาชลประทาน,แตกกอ,กข85,0,0,0,0,0,0,0.38600000000000001,0,0,0,0,0,0,0,0,0,0,0,0,0,0,0,0,0,0,0,0,0,0,0,0,0,5,หญ้า,หญ้าข้าวนก
2024-05-24,นครสวรรค์,15.16783,100.47185,นาชลประทาน,ตั้งท้อง,กข85,0,0,4.0540000000000003,0,0,0,0,0,0,1.52,0,0,0,0,0,0,0,0,0.60799999999999998,0,0,0,0,0,0,0,0,0,0,0,0,0,5,พืชใบเลี้ยงคู่ใบกว้าง,ผักปอดนา
2024-05-24,นครสวรรค์,15.166679999999999,100.43797000000001,นาชลประทาน,แตกกอ,กข85,0,0,1.2050000000000001,0,0,0,0.66700000000000004,0,0,2.3330000000000002,0,0,0,0,0,0,0,0,2,0,0,0,0,0,0,0,0,0,0,0,0,0,3.3330000000000002,กก,แห้วหมู
2024-05-24,นครสวรรค์,15.203659999999999,100.35348999999999,นาชลประทาน,แตกกอ,กข41,0,0,2.6320000000000001,0,0,0,0.32900000000000001,0,0,0.32900000000000001,0,0,0,0,0,0,0,0,0,0,0,0,0,0,0,0,0,0,0,0,0,0,0,NA,NA
2024-05-28,พัทลุง,7.6915180000000003,100.120104,นาชลประทาน,ก่อนเก็บเกี่ยว,กข81,0,0,0,0,0,0,0,0,0,1.9870000000000001,0,0,0,0,0,0,0,0,0.66200000000000003,0,0,0,0,0,0,0,0,0,0,0,0,0,45,กก,กกสามเหลี่ยม
2024-05-29,พัทลุง,7.860309,99.958511000000001,นาชลประทาน,แตกกอ,จัสมิน5451,0,0,0,0,0,28,0,0,0,3.8889999999999998,0,0,0,0,0,0,0,0,0,0,0,0,0,0,0,0,0,0,0,0,0,0,23.333333,หญ้า,หญ้าข้าวนก	 หนวดปลาดุก	 หญ้าดอกขาว	 กกสามเหลี่ยม	
2024-05-29,พัทลุง,7.7313460000000003,100.114475,นาชลประทาน,แตกกอ,กข41,0,0,0,0,0,0,0,0,0,2.02,0,0,0,0,0,0,0,0,0,14.141,0,0,0,0,0,0,0,0,0,0,0,0,10,หญ้า,หญ้าดอกขาว กกสามเหลี่ยม
2024-06-11,ตรัง,7.5773489999999999,99.659464999999997,นาชลประทาน,ก่อนเก็บเกี่ยว,กข79,0,0,0,0,0,0,0,0,0,0,0,0,0,0,0,0,0,0,3.2709999999999999,0,0,0,0,7.5759999999999996,0,0,0,0,0,0,0,0,48.333333000000003,กก,เทียนนา	 หนวดปลาดุก	 กกสามเหลี่ยม	
2024-06-11,ตรัง,7.5800729999999996,99.662970999999999,นาชลประทาน,ก่อนเก็บเกี่ยว,กข79,0,0,0,0,3.6139999999999999,0,0,0,0,0,0,0,0,0,0,0,0,0,1.056,0,0,0,0,6.024,0,0,0,0,0,0,0,0,5,พืชใบเลี้ยงคู่ใบกว้าง,ผักแว่น	  กกสามเหลี่ยม	ข้าวดีดข้าวเด้ง
2024-06-11,ตรัง,7.5798750000000004,99.662698000000006,นาชลประทาน,ก่อนเก็บเกี่ยว,กข79,0,0,0,0,0,0,0,0,0,0,0,0,0,0,0,0,0,0,2.83,0,0,0,0,20.588000000000001,0,0,0,0,0,0,0,0,0,NA,NA
2024-06-12,พัทลุง,7.7135790000000002,100.073722,นาชลประทาน,แตกกอ,ปทุมธานี1,0,0,0,0,0,0,0,0,0,0,0,0,0,0,0,0,0,0,1.744,0,0,0,0,0,0,0,0,0,0,0,0,0,48.333333000000003,กก,หญ้าดอกขาว  หญ้าข้าวนก หนวดปลาดุก   กกทราย		
2024-06-12,พัทลุง,7.7134980000000004,100.073313,นาชลประทาน,แตกกอ,ปทุมธานี1,0,0,0,0,0,0,0,0,0,0,0,0,0,0,0,0,0,0,4.1669999999999998,0,0,0,0,0,0,0,0,0,0,0,0,0,15,หญ้า,ผักปอดนา หญ้าดอกขาว  หญ้าข้าวนก หนวดปลาดุก		 		
2024-06-12,พัทลุง,7.7175529999999997,100.06142800000001,นาชลประทาน,แตกกอ,ปทุมธานี1,0,0,0,0,0,0,0,0,0,0,0,0,0,0,0,0,0,0,15.574,0,0,0,0,0,0,0,0,0,0,0,0,0,28.333333,พืชใบเลี้ยงคู่ใบกว้าง,ผักบุ้ง  ผักปอดนา  หญ้าดอกขาว หญ้าข้าวนก	 หนวดปลาดุก	
2024-06-12,พัทลุง,7.718388,100.06110700000001,นาชลประทาน,แตกกอ,กข81,0,0,0,0,0,0,0,0,0,1.5629999999999999,0,0,0,0,0,0,0,0,0,0,0,0,0,0,0,0,0,0,0,0,0,0,5,หญ้า,ผักบุ้ง	 ผักปอดนา	 หญ้าดอกขาว	 หญ้าข้าวนก	 หนวดปลาดุก	
2024-06-12,พัทลุง,7.7166810000000003,100.062237,นาชลประทาน,ออกดอก,ปทุมธานี1,0,0,0,0,0,0,0,0,0,0,0,0,0,0,0,0,0,0,2.2389999999999999,0,0,0,0,0,0,0,0,0,0,0,0,0,5,พืชใบเลี้ยงคู่ใบกว้าง,ผักบุ้ง	 หญ้าข้าวนก   หญ้าดอกขาว	 กกสามเหลี่ยม	
2024-06-12,พัทลุง,7.7166959999999998,100.06195700000001,นาชลประทาน,ออกดอก,ปทุมธานี1,0,0,0,0,0,0,0,0,0,0,0,0,0,0,0,0,0,0,4.7619999999999996,0,0,0,0,0,0,0,0,0,0,0,0,0,5,หญ้า,ผักบุ้ง	 หญ้าดอกขาว	 หญ้าข้าวนก	 กกสามเหลี่ยม	
2024-06-12,พัทลุง,7.7155100000000001,100.062489,นาชลประทาน,ออกรวง,กข61,0,0,0,0,0,0,0,0,0,0,0,0,0,0,0,0,0,0,4.3959999999999999,0,0,0,0,0,0,0,0,0,0,0,0,0,3.3333333000000001,หญ้า,หญ้าข้าวนก	 กกสามเหลี่ยม	
2024-06-12,พัทลุง,7.7152609999999999,100.062524,นาชลประทาน,ตั้งท้อง,ปทุมธานี1,0,0,0,0,0,0,0,0,0,0.77500000000000002,0,0,0,0,0,0,0,0,1.55,0,0,0,0,0,0,0,0,0,0,0,0,0,15,พืชใบเลี้ยงคู่ใบกว้าง,ผักปอดนา	 หญ้าข้าวนก	 	
2024-03-26,เพชรบูรณ์,16.792650999999999,101.233946,นาชลประทาน,แตกกอ,ไม่ทราบพันธุ์,0,0,0,0,0,0,0,0.96,0,0.64,0,0,0,0,0,0,0,0,9.93,0,1.1200000000000001,0.16,0,0,0,0,0,0,0,0,0,0,80,หญ้า,หญ้าข้าวนก หญ้านกสีชมพู กกหนวดปลาดุก
2024-03-26,เพชรบูรณ์,16.801508999999999,101.21955800000001,นาชลประทาน,ออกรวง,ไม่ทราบพันธุ์,0,0,0,0,0,0,0,0,0,0,0,0,0,0,0,0,0,0,24.32,0,0.13,0,0,8.06,0,0,0,0,0,0,0,0,0,NA,NA
2024-03-27,เพชรบูรณ์,16.775404999999999,101.266375,นาชลประทาน,แตกกอ,ไม่ทราบพันธุ์,0,0,0,0,0,0,0,0,0,1.69,0,0,0,0,0,0,0,0,20.190000000000001,0.28000000000000003,1.1200000000000001,8.19,0,0,0,0,0,0,0,0,0,0,0,NA,NA
2024-03-27,เพชรบูรณ์,16.809027,101.305745,นาชลประทาน,แตกกอ,ไม่ทราบพันธุ์,0,0,0,0,0,0,0,0.5,0,0.12,0,0,0,0,0,0,0.62,0,19.25,0,0.12,4.87,0,0,0,0,0,0,0,0,0,0,0,NA,NA
2024-03-28,พิษณุโลก,17.080454,100.108457,นาชลประทาน,ออกรวง,ไม่ทราบพันธุ์,0,0,0,0,0,0,0,0,0,0.61,0,0,0,0,0,0,18.25,0,21.01,17.79,3.98,0,0,3.98,0,7.05,0,0,0,0,0,0,0,NA,NA
2024-03-28,พิษณุโลก,17.061509999999998,100.079402,นาชลประทาน,แตกกอ,ไม่ทราบพันธุ์,0,0,0,0,0,0,0,0,0,0.26,0,0,0,0,0,0,0,0,34.299999999999997,0,0,0,0,0,0,0,0,0,0,0,0,0,0,NA,NA
2024-03-28,สุโขทัย,17.006937000000001,100.053355,นาชลประทาน,ออกรวง,ไม่ทราบพันธุ์,0,0,0,0,0,0,0,0,0,0,0,0,0,0,0,0,2.52,0,19.68,0,1.72,0,0,4.6500000000000004,0,0,0,0,0,0,0,0,45,หญ้า,หญ้าข้าวนก
2024-05-09,พิษณุโลก,17.038371000000001,100.12231,นาชลประทาน,ออกรวง,ไม่ทราบพันธุ์,0,0,0,0,0,0,0,0,0,9.83,0,0,0,0,0,0,0,0,40.57,0,2.4500000000000002,0,0,10.79,0,0,0,0,0,0,0,0,0,NA,NA
2024-05-09,พิษณุโลก,17.041259,100.12703,นาชลประทาน,ออกรวง,ไม่ทราบพันธุ์,0,0,0,0,0,0,0,0,0,1.34,0,0,0,0,0,0,0,0,26.53,0,0,1.15,0,0,0,0,0,0,0,0,0,0,0,NA,NA
2024-06-27,พัทลุง,7.7382790000000004,100.104136,นาน้ำฝน,ก่อนเก็บเกี่ยว,กข61,0,0,0,0,0,0,0,0,0,5.0309999999999997,0,0,0,0,0,0,0,0,100,0,0,0,0,15.217000000000001,0,0,0,0,0,0,0,0,3.3333333000000001,หญ้า,หญ้าข้าวนก  หญ้าดอกขาว
2024-06-27,พัทลุง,7.743341,100.012658,นาน้ำฝน,ก่อนเก็บเกี่ยว,กข61,0,0,0,0,0,0,0,0,0,5.8479999999999999,0,0,0,0,0,0,0,0,100,0,0,0,0,21.568999999999999,0,0,0,0,0,0,0,0,5,หญ้า,หญ้าข้าวนก
2024-06-27,พัทลุง,7.7418120000000004,100.011832,นาน้ำฝน,ก่อนเก็บเกี่ยว,กข61,0,0,0,0,0,0,0,0,0,0,0,0,0,0,0,0,0,0,100,0,0,0,0,18.518999999999998,0,0,0,0,0,0,0,0,28.333333,หญ้า,หนวดปลาดุก  หญ้าข้าวนก
2024-06-28,พัทลุง,7.5550470000000001,100.080884,นาชลประทาน,ออกดอก,กข81,0,0,0,0,0,0,0,0,0,0,0,0,0,0,0,0,0,0,28.905999999999999,0,0,0,0,0,0,0,0,0,0,0,0,0,5,หญ้า,ผักบุ้ง	 หญ้าข้าวนก	 กกสามเหลี่ยม	
2024-06-28,พัทลุง,7.5864719999999997,100.068,นาชลประทาน,ออกรวง,กข81,0,0,0,0,0,0,0,0,0,0,0,0,0,0,0,0,0,0,10.377000000000001,0,0,0,0,53.845999999999997,0,0,0,0,0,0,0,0,20,หญ้า,เทียนนา  ผักแว่น	 หญ้าข้าวนก  หนวดปลาดุก	 กกสามเหลี่ยม	
2024-06-28,พัทลุง,7.5704099999999999,100.067832,นาชลประทาน,ออกรวง,กข81,0,0,0,0,0,0,0,0,0,3.81,0,0,0,0,0,0,0,0,23.81,0,0,0,0,0,0,0,0,0,0,0,0,0,0,NA,NA
2024-06-28,พัทลุง,7.5938049999999997,100.070004,นาชลประทาน,ออกดอก,มาเลย์แดง,0,0,0,0,0,0,0,0,0,0,0,0,0,0,0,0,0,0,22.105,0,0,0,0,0,0,0,0,0,0,0,0,0,1.6666666999999999,กก,กกสามเหลี่ยม
2024-06-28,พัทลุง,7.5906979999999997,100.07025,นาชลประทาน,ตั้งท้อง,กข81,0,0,0,0,0,0,0,0,0,4.8609999999999998,0,0,0,0,0,0,0,0,0,0,0,0,0,0,0,0,0,0,0,0,0,0,0,NA,NA
2024-06-28,พัทลุง,7.5593839999999997,100.067807,นาชลประทาน,ออกรวง,กข81,0,0,0,0,0,0,0,0,0,0,0,0,0,0,0,0,0,0,15.686,0,0,0,0,68,0,0,0,0,0,0,0,0,1.6666666999999999,หญ้า,หญ้าข้าวนก
2024-06-28,พัทลุง,7.5826359999999999,100.10416499999999,นาชลประทาน,ออกรวง,กข81,0,0,0,0,0,0,0,0,0,0,0,0,0,0,0,0,0,0,4.274,0,0,0,0,16.667000000000002,0,0,0,0,0,0,0,0,0,NA,NA
2024-06-28,พัทลุง,7.5465439999999999,100.12075900000001,นาชลประทาน,แตกกอ,กข81,0,0,0,0,0,0,0,0,0,0,0,0,0,0,0,0,0,0,20.69,0,0,0,0,0,0,0,0,0,0,0,0,0,20,หญ้า,เทียนนา	 หญ้าข้าวนก หญ้าดอกขาว	
2024-06-28,พัทลุง,7.551336,100.125112,นาชลประทาน,แตกกอ,กข81,0,0,0,0,0,0,0,0,0,0,0,0,0,0,0,0,0,0,7.2290000000000001,0,0,0,0,0,0,0,0,0,0,0,0,0,45,กก,หนวดปลาดุก	 กกสามเหลี่ยม	
2024-07-08,เชียงราย,19.646630999999999,99.847536000000005,นาน้ำฝน,ระยะกล้า,ไม่ทราบพันธุ์ข้าว,0,0,0,0,0,0,3.6360000000000001,0,0,0,0,0,0,0,0,0,0,0,0,0,0,0,0,0,0,0,0,0,0,0,0,0,3.33,พืชใบเลี้ยงคู่ใบกว้าง,NA
2024-07-08,เชียงราย,19.637709000000001,99.857016000000002,นาน้ำฝน,ระยะกล้า,ขาวดอกมะลิ 105,0,0,0,0,0,0,7.907,0,0,0,0,0,0,0,0,0,0,0,0,4.6509999999999998,0,0,0,0,0,0,0,0,0,0,0,0,0,NA,NA
2024-07-15,เชียงราย,19.537144000000001,100.01208099999999,นาน้ำฝน,แตกกอ,กข6,0,0,0,0,0,0,0,0,0,0,0,0,0,0,0,0,0,0,1.506,7.8310000000000004,0,0,0,0,0,0,0,0,0,0,0,0,5,พืชใบเลี้ยงคู่ใบกว้าง,NA
2024-07-15,เชียงราย,19.536944999999999,100.01153100000001,นาน้ำฝน,แตกกอ,กข6,0,0,0,0,0,0,0,0,0,0,0,0,0,0.2,0,0,0,0,1.96,4.41,0,0,0,0,0,0,0,0,0,0,0,0,5,กก,NA
2024-06-19,เชียงราย,20.247315,99.589721999999995,ข้าวไร่ที่สูง,ระยะกล้า,ข้าวไร่พันธุ์พื้นเมือง,24.11,0,0,0,0,0,0,0,0,0,0,0,0,0,0,0,0,0,0,0,0,0,0,0,0,0,0,0,0,0,0,0,3.33,พืชใบเลี้ยงคู่ใบกว้าง,NA
2024-06-19,เชียงราย,20.266055000000001,99.587672999999995,ข้าวไร่ที่สูง,ระยะกล้า,ข้าวไร่พันธุ์พื้นเมือง,12.14,0,0,0,0,0,0,0,0,0,0,0,0,0,0,0,0,0,0,0,0,0,0,0,0,0,0,0,0,0,0,0,5,พืชใบเลี้ยงคู่ใบกว้าง,NA
2024-06-10,มุกดาหาร,16.806985999999998,104.33158899999999,นาชลประทาน,แตกกอ,ขาวดอกมะลิ105,0,0,0,0,0,0,0,0,0,0,0,0,0,0,0,0,0,0,1.84,0,0,0,0,0,0,0,0,0,0,0,0,0,80,กก,กกทราย
2024-06-10,มุกดาหาร,16.806967,104.531524,นาชลประทาน,แตกกอ,ขาวดอกมะลิ105,0,0,0,0,0,0,0,0,0,0,0,0,0,0,0,0,0,0,1.94,1.08,0,0,0,0,0,0,0,0,0,0,0,0,5,หญ้า,หญ้านกสีชมพู
2024-06-10,มุกดาหาร,16.806967,104.531524,นาชลประทาน,แตกกอ,กข6,0,0,0,0,0,0,0,0,0,0,0,0,0,0,0,0,0,0,1.54,0,0,0,0,0,0,0,0,0,0,0,0,0,45,กก,กกทราย
2024-06-10,มุกดาหาร,16.651372500000001,104.44362700000001,นาชลประทาน,ระยะกล้า,กข6,0,0,0,0,0,0,0,0,0,0,0,0,0,0,0,0,0,0,0.56000000000000005,0,0,0,0,0,0,0,0,0,0,0,0,0,68.33,กก,กกทราย
2024-06-10,มุกดาหาร,16.651786000000001,104.49328800000001,นาชลประทาน,ระยะกล้า,กข6,0,0,0,0,0,0,0,0,0,0,0,0,0,0,0,0,0,0,0.32,0,0,0,0,0,0,0,0,0,0,0,0,0,0,NA,NA
2024-06-10,มุกดาหาร,16.475097000000002,104.358265,นาชลประทาน,ระยะกล้า,กข6 เตี้ย,0,0,0,0,0,0,0,0,0,0,0,0,0,0,0,0,0,0,0.38,0,0,0,0,0,0,0,0,0,0,0,0,0,80,กก,กกทราย
2024-06-10,มุกดาหาร,16.464257,104.348152,นาชลประทาน,แตกกอ,กข6,0,0,0,0,0,0,0,0,0,0,0,0,0,0,0,0,0,0,0.6,0,0,0.30,0,0,0,0,0,0,0,0,0,0,56.67,หญ้า,หญ้านกชมพู
2024-06-10,มุกดาหาร,16.403818000000001,104.386861,นาชลประทาน,ระยะกล้า,กข6,0,0,0,0,0,0,0,0,0,0,0,0,0,0,0,0,0,0,0,0,0,0,0,0,0,0,0,0,0,0,0,0,80,หญ้า,ตีนกา
2024-06-10,มุกดาหาร,16.917983,104.608751,นาชลประทาน,แตกกอ,มะลิ105,0,0,0,0,0,0,0,0,0,0,0,0,0,0,0,0,0,0,0,0,0,0,0,0,0,0,0,0,0,0,0,0,80,กก,กกทราย
2024-06-10,นครพนม,16.918119000000001,104.60855599999999,นาชลประทาน,ระยะกล้า,กข6,0,0,0,0,0,0,0,0,0,0,0,0,0,0,0,0,0,0,0,0,0,0,0,0,0,0,0,0,0,0,0,0,80,กก,กกทราย
2024-06-11,สกลนคร,17.336690999999998,104.20881900000001,นาชลประทาน,ระยะกล้า,กข6,0,0,0,0,0,0,0,0,0,0,0,0,0,0,0,0,0,0,0,0,0,0,0,0,0,0,0,0,0,0,0,0,1.67,NA,NA
2024-06-11,สกลนคร,17.335843000000001,104.2088916,นาชลประทาน,ระยะกล้า,กข6,0,0,0,0,0,0,0,0,0,0,0,0,0,0,0,0,0,0,0,0,0,00,0,0,0,0,0,0,0,0,0,0,1.67,NA,NA
2024-06-10,สกลนคร,17.3371,104.209757,นาชลประทาน,ระยะกล้า,มะลิ105,0,0,0,0,0,0,0,0,0,0,0,0,0,0,0,0,0,0,0,0,0,0,0,0,0,0,0,0,0,0,0,0,0,NA,NA
2024-06-11,สกลนคร,17.335111000000001,104.207919,นาชลประทาน,ระยะกล้า,กข6,0,0,0,0,0,0,0,0,0,0,0,0,0,0,0,0,0,0,0,0,0,0,0,0,0,0,0,0,0,0,0,0,0,NA,0
2024-06-11,สกลนคร,17.267706,104.191275,นาชลประทาน,ระยะกล้า,มะลิ105,0,0,0,0,0,0,0,0,0,0,0,0,0,0,0,0,0,0,1.23,5.25,0,00,0,0,0,0,0,0,0,0,0,0,80,กก,กกทราย
2024-06-11,สกลนคร,17.266949,104.191963,นาชลประทาน,ระยะกล้า,มะลิ105,0,0,0,0,0,0,0,0,0,0,0,0,0,0,0,0,0,0,4.04,2.2400000000000002,0,1.79,0,0,0,0,0,0,0,0,0,0,80,NA,NA
2024-06-11,นครพนม,17.451723000000001,104.23998,นาชลประทาน,ระยะกล้า,กข6,0,0,0,0,0,0,0,0,0,0,0,0,0,00,0,0,0,0,0.35,0,0,0,0,0,0,0,0,0,0,0,0,0,1.67,NA,NA
2024-06-11,นครพนม,17.451781,104.238944,นาชลประทาน,ระยะกล้า,กข6,0,0,0,0,0,0,0,0,0,0,0,0,00,0,0,0,0,0,4.55,0.45,0,0,0,0,0,0,0,0,0,0,0,0,2.67,NA,NA
2024-06-11,นครพนม,17.614214,104.494342,นาชลประทาน,ระยะกล้า,มะลิ105,0,0,0,0,0,0,0,0,0,0,0,00,0,0,0,0,0,0,0,0,0,0,0,0,0,0,0,0,0,0,0,0,30,NA,NA
2024-06-11,นครพนม,17.614322000000001,104.494297,นาชลประทาน,ระยะกล้า,มะลิ105,0,0,0,0,0,0,0,0,0,0,0,0,0,0,0,0,0,0,0,0.52,0,0,0,0,0,0,0,0,0,0,0,0,23.33,NA,NA
2024-06-11,นครพนม,17.889748999999998,104.218828,นาชลประทาน,แตกกอ,กข6,0,0,0,0,0,0,0,0,0,5.35,0,0,0,0,0,0,0,0,0,0.21,0,0,0,0,0,0,0,0,0,0,0,0,5,NA,NA
2024-06-11,นครพนม,17.889375999999999,104.21937,นาชลประทาน,แตกกอ,กข6,0,0,0,0,0,0,0,0,0,8.8000000000000007,0,0,0,0,0,0,0,0,0,0,0,0,0,0,0,0,0,0,0,0,0,0,0,NA,NA
2024-06-11,นครพนม,17.889669999999999,104.218234,นาชลประทาน,แตกกอ,กข6,0,0,0,0,0,0,0,0,0,0,0,0,0,0,0,0,0,0,0,0,0,0,0,0,0,0,0,0,0,0,0,0,1.67,NA,NA
2024-06-11,นครพนม,17.889392999999998,104.218068,นาชลประทาน,แตกกอ,กข6,0,0,0,0,0,0,0,0,0,0,0,0,0,0,0,0,0,0,0,0,0,0,0,0,0,0,0,0,0,0,0,0,1.67,NA,NA
2024-06-12,สกลนคร,17.389009999999999,103.332429,นาชลประทาน,แตกกอ,มะลิ105,0,0,0,0,0,0,0,0,0,0,0,0,0,0,0,0,0,0,0,0,0,0,0,0,0,0,0,0,0,0,0,0,56.67,NA,NA
2024-06-12,สกลนคร,17.388603,103.33230500000001,นาชลประทาน,แตกกอ,น่าน59,0,0,0,0,0,0,0,0,0,0.39,0,0,0,0,0,0,0,0,0.39,0,0,0.39,0,0,0,0,0,0,0,0,0,0,80,NA,NA
2024-06-12,สกลนคร,17.388650999999999,103.331262,นาชลประทาน,แตกกอ,ข้าวเหีนยวลืมผัว ,0,0,0,0,0,0,0,0,0,0.28999999999999998,0,0,0,0,0,0,0,0,0.28999999999999998,0,0,0,0,0,0,0,0,0,0,0,0,0,23.33,NA,NA
2024-06-12,อุดรธานี,17.466811,103.191413,นาชลประทาน,ระยะกล้า,กข6,0,0,0,0,0,0,0,0,0,0.55000000000000004,0,0,0,0,0,0,0,0,0.55000000000000004,0,0.55000000000000004,0,0,0,0,0,0,0,0,0,0,0,0,NA,NA
2024-06-12,อุดรธานี,17.483408000000001,103.21944499999999,นาชลประทาน,ระยะกล้า,มะลิ105,0,0,0,0,0,0,0,0,0,0,0,0,0,0,0,0,0,0,0,0,0,0.47,0,0,0,0,0,0,0,0,0,0,53.33,NA,NA
2024-06-12,อุดรธานี,17.482811999999999,103.219061,นาชลประทาน,ระยะกล้า,กข6,0,0,0,0,0,0,0,0,0,0,0,0,0,0,0,0,0,0,0,0,0,1.38,0,0,0,0,0,0,0,0,0,0,26.67,NA,NA
2024-06-12,อุดรธานี,17.598903,102.570606,นาชลประทาน,ระยะกล้า,กข6,0,0,0,0,0,0,0,0,0,0,0,0,0,0,0,0,0,0,0.34,0,0,0,0,0,0,0,0,0,0,0,0,0,3.33,NA,NA
2024-06-12,อุดรธานี,17.598775,102.570379,นาชลประทาน,ระยะกล้า,กข6,0,0,0,0,0,0,0,0,0,0,0,0,0,0,0,0,0,0,0,0,0,0,0,0,0,0,0,0,0,0,0,0,3.33,NA,NA
2024-06-12,อุดรธานี,17.598748000000001,102.570382,นาชลประทาน,ระยะกล้า,มะลิ105,0,0,0,0,0,0,0,0,0,0,0,0,0,0,0,0,0,0,0,0,0,0,0,0,0,0,0,0,0,0,0,0,31.67,NA,NA
2024-06-13,เลย,17.379467000000002,101.743701,นาชลประทาน,แตกกอ,น่าน59,0,0,0,0,0,0,0,0,0,0,0,0,0,0,0,0,0,0,0,0,0,0,0,0,0,0,0,0,0,0,0,0,48.33,NA,NA
2024-06-13,เลย,17.379460999999999,101.743966,นาชลประทาน,แตกกอ,น่าน59,0,0,0,0,0,0,0,0,0,0,0,0,0,0,0,0,0,0,0,0,0,0,0,0,0,0,0,0,0,0,0,0,30,NA,NA
2024-06-13,เลย,17.304749999999999,101.74645599999999,นาชลประทาน,แตกกอ,มะลิ105,0,0,0,0,0,0,0,0,0,0,0,0,0,0,0,0,0,0,4.13,0,0,1.83,0,0,0,0,0,0,0,0,0,0,43.33,NA,NA
2024-06-13,เลย,17.304628000000001,101.746577,นาชลประทาน,แตกกอ,มะลิ105,0,0,0,0,0,0,0,0,0,0,0,0,0,0,0,0,0,0,0,0,0,0,0,0,0,0,0,0,0,0,0,0,68.33,NA,NA
2024-06-13,เลย,17.302937,101.748859,นาชลประทาน,แตกกอ,กข6,0,0,0,0,0,0,0,0.3,0,0,0,0,0,0,0,0,0,0,1.22,0,3.05,0,0,0,0,0,0,0,0,0,0,0,10,NA,NA
2024-06-13,เลย,17.303025999999999,101.748856,นาชลประทาน,แตกกอ,มะลิ105,0,0,0,0,0,0,0,0.81,0,0,0,0,0,0,0,0,0,0.27,1.89,0,0,0.27,0,0,0,0,0,0,0,0,0,0,23.33,หญ้า,NA
2024-06-13,เลย,17.491274000000001,101.93014700000001,นาชลประทาน,แตกกอ,อัญสิริน,0,0,0,0,0,0,0,0,0,0,0,0,0,0,0,0,0,0,1.01,0,0.5,0.5,0,0,0,0,0,0,0,0,0,0,10,NA,NA
2024-06-13,เลย,17.491593999999999,101.929862,นาชลประทาน,แตกกอ,อัญสิริน,0,0,0,0,0,0,0,0,0,0,0,0,0,0,0,0,0,0,5.21,0,0,0,0,0,0,0,0,0,0,0,0,0,45,หญ้า,หญ้านกชมพู
2024-06-13,เลย,17.490960000000001,101.930048,นาชลประทาน,ระยะกล้า,อัญสิริน,0,0,0,0,0,0,0,0,0,0,0,0,0,0,0,0,0,0,2.56,0,0,0,0,0,0,0,0,0,0,0,0,0,80,NA,NA
2024-06-13,หนองบัวลำภู,17.434142999999999,101.994452,นาชลประทาน,แตกกอ,มะลิ105,0,0,0,0,0,0,0,0,0,1.39,2,0,0,0,0,0,0,0,0.52,0,0,1.57,0,0,0,0,0,0,0,0,0,0,3.33,NA,NA
2024-06-13,หนองบัวลำภู,17.435130999999998,101.994533,นาชลประทาน,แตกกอ,มะลิ105,0,0,0,0,0,0,0,0,0,0,0,0,0,0,0,0,0,0,4.4000000000000004,0,1.92,1.65,0,0,0,0,0,0,0,0,0,0,48.33,NA,NA
2024-06-13,หนองบัวลำภู,17.420797,102.003494,นาชลประทาน,แตกกอ,หอมภูพาน,0,0,0,0,0,0,0,0,0,0,0,0,0,0,0,0,0,0,0,0,0,0,0,0,0,0,0,0,0,0,0,0,80,NA,NA
2024-06-13,หนองบัวลำภู,17.422636000000001,102.002104,นาชลประทาน,แตกกอ,มะลิ105,0,0,0,0,0,0,0,0,0,0,0,0,0,0,0,0,0,0,1.35,0,0,0.54,0,0,0,0,0,0,0,0,0,0,31.67,NA,NA
2024-06-13,หนองบัวลำภู,17.420797,102.003494,นาชลประทาน,แตกกอ,กข6,0,0,0,0,0,0,0,0,0,0,0,0,0,0,0,0,0,0,0.26,0,0.26,0.79,0,0,0,0,0,0,0,0,0,0,26.67,NA,NA
2024-06-14,หนองบัวลำภู,17.122693000000002,102.39904799999999,นาชลประทาน,แตกกอ,กข6,0,0,0,0,0,0,0,0,0,0,0,0,0,0,0,0,0,0,1.1599999999999999,0,0,0,0,0,0,0,0,0,0,0,0,0,80,กก,กกทราย
2024-06-14,หนองบัวลำภู,17.123059999999999,102.39932400000001,นาชลประทาน,แตกกอ,กข6,0,0,0,0,0,0,0,0,0,0,0,0,0,0,0,0,0,0,0.95,0,0,0,0,0,0,0,0,0,0,0,0,0,0,หญ้า,หญ้าขน
2024-06-14,หนองบัวลำภู,16.99577,102.247651,นาชลประทาน,ระยะกล้า,มะลิ105,0,0,0,0,0,0,0,0,0,0,0,0,0,0,0,0,0,0,0,0,0,0,0,0,0,0,0,0,0,0,0,0,68.33,หญ้า,หญ้าขน
2024-06-14,หนองบัวลำภู,17.013354,102.21661,นาชลประทาน,แตกกอ,กข6,0,0,0,0,0,0,0,0,0,0,0,0,0,0,0,0,0,0,0,0,0,0,0,0,0,0,0,0,0,0,0,0,0,NA,NA
2024-06-14,หนองบัวลำภู,17.013507000000001,102.216596,นาชลประทาน,แตกกอ,มะลิ105,0,0,0,0,0,0,0,0,0,0,0,0,0,0,0,0,0,0,0.73,0,0,0.36,0,0,0,0,0,0,0,0,0,0,53.33,NA,NA
2024-06-14,หนองบัวลำภู,17.285665999999999,102.603138,นาชลประทาน,แตกกอ,มะลิ105,0,0,0,0,0,0,0,0,0,0,0,0,00,0,0,0,0,0,0,0,0,0.41,0,0,0,0,0,0,0,0,0,0,41.67,กก,กกทราย
2024-06-14,หนองบัวลำภู,17.285495000000001,102.35760000000001,นาชลประทาน,แตกกอ,มะลิ105,0,0,0,0,0,0,0,0,0,0,0,0,0,0,0,0,0,0,2.3199999999999998,0,0.57999999999999996,0.58,0,0,0,0,0,0,0,0,0,0,8.33,หญ้า,หญ้านกชมพู
2024-06-18,ยโสธร,15.821965000000001,104.333906,นาชลประทาน,ระยะกล้า,กข6,0,0,0,0,0,0,0,0,0,0,0,0,0,0,0,0,0,0,5.58,0,0,0,0,0,0,0,0,0,0,0,0,0,80,หญ้า,โสนขาว
2024-06-18,ยโสธร,15.821738,104.334878,นาชลประทาน,ระยะกล้า,มะลิ105,0,0,0,0,0,0,0,0,0,0,0,0,0,0,0,0,0,0,6.05,0,0,0,0,0,0,0,0,0,0,0,0,0,80,NA,NA
2024-06-18,ยโสธร,15.821342,104.336231,นาชลประทาน,ระยะกล้า,มะลิ105,0,0,0,0,0,0,0,0,0,0,0,0,0,0,0,0,0,0,0,0,0,0,0,0,0,0,0,0,0,0,0,0,80,กก,กกทราย
2024-06-18,ยโสธร,15.736533,104.324817,นาชลประทาน,ระยะกล้า,มะลิ105,0,0,0,0,0,0,0,0,0,0,0,0,0,0,0,0,0,0,0,2.65,0,0,0,0,0,0,0,0,0,0,0,0,0,NA,NA
2024-06-18,ยโสธร,15.736506,104.32480700000001,นาชลประทาน,ระยะกล้า,มะลิ105,0,0,0,0,0,0,0,0,0,0,0,0,0,0,0,0,0,0,1.1399999999999999,0,0,0,0,0,0,0,0,0,0,0,0,0,5,NA,NA
2024-06-19,อำนาจเจริญ,15.828179,104.613287,นาชลประทาน,ระยะกล้า,มะลิ105,0,0,0,0,0,0,0,0,0,0,0,0,0,0,0,0,0,0,2.66,0.24,0,0,0,0,0,0,0,0,0,0,0,0,23.33,NA,NA
2024-06-19,อำนาจเจริญ,15.828742999999999,104.61355500000001,นาชลประทาน,ระยะกล้า,กข6,0,0,0,0,0,0,3.37,0,0,0,0,0,0,0,0,0,0,0,0.56000000000000005,0,0,0,0,0,0,0,0,0,0,0,0,0,48.33,NA,NA
2024-06-19,อำนาจเจริญ,15.7187,104.63995300000001,นาชลประทาน,ระยะกล้า,มะลิ105,0,0,0,0,0,0,0,0,0,0,0,0,0,0,0,0,0,0,2.27,0,0,0.45,0,0,0,0,0,0,0,0,0,0,80,กก,กกทราย
2024-06-19,อำนาจเจริญ,15.729068,104.653334,นาชลประทาน,ระยะกล้า,มะลิ105,0,0,0,0,0,0,0,0,0,0,0,0,0,0,0,0,0,0,0,0,0,1.06,0,0,0,0,0,0,0,0,0,0,80,กก,กกทราย
2024-06-19,อำนาจเจริญ,15.729115,104.653313,นาชลประทาน,ระยะกล้า,กข15,0,0,0,0,0,0,0,0,0,0,0,0,0,0,0,0,0,0,2.35,0,0,0.34,0,0,0,0,0,0,0,0,0,0,80,NA,NA
2024-06-19,อำนาจเจริญ,15.774680999999999,104.693804,นาชลประทาน,ระยะกล้า,มะลิ105,0,0,0,0,0,0,0,0,0,0,0,0,0,0,0,0,0,0,2.67,0,0,0.22,0,0,0,0,0,0,0,0,0,0,68.33,กก,กกทราย
2024-06-19,อำนาจเจริญ,15.774374999999999,104.69387999999999,นาชลประทาน,ระยะกล้า,มะลิ105,0,0,0,0,0,0,0,0,0,0,0,0,0,0,0,0,0,0,1.07,0,0,0,0,0,0,0,0,0,0,0,0,0,80,หญ้า,หญ้านกชมพู หญ้าปากควาย
2024-06-19,อำนาจเจริญ,15.735435000000001,104.814572,นาชลประทาน,ระยะกล้า,กข15,0,0,0,0,0,0,0,0,0,0,0,0,0,0,0,0,0,0,2.2599999999999998,0,0,0,0,0,0,0,0,0,0,0,0,0,80,NA,NA
2024-06-19,อำนาจเจริญ,15.735063,104.814786,นาชลประทาน,ระยะกล้า,กข15,0,0,0,0,0,0,0,0,0,0,0,0,0,0,0,0,0,0,1.97,0,0,0,0,0,0,0,0,0,0,0,0,0,80,NA,NA
2024-06-19,อำนาจเจริญ,15.735147,104.81529,นาชลประทาน,ระยะกล้า,กข15,0,0,0,0,0,0,0,0,0,0,0,0,0,0,0,0,0,0,0,0,0,0,0,0,0,0,0,0,0,0,0,0,33.33,NA,NA
2024-06-20,สุรินทร์,14.950710000000001,103.500675,นาชลประทาน,ระยะกล้า,กข15,0,0,0,0,0,0,0,0,0,0,0,0,0,0,0,0,0,0,0,0,0,0,0,0,0,0,0,0,0,0,0,0,5,NA,NA
2024-06-20,สุรินทร์,14.950248999999999,103.50066099999999,นาชลประทาน,ระยะกล้า,กข15,0,0,0,0,0,0,0,0,0,0,0,0,0,0,0,0,0,0,0,0,0,0,0,0,0,0,0,0,0,0,0,0,3.33,NA,NA
2024-06-20,สุรินทร์,14.950244,103.499566,นาชลประทาน,ระยะกล้า,กข15,0,0,0,0,0,0,0,0,0,0,0,0,0,0,0,0,0,0,0,0,0,0,0,0,0,0,0,0,0,0,0,0,1.67,NA,NA
2024-01-12,สุรินทร์,14.964817,103.481189,นาชลประทาน,ระยะกล้า,มะลิ105,0,0,0,0,0,0,0,0,0,0,0,0,0,0,0,0,0,0,0.9,0,0,0,0,0,0,0,0,0,0,0,0,0,10,พืชใบเลี้ยงคู่ใบกว้าง,ผักบุ้ง
2024-06-20,สุรินทร์,15.154726,103.659486,นาชลประทาน,แตกกอ,มะลิ105,0,0,0,0,0,0,0,0,0,0.49,0,0,0,0,0,0,0,0,1.23,0,0,0.25,0,0,0,0,0,0,0,0,0,0,48.33,NA,NA
2024-06-20,สุรินทร์,15.154949,103.659221,นาชลประทาน,แตกกอ,มะลิ105,0,0,0,0,0,0,0,0,0,0,0,0,0,0,0,0,0,0,2.2999999999999998,0,0,0,0,0,0,0,0,0,0,0,0,0,20,NA,NA
2024-06-20,สุรินทร์,15.15498,103.65885299999999,นาชลประทาน,ระยะกล้า,มะลิ105,0,0,0,0,0,0,0,0,0,0,0,0,0,0,0,0,0,0,1.1200000000000001,0,0,0,0,0,0,0,0,0,0,0,0,0,80,NA,NA
2024-06-20,สุรินทร์,15.142422,103.719374,นาชลประทาน,ระยะกล้า,มะลิ105,0,0,0,0,0,0,0,0,0,1.44,0,0,0,0,0,0,0,0,0.28999999999999998,4.32,0,0,0,0,0,0,0,0,0,0,0,0,60,NA,NA
2024-06-21,ศรีสะเกษ,15.06162,104.272959,นาชลประทาน,ระยะกล้า,มะลิ105,0,0,0,0,0,0,0,0,0,0,0,0,0,0,0,0,0,0,2.35,0,0,0.88,0,0,0,0,0,0,0,0,0,0,43.33,NA,NA
2024-06-21,ศรีสะเกษ,15.062804,104.261529,นาชลประทาน,ระยะกล้า,มะลิ105,0,0,0,0,0,0,0,0,0,0,0,0,0,0,0,0,0,0,0,0,0,0,0,0,0,0,0,0,0,0,0,0,3.33,NA,NA
2024-06-21,ศรีสะเกษ,15.061539,104.26105699999999,นาชลประทาน,ระยะกล้า,มะลิ105,0,0,0,0,0,0,0,0,0,0,0,0,0,0,0,0,0,0,0.27,0,0,0,0,0,0,0,0,0,0,0,0,0,10,พืชใบเลี้ยงคู่ใบกว้าง,แตงโม
2024-06-21,ศรีสะเกษ,15.024336,104.106233,นาชลประทาน,ระยะกล้า,มะลิ105,0,0,0,0,0,0,0,0,0,0,0,0,0,0,0,0,0,0,0,0,0,00,0,0,0,0,0,0,0,0,0,0,16.670000000000002,NA,NA
2024-06-21,ศรีสะเกษ,15.024982,104.10617499999999,นาชลประทาน,ระยะกล้า,มะลิ105,0,0,0,0,0,0,0,0,0,0,0,0,0,0,0,0,0,0,0.25,0,0,0,0,0,0,0,0,0,0,0,0,0,43.33,NA,NA
2024-06-21,ศรีสะเกษ,15.024020999999999,104.105836,นาชลประทาน,ระยะกล้า,มะลิ105,0,0,0,0,0,0,0,0,0,0,0,0,0,0,0,0,0,0,0,0,0,0,0,0,0,0,0,0,0,0,0,0,8.33,NA,NA
2024-06-21,ศรีสะเกษ,15.040151,104.115161,นาชลประทาน,ระยะกล้า,มะลิ105,0,0,0,0,0,0,0,0,0,0,0,0,0,0,0,0,0,0,0,0,0,0,0,0,0,0,0,0,0,0,0,0,8.33,NA,NA
2024-06-21,ศรีสะเกษ,15.044771000000001,104.117858,นาชลประทาน,ระยะกล้า,มะลิ105,0,0,0,0,0,0,0,0,0,0,0,0,0,0,0,0,0,0,0,0,0,0,0,0,0,0,0,0,0,0,0,0,15,NA,NA
2024-06-21,ศรีสะเกษ,14.926769,104.046913,นาชลประทาน,ระยะกล้า,มะลิ105,0,0,0,0,0,0,0,0,0,0,0,0,0,00,0,0,0,0,0,0,0,0,0,0,0,0,0,0,0,0,0,0,80,NA,NA
2024-06-21,ศรีสะเกษ,14.926232000000001,104.04687300000001,นาชลประทาน,ระยะกล้า,มะลิ105,0,0,0,0,0,0,0,0,0,0,0,0,0,0,0,0,0,0,0,0,0,0,0,0,0,0,0,0,0,0,0,0,48.33,NA,NA
2024-07-26,ลำปาง,18.74962,99.988236999999998,นาน้ำฝน,ระยะกล้า,สันป่าตอง 1,0,0,0,0,0,0,4.04,0,0,0,0,0,0,0,0,0,0,0,2.21,0,0,0,0,0,0,0,0,0,0,0,0,0,5,พืชใบเลี้ยงคู่ใบกว้าง,NA
2024-07-26,ลำปาง,18.752094,99.987438999999995,นาน้ำฝน,ระยะกล้า,สันป่าตอง 1,0,0,0,0,0,0,0,0,0,0,0,0,0,0,0,0,0,0,0,0,0,0,0,0,0,0,0,0,0,0,0,0,10,พืชใบเลี้ยงคู่ใบกว้าง,NA
2024-07-26,พะเยา,19.147735000000001,99.857962999999998,นาน้ำฝน,แตกกอ,ขาวดอกมะลิ 105,0,0,0,0,0,0,0,0,0,0,0,0,0,0,0,0,0,0,3.51,0,0,0,0,0,0,0,0,0,0,0,0,0,10,พืชใบเลี้ยงคู่ใบกว้าง,NA
2024-07-26,พะเยา,19.147141999999999,99.857951,นาน้ำฝน,ระยะกล้า,ขาวดอกมะลิ 105,0,0,0,0,0,0,4.08,0,0.68,0,0,0,0,0,0,0,0,0,2.72,0,0,0,0,0,0,0,0,0,0,0,0,0,3.33,พืชใบเลี้ยงคู่ใบกว้าง,NA
2024-07-30,เชียงใหม่,18.706085000000002,98.912792999999994,นาน้ำฝน,ระยะกล้า,สันป่าตอง 1,0,1,0,0,0,0,19.27,0,0,0,0,0,0,0,0,0,0,0,0,0,0,0,0,0,0,0,0,0,0,0,0,0,5,พืชใบเลี้ยงคู่ใบกว้าง,NA
2024-07-30,เชียงใหม่,18.705598999999999,98.912103000000002,นาน้ำฝน,ระยะกล้า,สันป่าตอง 1,0,0,0,0,0,0,35.83,0,0,0,0,0,0,0,0,0,0,0,0,0,0,0,0,0,0,0,0,0,0,0,0,0,5,พืชใบเลี้ยงคู่ใบกว้าง,NA
2024-07-31,เชียงใหม่,18.620421,98.867001999999999,นาน้ำฝน,แตกกอ,ไม่ทราบพันธุ์ข้าว,0,0,0,0,0,0,0,0,0,0,0,0.3,0.5,0.3,0,0,0,0,10.68,0,0,0,0,0,0,0,0,0,0,0,0,0,3.33,พืชใบเลี้ยงคู่ใบกว้าง,ผักปอดนา
2024-07-31,เชียงใหม่,18.621763000000001,98.867887999999994,นาน้ำฝน,แตกกอ,ไม่ทราบพันุ์ข้าว,0,0.3,0,0,0,0,0,0,0,0,0,0,0,0,0,0,0,0,1.91,0,0,0,0,0,0,0,0,0,0,0,0,0,3.33,พืชใบเลี้ยงคู่ใบกว้าง,ผักปอดนา
2024-07-31,ลำพูน,18.621763000000001,98.867887999999994,นาน้ำฝน,แตกกอ,สันป่าตอง 1,0,0.2,0,0,0,0,0,0,0,0,0.5,2.0,0,0,0,0,0,0,13.78,0,0,0,0,0,0,0,0,0,0,0,0,0,0,NA,NA
2024-07-31,ลำพูน,18.502282000000001,98.938149999999993,นาน้ำฝน,ระยะกล้า,สันป่าตอง 1,0,0,0,0,0,0,0,0,0,0,0,0,0,0,0,0,0,0,3.33,0,0,0,0,0,0,0,0,0,0,0,0,0,5,พืชใบเลี้ยงคู่ใบกว้าง,NA
2024-07-31,ลำพูน,18.568216,99.036865000000006,นาน้ำฝน,ระยะกล้า,ไม่ทราบพันธุ์ข้าว,0,0,0,0,0,0,3.76,0,0,0,0,0,0.2,0,0,0,0,0,0,0,0,0,0,0,0,0,0,0,0,0,0,0,15,พืชใบเลี้ยงคู่ใบกว้าง,NA
2024-06-14,เชียงราย,19.520735999999999,99.743334000000004,นาชลประทาน,ระยะกล้า,สันป่าตอง 1,0,1.5,0,0,0,0,0,0,0,0,0,0,0,0,0,0,0,0,0,0,0,0,0,0,0,0,0,0,0,0,0,0,0,NA,NA
2024-06-21,เชียงราย,19.516107000000002,99.736653000000004,นาชลประทาน,ระยะกล้า,กข15,0,0,0,0,0,0,0,0,0,0,0,0,0,0,0,0,0,0,2.15,0,0,0,0,0,0,0,0,0,0,0,0,0,5,พืชใบเลี้ยงคู่ใบกว้าง,ผักปอดนา
2024-06-21,เชียงราย,19.518560000000001,99.734075000000004,นาชลประทาน,ระยะกล้า,สันป่าตอง 1,0,0,0,0,0,0,0,0,0,0,0,0,0,0,0,0,0,0,0,0,0,0,0,0,0,0,0,0,0,0,0,0,0,NA,NA
2024-06-28,แพร่,18.024151,100.086422,นาชลประทาน,ระยะกล้า,น่าน 59,0,0.4,0,0,0,0,2.42,0,0,0,0,0,0,0,0,0,0,0,4.84,0,0,0,0,0,0,0,0,0,0,0,0,0,3.33,กก,NA
2024-06-28,แพร่,18.023295999999998,100.08587199999999,นาชลประทาน,ระยะกล้า,น่าน 59,0,0.3,0,0,0,0,5.48,0,0,0,0,0,0,0,0,0,0,0,0,0,0,0,0,0,0,0,0,0,0,0,0,0,10,พืชใบเลี้ยงคู่ใบกว้าง,ผักปอดนา
2024-06-28,แพร่,18.023295999999998,100.08587199999999,นาชลประทาน,ระยะกล้า,น่าน 59,0,0.3,0,0,0,0,5.48,0,0,0,0,0,0,0,0,0,0,0,0,0,0,0,0,0,0,0,0,0,0,0,0,0,10,พืชใบเลี้ยงคู่ใบกว้าง,ผักปอดนา
2024-06-28,แพร่,18.247530000000001,100.205123,นาชลประทาน,ระยะกล้า,สันป่าตอง 1,0,0.6,0,0,0,0,0,0,0,0,0,0,0,0,0,0,0,0,6.33,0,0,0,0,0,0,0,0,0,0,0,0,0,1.67,พืชใบเลี้ยงคู่ใบกว้าง,NA
2024-06-28,แพร่,18.248799000000002,100.20531200000001,นาชลประทาน,ระยะกล้า,สันป่าตอง 1,0,0,0,0,0,0,1.94,0,0,0,0,0,0,0,0,0,0,0,0,0,0,0,0,0,0,0,0,0,0,0,0,0,5,พืชใบเลี้ยงคู่ใบกว้าง,ผักปอดนา
2024-06-28,แพร่,18.274477999999998,100.20097,นาชลประทาน,ระยะกล้า,สันป่าตอง 1,0,0,0,0,0,0,0,0,0,0,0,0,0,0,0,0,0,0,29.5,0,0,0,0,0,0,0,0,0,0,0,0,0,10,กก,NA
2024-06-28,แพร่,18.273648999999999,100.20264899999999,นาชลประทาน,ระยะกล้า,สันป่าตอง 1,0,1.0,0,0,0,0,0,0,0,0,0,0,0,0,0,0,0,0,4.53,0,0,0,1.34,0,0,0,0,0,0,0,0,0,3.33,กก,NA
2024-06-29,เชียงราย,19.521093,99.742200999999994,นาชลประทาน,ระยะกล้า,น่าน 59,0,3.4,0,0,0,0,0,0,0,0,0,0,0,0,0,0,0,0,0,0,0,0,0,0,0,0,0,0,0,0,0,0,0,NA,NA
2024-07-26,ลำปาง,18.836946000000001,99.946276999999995,นาชลประทาน,แตกกอ,น่าน 59,3.03,0,0,0,0,0,12.88,0,0,0.76,0,0.6,0,0.1,0,0,0,0,0,0,0,0,0,0,0,0,0,0,0,0,0,0,0,NA,NA
2024-07-26,ลำปาง,18.840373,99.947424999999996,นาชลประทาน,ระยะกล้า,ขาวดอกมะลิ 105,0,0,0,0,0,0,60.4,0,0,0,0,0,0,0,0,0,0,0,0,0,0,0,0,0,0,0,0,0,0,0,0,0,1.67,พืชใบเลี้ยงคู่ใบกว้าง,NA
2024-07-26,พะเยา,19.426888999999999,99.776123999999996,นาชลประทาน,แตกกอ,ขาวดอกมะลิ 105,0,0.4,0,0,0,0,0,0,0,0,0,0,0,0,0,0,0,0,1.38,0,0,0,0,0,0,0,0,0,0,0,0,0,3.33,กก,NA
2024-07-26,พะเยา,19.430181999999999,99.790270000000007,นาชลประทาน,แตกกอ,ขาวดอกมะลิ 105,0,0,0,0,0,0,0,0,0,0,0.2,0,0,0,0,0,0,0,0.5,0,0,0,0,0,0,0,0,0,0,0,0,0,5,พืชใบเลี้ยงคู่ใบกว้าง,ผักปอดนา
2024-07-30,เชียงใหม่,18.876272,99.13991,นาชลประทาน,ระยะกล้า,ไม่ทราบพันธุ์ข้าว,0,1.1,0,0,0,0,0,0,0,0,0,0.2,0.1,0,0,0,0,0,0,0,0,0,0,0,0,0,0,0,0,0,0,0,3.33,กก,NA
2024-07-30,เชียงใหม่,18.87593,99.145163999999994,นาชลประทาน,ระยะกล้า,ไม่ทราบพันธุ์ข้าว,0,0.3,0,0,0,0,0,0,0,0,0,0,0,0,0,0,0,0,9.26,0,0,0,0,0,0,0,0,0,0,0,0,0,0,NA,NA
2024-07-30,เชียงใหม่,18.772268,99.101598999999993,นาชลประทาน,ระยะกล้า,ไม่ทราบพันธุ์ข้าว,0,0.4,0,0,0,0,31,0,0,0,0,0,0,0,0,0,0,0,0,0,0,0,0,0,0,0,0,0,0,0,0,0,0,NA,NA
2024-07-30,เชียงใหม่,18.774139000000002,99.102919,นาชลประทาน,แตกกอ,ไม่ทราบพันธุ์ข้าว,0,0.8,0,0,0,0,0,0,0,0,0,0,0,0,0,0,0,0,0,0,0,0,0,0,0,0,0,0,0,0,0,0,3.33,หญ้า,NA
2024-07-31,เชียงใหม่,18.629543000000002,98.887888000000004,นาชลประทาน,ระยะกล้า,ไม่ทราบพันธุ์ข้าว,0,0.2,0,0,0,0,0,0,0,0,0,0,0,0,0,0,0,0,9.6999999999999993,0,0,0,0,0,0,0,0,0,0,0,0,0,1.67,พืชใบเลี้ยงคู่ใบกว้าง,NA
2024-07-31,เชียงใหม่,18.633431999999999,98.882633999999996,นาชลประทาน,ระยะกล้า,สันป่าตอง 1,0,1.7,0,0,0,0,0,0,0,0,0,0,0,0,0,0,0,0,0,38.43,0,0,0,0,0,0,0,0,0,0,0,0,3.33,พืชใบเลี้ยงคู่ใบกว้าง,NA
2024-08-08,น่าน,19.039124000000001,101.17151800000001,นาน้ำฝน,แตกกอ,สันป่าตอง 1,0,0,0,0,0,0,0,0,0,0,0,1.0,0,0,0,0,0,0,0,0,0,0,0,0,0,0,0,0,0,0,0,0,5,พืชใบเลี้ยงคู่ใบกว้าง,ขาเขียด
2024-08-08,น่าน,19.037742999999999,101.173731,นาน้ำฝน,แตกกอ,สันป่าตอง 1,9,0.7,0,0,0,0,0,0,0,0,0,0.8,0,0,0,0,0,0,0,0,0,0,0,0,0,0,0,0,0,0,0,0,0,NA,NA
2024-08-08,น่าน,18.944298,100.923703,นาน้ำฝน,แตกกอ,ไม่ทราบพันธุ์ข้าว,0,0,0,0,0,0,0,0,0,0,0,1.6,0,0,0,0,0,0,2.69,0,0,0,0,0,0,0,0,0,0,0,0,0,20,กก,NA
2024-08-08,น่าน,18.845524999999999,100.813378,นาน้ำฝน,แตกกอ,ไม่ทราบพันธุ์ข้าว,0,1.0,0,0,0,0,0,0,0,0,0,0,0,0,0,0,0,0,0,0,0,0,0,0,0,0,0,0,0,0,0,0,0,NA,NA
2024-08-08,สกลนคร,17.110309000000001,104.165457,นาชลประทาน,แตกกอ,มะลิ105,0,0,0,0,0,0,0,0,0,0.46,0,0,0,1,0,0,0,0,0,0.46,0.23,3.39,0,0,0,0,0,0,0,0,0,0,45,NA,NA
2024-08-08,สกลนคร,17.110309000000001,104.165547,นาชลประทาน,แตกกอ,กข6,0,0,0,0,0,0,0,0,0,0.8,0,0,0,0,0,0,0,0,0,2.67,27,0.27,0,0,0,0,0,0,0,0,0,0,40,กก,"กกหนวดปลาดุก , กกทราย , เทียนนา"
2024-08-08,น่าน,19.044854999999998,101.17258699999999,ข้าวไร่ที่สูง,แตกกอ,ขาวภูฟ้า,8.4600000000000009,0,0,0,0,0,0,0,0,0,0,0,0,0,0,0,0,0,5.96,11.92,0,0,0,0,0,0,0,0,0,0,0,0,3.33,พืชใบเลี้ยงคู่ใบกว้าง,NA
2024-08-08,น่าน,19.023789000000001,101.204925,ข้าวไร่ที่สูงขังน้ำ,ระยะกล้า,สันป่าตอง 1,0,0,0,0,0,0,1.85,0,0,0,0,0,0,0,0,0,0,0,0,0,0,0,0,0,0,0,0,0,0,0,0,0,0,NA,NA
2024-08-08,น่าน,19.018243999999999,101.18696799999999,ข้าวไร่ที่สูง,แตกกอ,ข้าวไร่พันธุ์พื้นเมือง,0,0,0,0,0,0,0,0,0,0,0,0,0,0,0,0,0,0,13.75,0,0,0,0,0,0,0,0,0,0,0,0,0,5,พืชใบเลี้ยงคู่ใบกว้าง,NA
2024-08-08,น่าน,19.058430000000001,101.169388,ข้าวไร่ที่สูง,แตกกอ,ข้าวไร่พันธุ์พื้นเมือง,0,0,0,0,0,0,0,0,0,0,0,0,0,0,0,0,0,0,0,2.17,0,0,0,0,0,0,0,0,0,0,0,0,15,พืชใบเลี้ยงคู่ใบกว้าง,NA
2024-08-08,น่าน,18.867594,100.60365,ข้าวไร่ที่สูง,แตกกอ,ข้าวไร่พันธุ์พื้นเมือง,0,0,0,0,0,0,0,0,0,0,0,0,0,0,0,0,0,0,24.51,0,0,0,0,0,0,0,0,0,0,0,0,0,5,พืชใบเลี้ยงคู่ใบกว้าง,NA
2024-08-09,สกลนคร,17.107116000000001,104.16486,นาชลประทาน,แตกกอ,กข6,0,0,0,0,0,0,0,0,0,0,0,0,0,0,0,0,0,0,0.56000000000000005,0.56000000000000005,5.59,13.41,0,0,0,0,0,0,0,0,0,0,80,NA,NA
2024-08-09,สกลนคร,17.106763000000001,104.165161,นาชลประทาน,แตกกอ,กข6,0,0,0,0,0,0,0,0,0,0,0,0,0,0,0,0,0,0,0,0,1.1100000000000001,4.44,0,0,0,0,0,0,0,0,0,0,60,NA,0
2024-08-09,สกลนคร,17.107648000000001,104.169302,นาชลประทาน,แตกกอ,กข6,0,0,0,0,0,0,0,0,0,0,0,0,0,1,0,0,0,0,0,0,3.63,15.03,0,0,0,0,0,0,0,0,0,0,80,หญ้า,NA
2024-08-09,สกลนคร,17.106321000000001,104.163751,นาชลประทาน,แตกกอ,กข6,0,0,0,0,0,0,0.55500000000000005,1.29,0.92,0,1,1,0,1,0,0,0,0,0,7.71,0,0,0,0,0,0,0,0,0,0,0,0,10,NA,NA
2024-08-09,สกลนคร,17.106328999999999,104.16376,นาชลประทาน,แตกกอ,กข6,0,0,0,0,0,0,0,0,0,0,0,0,0,1,0,0,0,0,0,20.81,0,0,0,0,0,0,0,0,0,0,0,0,26.67,กก,"กกขนาก , กกทราย"
2024-08-09,สกลนคร,17.105969999999999,104.16318099999999,นาชลประทาน,แตกกอ,กข6,0,0,0,0,0,0,2.4900000000000002,0,0,0.19,0,0,0,0,0,0,0,0,0,4.4000000000000004,0.56999999999999995,0.38,0,0,0,0,0,0,0,0,0,0,15,พืชใบเลี้ยงคู่ใบกว้าง,NA
2024-08-09,สกลนคร,17.104758,104.16150399999999,นาชลประทาน,แตกกอ,กข6,0,0,0,0,0,0,0,0,0,0,1,3,1,3,0,0,0,0,0,4.03,0,0.28,0,0,0,0,0,0,0,0,0,0,68.33,NA,NA
2024-08-13,สกลนคร,17.534569999999999,103.632791,นาชลประทาน,แตกกอ,กข6,0,0,0,0,0,0,0,0,0,0,0,5,0,0,0,0,0,0,0.74,0.74,0,0.25,0,0,0,0,0,0,0,0,0,0,26.67,กก,กกทราย
2024-08-13,สกลนคร,17.552166,103.59719699999999,นาชลประทาน,แตกกอ,กข15,0,0,0,0,0,0,0,0,0,0.22,0,3,0,0,0,0,0,0,1.55,9.73,0,0,0,0,0,0,0,0,0,0,0,0,3.33,กก,"กกทราย , บัว"
2024-08-13,สกลนคร,17.55274,103.596823,นาชลประทาน,แตกกอ,กข6,0,0,0,0,0,0,0,0,0,0,0,3,0,0,0,0,0,0,0,2.66,0,0,0,0,0,0,0,0,0,0,0,0,1.67,พืชใบเลี้ยงคู่ใบกว้าง,บัว
2024-08-13,สกลนคร,17.557480000000002,103.57510000000001,นาชลประทาน,แตกกอ,กข6,0,0,0,0,0,0,0,0,0,0,1,2,0,0,0,0,0,0,0.55000000000000004,0,0,0.83,0,0,0,0,0,0,0,0,0,0,80,พืชใบเลี้ยงคู่ใบกว้าง,บัว
2024-08-13,สกลนคร,17.547304,103.559895,นาชลประทาน,แตกกอ,ธัญสิริน,0,0,0,0,0,0,0,0,0,0,0,1,0,0,0,0,0,0,1.49,0,0,0,0,0,0,0,0,0,0,0,0,0,5,พืชใบเลี้ยงคู่ใบกว้าง,"บัว , ขาเขียด"
2024-08-13,สกลนคร,17.862424000000001,103.72002999999999,นาชลประทาน,แตกกอ,กข6,0,0,0,0,0,0,0,0,0,0,0,0,0,0,0,0,0,0,0.95,0,0,0,0,0,0,0,0,0,0,0,0,0,0,NA,NA
2024-08-13,สกลนคร,17.833793,103.809817,นาชลประทาน,แตกกอ,มะลิ105,0,0,0,0,0,0,0,0,0,0,0,2,0,4,0,0,0,0,1.18,0,0,0.94,0,0,0,0,0,0,0,0,0,0,0,NA,NA
2024-08-13,สกลนคร,17.834049,103.809843,นาชลประทาน,แตกกอ,กข6,0,0,0,0,0,0,0,0,0,0,0,1,0,3,0,0,0,0,0,1.79,0,0.30,0,0,0,0,0,0,0,0,0,0,1.67,กก,กกหนวดปลาดุก
2024-08-13,สกลนคร,17.824507000000001,103.868971,นาชลประทาน,แตกกอ,กข6,0,0,0,0,0,0,0,0,0,0,0,2,1,0,0,0,0,0,2.4300000000000002,5.97,0,0,0,0,0,0,0,0,0,0,0,0,80,กก,"กกหนวดปลาดุก , กกทราย , เทียนนา , บัว"
2024-08-13,สกลนคร,17.824660000000002,103.86835000000001,นาชลประทาน,แตกกอ,ภูพาน1,0,0,0,0,0,0,0,0,0,0,0,0,0,0,0,0,0,0,4.78,0,0,20.96,0,0,0,0,0,0,0,0,0,0,80,กก,"กกทราย , หนวดปลาดุก , เทียนนา"
2024-08-14,สกลนคร,17.110841000000001,104.089414,นาชลประทาน,แตกกอ,กข6,0,0,0,0,0,0,0,0,0,0,0,1,0,1,0,0,0,0,1.91,0,0,9.92,0,0,0,0,0,0,0,0,0,0,3.33,กก,"กกทราย , กกขนาก"
2024-08-14,สกลนคร,17.046979,104.098786,นาชลประทาน,แตกกอ,มะลิ105,0,0,0,0,0,0,0,0,0,0,0,1,0,2,0,0,0,0,0,1.1100000000000001,0,0,0,0,0,0,0,0,0,0,0,0,5,พืชใบเลี้ยงคู่ใบกว้าง,NA
2024-08-14,สกลนคร,17.031822999999999,104.10106500000001,นาชลประทาน,แตกกอ,กข6,0,0,0,0,0,0,0,0.74,0,0,0,0,0,0,0,0,0,0,0.74,2.6,0,0,0,0,0,0,0,0,0,0,0,0,5,NA,NA
2024-08-14,สกลนคร,17.468966000000002,104.124028,นาชลประทาน,แตกกอ,กข6,0,0,0,0,0,0,0,0,0,0,0,3,0,0,0,0,0,0,1.1299999999999999,0,0,1.50,0,0,0,0,0,0,0,0,0,0,80,พืชใบเลี้ยงคู่ใบกว้าง,เทียนนา
2024-08-14,สกลนคร,17.060856000000001,104.264912,นาชลประทาน,แตกกอ,กข6,0,0,0,0,0,0,0,0,0,0,0,0,0,1,0,0,0,0,3.28,0.41,0,0,0,0,0,0,0,0,0,0,0,0,80,พืชใบเลี้ยงคู่ใบกว้าง,เทียนนา
2024-08-14,สกลนคร,17.062405999999999,104.268362,นาชลประทาน,แตกกอ,กข6,0,0,0,0,0,0,0,0,0,0,0,0,0,0,0,0,0,0,1.75,0,0,0,0,0,0,0,0,0,0,0,0,0,80,พืชใบเลี้ยงคู่ใบกว้าง,"เทียนนา , เบี้ยหิน"
2024-08-14,สกลนคร,17.060123000000001,104.298604,นาชลประทาน,แตกกอ,กข6,0,0,0,0,0,0,0,0,0,0,0,0,0,0,0,0,0,0,0,0.65,0,0,0,0,0,0,0,0,0,0,0,0,0,NA,NA
2024-08-14,สกลนคร,17.058451000000002,104.31712400000001,นาชลประทาน,แตกกอ,กข12,0,0,0,0,0,0,0,0,0,0,0,0,0,1,0,0,0,0,0,0.37,0,0,0,0,0,0,0,0,0,0,0,0,0,NA,NA
2024-08-14,สกลนคร,17.058451000000002,104.31712400000001,นาชลประทาน,แตกกอ,มะลิ105,0,0,0,0,0,0,0,0,0,0,1,0,0,0,0,0,0,0,0,1.32,0,0,0,0,0,0,0,0,0,0,0,0,80,พืชใบเลี้ยงคู่ใบกว้าง,"เทียนนา , เซ่งใบมน , กกทราย , กกหนวดปลาดุก"
2024-08-14,สกลนคร,17.073961000000001,104.281858,นาชลประทาน,แตกกอ,มะลิ105,0,0,0,0,0,0,0,0,0,0,0,0,0,0,0,0,0,0,1.32,0,0,0,0,0,0,0,0,0,0,0,0,0,80,พืชใบเลี้ยงคู่ใบกว้าง,"โสนคางคก , เซ่งใบมน"
2024-08-13,สกลนคร,17.442608,103.435464,นาชลประทาน,แตกกอ,กข6,0,0,0,0,0,0,0,0,0,0,17,4,0,0,0,0,0,0,0,0,1.71,1.71,0,0,0,0,0,0,0,0,0,2,3.33,กก,NA
2024-08-13,สกลนคร,17.444429,103.433212,นาชลประทาน,แตกกอ,มะลิ105,0,0,0,0,0,0,0,0,0,0,0,0,0,0,0,0,0,0,0,0,0,33.33,0,0,0,0,0,0,0,0,0,0,28.33,พืชใบเลี้ยงคู่ใบกว้าง,NA
2024-08-13,สกลนคร,17.438367,103.450768,นาชลประทาน,แตกกอ,กข6,0,0,0,0,0,0,0,0,0,0,0,0,0,0,0,0,0,0,0,0,7.74,13.10,0,0,0,0,0,0,0,0,0,0,30,หญ้า,NA
2024-08-15,สกลนคร,17.414503,103.40029800000001,นาชลประทาน,แตกกอ,กข15,0,0,0,0,0,0,0,2.06,0,1.03,2,4,0,0,0,0,0,0,0,0,7.22,0,0,0,0,0,0,0,0,0,0,2,1.67,หญ้า,NA
2024-08-10,ตาก,16.966953,98.587597000000002,นาน้ำฝน,แตกกอ,กข6,0,0,0,0,0,0,0,0,0,0,0,1.4,0,0,0,0,0,0,0,4.42,0,0,0,0,0,0,0,0,0,0,0,0,3.33,พืชใบเลี้ยงคู่ใบกว้าง,เทียนนา
2024-08-13,ตาก,17.114379,98.788152999999994,ข้าวไร่ที่สูง,แตกกอ,ข้าวไร่พันธุ์พื้นเมือง,0,0,0,0,0,0,0,0,0,0,0,0,0,0,0,0,0,0,0,0,0,0,0,0,0,0,0,0,0,0,0,0,1.67,พืชใบเลี้ยงคู่ใบกว้าง,NA
2024-08-15,เชียงราย,20.110209999999999,99.697757999999993,ข้าวไร่ที่สูง,แตกกอ,ข้าวไร่พันธุ์พื้นเมือง,6.42,0,0,0,0,0,0,0,0,0.89,0,1.0,0.1,0,0,0,0,0,1.78,0,0,0,0,0,0,0,0,0,0,0,0,0,5,พืชใบเลี้ยงคู่ใบกว้าง,NA
2024-08-15,เชียงราย,20.101409,99.707792999999995,ข้าวไร่ที่สูง,แตกกอ,ข้าวไร่พันธุ์พื้นเมือง,4.1100000000000003,0,0,0,0,0,0,0,0,0,0,0,0,0,0,0,0,0,0,0,0,0,0,0,0,0,0,0,0,0,0,0,15,พืชใบเลี้ยงคู่ใบกว้าง,NA
2024-08-15,เชียงราย,20.101603999999998,99.707324999999997,ข้าวไร่ที่สูงขังน้ำ,แตกกอ,ไม่ทราบพันธุ์ข้าว,0,0,0,0,0,0,27.56,0,0,0,0,0,0,0,0,0,0,0,0,0,0,0,0,0,0,0,0,0,0,0,0,0,1.67,พืชใบเลี้ยงคู่ใบกว้าง,NA
2024-08-15,เชียงราย,20.039428000000001,99.595569999999995,ข้าวไร่ที่สูงขังน้ำ,แตกกอ,กข23,6.12,0,0,0,0,0,0,0,0,0,0.2,1.4,0,0,0,0,0,0,0,1.87,0,0,0,0,0,0,0,0,0,0,0,0,3.33,กก,NA
2024-08-15,เชียงราย,20.039431,99.595545999999999,ข้าวไร่ที่สูงขังน้ำ,แตกกอ,กข23,3.03,0,0,0,0,0,0,0,0,0.95,0,1.3,0,0,0,0,0,0,0,3.22,0,0,0,0,0,0,0,0,0,0,0,0,3.33,พืชใบเลี้ยงคู่ใบกว้าง,ขาเขียด
2024-08-15,เชียงราย,19.997340999999999,99.626362,ข้าวไร่ที่สูง,แตกกอ,ข้าวไร่พันธุ์พื้นเมือง,5.22,0,0,0,0,0,0,0,0,0,0,0,0,0,0,0,0,0,0,3.36,0,0,0,0,0,0,0,0,0,0,0,0,5,พืชใบเลี้ยงคู่ใบกว้าง,NA
2024-08-08,พัทลุง,7.6712109999999996,100.08098699999999,นาชลประทาน,ระยะกล้า,กข61,0,0,0,0,0,0,0,0,0,0,0,0,0,0,0,0,0,0,0,0,0,0,0,0,0,0,0,0,0,0,0,0,2,กก,กกเหลี่ยม
2024-08-08,พัทลุง,7.6700020000000002,100.081226,นาชลประทาน,แตกกอ,กข61,0,0,0,0,0,0,0,0,0,0,0,0,0,0,0,0,0,0,0,0,0,0,0,0,0,0,0,0,0,0,0,0,5,หญ้า,เทียนนา
2024-08-08,พัทลุง,7.69815,100.09519400000001,นาชลประทาน,ระยะกล้า,กข61,0,0,0,0,0,0,0,0,0,0,0,0,0,0,0,0,0,0,0,0,0,0,0,0,0,0,0,0,0,0,0,0,0,NA,NA
2024-08-08,พัทลุง,7.6959350000000004,100.106487,นาชลประทาน,แตกกอ,กข91,0,0,10,0,0,0,0,0,0,0,0,0,0,0,0,0,0,0,20,0,0,0,0,0,0,0,0,0,0,0,0,0,0,NA,NA
2024-08-08,พัทลุง,7.694877,100.1053,นาชลประทาน,แตกกอ,กข91,0,0,10,0,0,0,0,0,0,0,0,0,0,0,0,0,0,0,0,0,0,0,0,0,0,0,0,0,0,0,0,0,2,กก,กกเหลี่ยม
2024-08-21,พัทลุง,7.7383179999999996,100.103807,นาชลประทาน,ออกรวง,5451(จากพ่อค้า),0,0,0,0,0,0,0,0,0,0,0,0,0,0,0,0,0,0,30,0,0,5,0,0,0,0,0,0,0,0,0,0,0,กก,ข้าววัชพืช5%
2024-08-21,พัทลุง,7.7240900000000003,100.062552,นาชลประทาน,ออกรวง,5451(จากพ่อค้า),0,0,0,0,0,0,0,0,0,0,0,0,0,0,0,0,0,0,1,0,0,0,0,2,0,0,0,0,0,0,0,0,30,NA,ข้าววัชพืช 30 %
2024-08-21,พัทลุง,7.7381770000000003,100.10011299999999,นาชลประทาน,ออกรวง,5451(จากพ่อค้า),0,0,0,0,0,0,0,0,0,0,0,0,0,0,0,0,0,0,1,0,0,0,0,3,0,0,0,0,0,0,0,0,90,หญ้า,หญ้ากระดูกไก่(หย้าแดง)
2024-08-21,พัทลุง,7.7380880000000003,100.102698,นาชลประทาน,ออกรวง,กข61,0,0,0,0,1,0,0,0,0,0,0,0,0,0,0,0,0,0,1,0,0,1,0,1,0,0,0,0,0,0,0,0,5,NA,ข้าววัชพืช 5 %
2024-08-21,พัทลุง,7.7380079999999998,100.098552,นาชลประทาน,ออกรวง,กข61,0,0,0,0,0,0,0,0,0,0,0,0,0,0,0,0,0,0,2,0,0,2,0,2,0,0,0,0,0,0,0,0,95,กก,กกสามเหลี่ยมเล็ก(95%)
2024-08-21,พัทลุง,7.7381799999999998,100.095596,นาชลประทาน,ออกรวง,กข61,0,0,0,0,0,0,0,0,0,0,0,0,0,0,0,0,0,0,2,0,0,0,0,1,0,0,0,0,0,0,0,0,0,หญ้า,ข้าววัชพืช(100%)
2024-07-30,เพชรบูรณ์,16.891527,101.17603099999999,นาน้ำฝน,แตกกอ,ไม่ทราบพันธุ์,0,0,0,0,0,0,0,0,0,0,0,0,0,0,0,0,6.66,0,0,0.6,0,0,0,0,0,0,0,0,0,0,0,0,0,NA,NA
2024-08-21,พัทลุง,7.7379870000000004,100.096046,นาชลประทาน,ออกรวง,กข61,0,0,0,0,0,0,0,0,0,0,0,0,0,0,0,0,0,0,0,0,0,0,0,0,0,0,0,0,0,0,0,0,80,หญ้า,ข้าววัชพืช 70%
2024-07-30,เพชรบูรณ์,16.954879999999999,101.188894,นาน้ำฝน,แตกกอ,ไม่ทราบพันธุ์,0,0,0,0,0,0,0,2.2200000000000002,0,0,0,0,0,0,0,0,3.88,0,0,0.83,0,0,0,0,0,0,0,0,0,0,0,0,0,NA,NA
2024-08-21,พัทลุง,7.7373989999999999,100.095676,นาชลประทาน,ออกรวง,5451(พ่อค้า),0,0,0,0,0,0,0,0,0,0,0,0,0,0,0,0,0,0,2,0,0,2,0,2,0,0,0,0,0,0,0,0,80,หญ้า,ข้าววัชพืช(80%)
2024-08-09,พิษณุโลก,17.128511329999998,100.05205957,นาน้ำฝน,ออกรวง,ไม่ทราบพันธุ์,0,0,0,0,0,0,0,0,0,1.21,5.18,3.35,0,0,0,0,11.28,0,5.18,0,0.3,3.81,0,2.74,0,0,0,0,0,0,0,0,0,NA,NA
2024-08-09,อุตรดิตถ์,17155348,100.014788,นาน้ำฝน,ระยะกล้า,ไม่ทราบพันธุ์,0,เต็มวัย 0.7 ตัวเล็ก 5.4 กลุ่มไข่ 0.3,0,0,0,0,0,0,0,3.8,0,0,0,0,0,0,0,0,0,0,0,0,0,0,0,0,0,0,0,0,0,0,0,NA,NA
2024-08-09,พิษณุโลก,17.170209,100.03367799999999,นาน้ำฝน,ออกรวง,กข95,0,0,0,0,0,0,0,0,0,1.2,1.65,0.45,0,0,0,0,6.02,0,4.3600000000000003,0,1.8,0.45,0,13.85,1.2,0,0,0,0,0,0,0,31.66,หญ้า,หญ้าดอกขาว
2024-08-09,อุตรดิตถ์,17.189215999999998,100.058065,นาน้ำฝน,แตกกอ,ไม่ทราบพันธุ์,0,0,0.98,0,0,0,0,8.91,0,2.5099999999999998,1.74,0,0,0,0,0,0,0,0,0,0.38,0,0,0,0,0,0,0,0,0,0,0,30,หญ้า,หญ้ากระดูกไก่
2024-08-20,สุโขทัย,16.939765000000001,99.956632999999997,นาน้ำฝน,ระยะกล้า,ไม่ทราบพันธุ์,0,0,0,0,0,0,0,3.38,0,0.65,8.72,0.91,0,0,0,0,0,0,8.59,0,0,0,0,0,0,0,0,0,0,0,0,0,6.66,พืชใบเลี้ยงคู่ใบกว้าง,ผักปอดนา
2024-08-20,สุโขทัย,16.940018999999999,99.950451000000001,นาน้ำฝน,ออกรวง,ไม่ทราบพันธุ์,0,0,0,0,0,0,0,0,0,5.94,0,0,0,0,0,0,0,0,0,0,0.59,0.79,0,16.23,0,0,1.38,0,0,0,0,0,1.66,หญ้า,หญ้าข้าวนก
2024-08-20,สุโขทัย,16.944089000000002,99.938328999999996,นาน้ำฝน,ออกรวง,ไม่ทราบพันธุ์,0,0,0,0,0,0,0,2.31,0,3.54,1.54,1.69,0,0,0,0,0,0,2.62,0,0.46,0.77,0,16.2,0,0,1.23,0,0,0,0,0,15,หญ้า,หญ้าข้าวนก
2024-08-20,สุโขทัย,16.924592000000001,99.893302000000006,นาน้ำฝน,ระยะกล้า,ไม่ทราบพันธุ์,0,ตัวเต็มวัย 0.9,0,0,0,0,15.65,0,0,0,8.73,0.23,0,0,0,0,0,0,0.4,0,0,0,0,0,0,0,0,0,0,0,0,0,0,NA,NA
2024-08-20,สุโขทัย,16.936571000000001,99.885807999999997,นาน้ำฝน,ออกรวง,ไม่ทราบพันธุ์,0,0,0,0,0,0,0,0,0,4.29,2.27,3.03,0,0,0,0,0,0,6.06,0,0,0.25,0,23.23,0,0,0,0,0,0,0,0,1.66,หญ้า,หญ้าไม้กวาด
2024-08-20,สุโขทัย,16.987724,99.947661999999994,นาน้ำฝน,แตกกอ,ไม่ทราบพันธุ์,0,ตัวเต็มวัย 0.1 ตัวเล็ก 0.2 กลุ่มไข่ 1.6,0,0,0,0,0,4.34,0,0.2,17.59,0,0,0,0,0,0,0,3.1,0,0.2,0,0,0,0,0,0,0,0,0,0,0,0,NA,NA
2024-08-21,พัทลุง,7.7370210000000004,100.09581300000001,นาชลประทาน,ออกรวง,กข61,0,0,0,0,0,0,0,0,0,0,0,0,0,0,0,0,0,0,2,0,0,1,0,0,0,0,0,0,0,0,0,0,20,หญ้า,ช้าววัชพืช(20%)
2024-08-21,พัทลุง,7.7371650000000001,100.094734,นาชลประทาน,ออกรวง,กข61,0,0,0,0,0,0,0,0,0,0,0,0,0,0,0,0,0,0,2,0,0,2,0,0,0,0,0,0,0,0,0,0,99,หญ้า,ช้าววัชพืช(99%)
2024-08-21,พัทลุง,7.7372319999999997,100.094342,นาชลประทาน,ออกรวง,5451(พ่อค้าบอก),0,0,0,0,2,0,0,0,0,0,0,0,0,0,0,0,0,0,1,0,0,1,0,2,0,0,0,0,0,0,0,0,85,หญ้า,ข้าววัชพืช 85%)หญ้าข้าวนก 20%
2024-08-21,พัทลุง,7.7363400000000002,100.095814,นาชลประทาน,ออกรวง,กข61,0,0,0,0,0,0,0,0,0,0,0,0,0,0,0,0,0,0,2,0,1,2,0,1,0,0,0,0,0,0,0,0,50,หญ้า,ข้าววัขพืช 50%
2024-08-21,พัทลุง,7.7386290000000004,100.093847,นาชลประทาน,ก่อนเก็บเกี่ยว,กข61,0,0,0,0,0,0,0,0,0,0,0,0,0,0,0,0,0,0,3,0,0,1,0,2,0,0,0,0,0,0,0,0,50,หญ้า,ข้าววัชพืช50%  กกสามเหลี่ยม10%
2024-08-21,พัทลุง,7.7376399999999999,100.0928897,นาชลประทาน,ก่อนเก็บเกี่ยว,กข61,0,0,0,0,0,0,0,0,0,0,0,0,0,0,0,0,0,0,2,0,0,2,0,5,0,0,0,0,0,0,0,0,100,หญ้า,หญ้าข้าวนก100%
2024-08-21,พัทลุง,7.7376399999999999,100.0928897,นาชลประทาน,ก่อนเก็บเกี่ยว,กข61,0,0,0,0,0,0,0,0,0,0,0,0,0,0,0,0,0,0,2,0,0,2,0,3,0,0,0,0,0,0,0,0,100,หญ้า,หญ้าข้าวนก100%
2024-08-21,พัทลุง,7.7393080000000003,100.08945300000001,นาชลประทาน,ก่อนเก็บเกี่ยว,กข61,0,0,0,0,0,0,0,0,0,0,0,0,0,0,0,0,50,0,10,0,0,5,0,0,0,0,0,0,0,0,0,0,5,กก,กกสามเหลี่ยมเล็ก
2024-08-09,เชียงราย,19.580386000000001,100.057849,นาน้ำฝน,แตกกอ,ไม่ทราบพันธุ์ข้าว,0,0,0,0,0,0,0,0,0,0,0,0,0,0,0,0,0,0,15.09,0,0,0,0,0,0,0,0,0,0,0,0,0,15,กก,NA
2024-08-09,เชียงราย,19.580943999999999,100.068765,นาน้ำฝน,แตกกอ,ไม่ทราบพันธุ์ข้าว,0,0,0,0,0,0,0,0,0,0,0,0,0,0,0,0,0,0,11.31,0,0,0,0,0,0,0,0,0,0,0,0,0,0,NA,NA
2024-08-09,เชียงราย,19.603045999999999,99.983241000000007,นาน้ำฝน,แตกกอ,ไม่ทราบพันธุ์ข้าว,3.9,0,0,0,0,0,0,0,0,0,0,0,0,0,0,0,0,0,5.28,0,0,0,0,0,0,0,0,0,0,0,0,0,1.67,พืชใบเลี้ยงคู่ใบกว้าง,NA
2024-08-09,พะเยา,19.550749,100.112819,นาน้ำฝน,แตกกอ,ไม่ทราบพันธุ์ข้าว,0,0,0,0,0,0,0,0,0,0,0,0,0,0,0,0,0,0,7.04,0.74,0,0,0,0,0,0,0,0,0,0,0,0,0,NA,NA
2024-08-09,พะเยา,19.549009000000002,100.11191700000001,นาน้ำฝน,แตกกอ,ไม่ทราบพันธุ์ข้าว,0,0,0,0,0,0,0,0,0,0,0,0,0,0,0,0,0,0,7.74,0,0,0,0,0,0,0,0,0,0,0,0,0,0,NA,NA
2024-08-09,พะเยา,19.545953000000001,100.11716300000001,นาน้ำฝน,แตกกอ,ไม่ทราบพันธุ์ข้าว,0,0,0,0,0,0,0,0,0,0,0,0,0,0,0,0,0,0,5,0,0,0,0,0,0,0,0,0,0,0,0,0,0,NA,NA
2024-08-09,พะเยา,19.496625999999999,100.109562,นาน้ำฝน,แตกกอ,กข22,0,0,0,0,0,0,0,0,0,1,0,0,0,0,0,0,0,0,2.57,0,0,0,0,0,0,0,0,0,0,0,0,0,15,หญ้า,NA
2024-08-20,สกลนคร,17.396809999999999,104.38849500000001,นาชลประทาน,แตกกอ,มะลิ105,0,4,0,0,0,0,0,0.55000000000000004,0,0.73,0,1,0,1,0,0,10.18,0,0,3.82,0.81,0,0,0,0,0,0,0,0,0,0,0,5,พืชใบเลี้ยงคู่ใบกว้าง,NA
2024-08-20,สกลนคร,17.396927000000002,104.388368,นาชลประทาน,แตกกอ,ไรซ์เบอรี่,0,0,0,0,0,0,0,1.56,2.49,0,0,0,0,1,0,0,6.54,0,0,0.62,1.56,0,0,0,0,0,0,0,0,0,0,0,60,พืชใบเลี้ยงคู่ใบกว้าง,NA
2024-08-20,สกลนคร,17.397126,104.38822999999999,นาชลประทาน,แตกกอ,เหนียวดำ,0,0,0,0,0,0,0,1.85,0,1.85,0,0,0,0,0,0,4.63,0,0,1.23,0.63,0,0,0,0,0,0,0,0,0,0,0,10,พืชใบเลี้ยงคู่ใบกว้าง,NA
2024-08-20,นครพนม,17.613772000000001,104.528164,นาชลประทาน,แตกกอ,กข6,0,0,0,0,0,0,0,0,0,0,0,1,0,1,0,0,2.08,0,0,0,0,0,0,0,0,0,0,0,0,0,0,0,10,พืชใบเลี้ยงคู่ใบกว้าง,NA
2024-08-21,สกลนคร,16.874286999999999,104.20875100000001,นาชลประทาน,แตกกอ,กข6,0,0,0,0,0,0,0,0,0,0,3,1,0,1,0,0,0,0,5.31,5.03,0,0,0,0,0,0,0,0,0,0,0,0,80,พืชใบเลี้ยงคู่ใบกว้าง,"ผักอีฮีน , เทียนนา"
2024-08-21,สกลนคร,16.874669999999998,104.209188,นาชลประทาน,แตกกอ,กข6,0,0,0,0,0,0,0,0,0,0,4,1,0,1,0,0,0,0,2.79,5.59,0,0,0,0,0,0,0,0,0,0,0,0,0,NA,NA
2024-08-21,สกลนคร,16.812733000000001,104.382687,นาชลประทาน,แตกกอ,กข6,0,0,0,0,0,0,0,0,0,0,0,0,0,1,0,0,0,0,0,0,0,2.64,0,0,0,0,0,0,0,0,0,0,0,NA,NA
2024-08-21,สกลนคร,16.801836999999999,104.416642,นาชลประทาน,แตกกอ,กข6,0,0,0,0,0,0,0,0,0,0,0,2,0,2,0,0,0,0,0,1.04,0,1.74,0,0,0,0,0,0,0,0,0,0,0,NA,NA
2024-08-21,สกลนคร,16.730173000000001,104.57701299999999,นาชลประทาน,แตกกอ,กข6,0,0,0,0,0,0,0,0,0,0,0,0,0,0,0,0,0,0,4.2300000000000004,0,0,12.39,0,0,0,0,0,0,0,0,0,0,56.67,หญ้า,ตีนกา
2024-08-21,สกลนคร,16.769587999999999,104.73902099999999,นาชลประทาน,แตกกอ,กข12,0,0,0,0,0,0,0,0,0,0,0,0,0,2,0,0,0,0,2.1,0,0,0,0,0,0,0,0,0,0,0,0,0,45,พืชใบเลี้ยงคู่ใบกว้าง,ปอดนา
2024-08-21,สกลนคร,16.769580999999999,104.73902099999999,นาชลประทาน,แตกกอ,กข12,0,0,0,0,0,0,0,0,0,0,3,3,0,2,0,0,0,0,4.29,6.19,0,0,0,0,0,0,0,0,0,0,0,0,80,พืชใบเลี้ยงคู่ใบกว้าง,ปอดนา
2024-08-16,ชัยนาท,15.27613,100.08618,นาชลประทาน,ออกรวง,กข85,0,0,1.754,0,0,0,0,0,0,1.17,0,0,0,0,0,0,0,0,1.754,0,0,0,0,7.6020000000000003,0,0,0,0,0,0,0,0,0,NA,NA
2024-08-16,ชัยนาท,15.275919999999999,100.08686,นาชลประทาน,ออกรวง,กข85,0,0,0,0,10,0,0,0,0,3.75,3,0,0,0,0,0,0,0,0.83299999999999996,0,0.83299999999999996,0,0,12.5,0,0,0,0,0,0,0,0,5,หญ้า,หญ้าข้าวนก
2024-08-16,ชัยนาท,15.26505,100.08775,นาชลประทาน,แตกกอ,กข41,0,0,2.5,0,0,0,0,0,0,0,0,0,0,0,0,0,0,0,0,0,0,0,0,0,0,0,0,0,0,0,0,0,5,หญ้า,หญ้าข้าวนก
2024-08-16,ชัยนาท,15.24376,100.07143000000001,นาชลประทาน,แตกกอ,กข41,0,0,9.7560000000000002,0,0,0,0,0,0,0.91500000000000004,0,0,0,0,0,0,0,0,3.6589999999999998,0,0,0,0,0,0,0,0,0,0,0,0,0,5,กก,แห้วหมู
2024-08-16,ชัยนาท,15.24423,100.06692,นาชลประทาน,แตกกอ,กข41,0,0,4.3479999999999999,0,0,0,0,0.72499999999999998,0,1.9319999999999999,2,0,0,0,0,0,0,0,0,0,0.121,0,0,0,0,0,0,0,0,0,0,0,5,พืชใบเลี้ยงคู่ใบกว้าง,ผักปอดนา
2024-08-16,ชัยนาท,15.24352,100.06045,นาชลประทาน,แตกกอ,กข41,0,0,0.61,0,0,0,0,1.22,0,0.152,2,0,0,0,0,0,0,0,0,0,0,0,0,0,0,0,0,0,0,0,0,0,15,พืชใบเลี้ยงคู่ใบกว้าง,ผักปอดนา
2024-08-19,ชัยนาท,15.035019999999999,100.12582999999999,นาชลประทาน,ตั้งท้อง,กข85,0,0,2.8570000000000002,0,0,0,0,0,0,5.1429999999999998,2,0,0,0,0,0,0,0,0,0,0,0,0,0,0,0,0,0,0,0,0,0,5,หญ้า,หญ้าข้าวนก
2024-08-19,ชัยนาท,15.03275,100.11532,นาชลประทาน,ตั้งท้อง,กข85,0,0,0,0,0,0,0,0,0,3.294,1,0,0,0,0,0,0.94099999999999995,0,0,0,0.47099999999999997,0,0,0,0,0,0,0,0,0,0,0,1.667,หญ้า,หญ้าข้าวนก
2024-08-19,ชัยนาท,15.026450000000001,100.11185999999999,นาชลประทาน,ออกรวง,กข41,0,0,0,0,0,0,0,0,0,2.222,1,0,0,0,0,0,0,0,0,0,0.317,0,0,26.667000000000002,0,0,0,0,0,0,0,0,1.667,หญ้า,หญ้าข้าวนก
2024-08-19,ชัยนาท,15.016819999999999,100.10605,นาชลประทาน,แตกกอ,กข41,0,0,9.0909999999999993,0,0,0,0,2.2730000000000001,0,0.505,2,0,0,0,0,0,0,0,0,0,0,0,0,0,0,0,0,0,0,0,0,0,10,พืชใบเลี้ยงคู่ใบกว้าง,ผักปอดนา
2024-08-19,ชัยนาท,15.01272,100.12430999999999,นาชลประทาน,ตั้งท้อง,กข63,0,0,0,0,0,0,0,0,0,2.121,5,0,0,0,0,0,0,0,1.212,0,0.45500000000000002,0,0,0,0,0,0,0,0,0,0,0,3.3330000000000002,พืชใบเลี้ยงคู่ใบกว้าง,ผักปอดนา
2024-03-07,นครสวรรค์,15.109527999999999,100.4475032,นาชลประทาน,แตกกอ,กข85,0,0,0,0,0,0,0,0,0,0,0,0,0,0,0,0,0,0,99.63,0,0,0.37,0,0,0,0,0,0,0,0,0,0,3.33,กก,แห้วหมู
2024-08-19,ชัยนาท,15.015280000000001,100.11047000000001,นาชลประทาน,แตกกอ,กข85,0,0,0.80600000000000005,0,0,0,0,2.9569999999999999,0,0.53800000000000003,4,0,0,0,0,0,0,0,0,0,0,0,0,0,0,0,0,0,0,0,0,0,0,NA,NA
2024-08-19,ชัยนาท,15.006320000000001,100.09961,นาชลประทาน,แตกกอ,ปทุมธานี 1,0,0,11.429,0,0,0,0,0,0,1.27,3,0,0,0,0,0,0,0,2.54,0,0,0,0,0,0,0,0,0,0,0,0,0,0,NA,NA
2024-03-07,นครสวรรค์,15.108779999999999,100.44802,นาชลประทาน,ก่อนเก็บเกี่ยว,กข63,0,0,0,0,0,0,0,0,0,4.17,0,0,0,0,0,0,0,0,65.739999999999995,0,0,0.46,0,100,0,0,0,0,0,0,0,0,5,หญ้า,หญ้าข้าวนก
2024-08-19,ชัยนาท,15.007680000000001,100.09766,นาชลประทาน,ออกรวง,กข41,0,0,0,0,0,0,0,0,0,1.7929999999999999,1,0,0,0,0,0,0,0,0,0,0,0,0,22.068999999999999,0,0,0,0,0,0,0,0,0,NA,NA
2024-08-19,ชัยนาท,14.99386,100.08656999999999,นาชลประทาน,ออกรวง,กข41,0,0,0,0,0,0,0,0,0,0.90100000000000002,3,0,0,0,0,0,0,0,0,0,0,0,0,17.117000000000001,0,0,0,0,0,0,0,0,5,กก,หนวดปลาดุก
2024-03-22,ชัยนาท,14.968913000000001,100.209309,นิเวศข้าวกับพืชอื่น,ระยะกล้า,กข41,0,0,0,0,0,0,0,0,0,0,0,0,0,0,0,0,0,0,10.42,0,0,0.21,0,0,0,0,0,0,0,0,0,0,0,NA,NA
2024-08-19,ชัยนาท,14.995340000000001,100.08204000000001,นาชลประทาน,แตกกอ,กข41,0,0,1.46,0,0,0,0,0.48699999999999999,0,0,2,0,0,0,0,0,0,0,0,0,0,0,0,0,0,0,0,0,0,0,0,0,21.667000000000002,หญ้า,หญ้าข้าวนก
2024-04-23,นครสวรรค์,15.109527999999999,100.4475032,นาชลประทาน,ก่อนเก็บเกี่ยว,กข85,0,0,0,0,11.03,0,0,0,0,1.1000000000000001,0,0,0,0,0,0,0,0,73.16,6.99,0,0.37,0,41.91,0,0,0,0,0,0,0,0,45,กก,แห้วหมู
2024-04-18,พระนครศรีอยุธยา,14.352443900000001,100.7573831,นาชลประทาน,ออกรวง,ไม่ทราบพันธุ์,0,0,0,0,0,0,0,0,0,8,0,0,0,0,0,0,0,0,24,12,0,0.67,0,0,0,0,0,0,0,0,0,0,5,หญ้า,หญ้าดอกขาว
2024-05-01,สุพรรณบุรี,14.50067,100.97964,นาชลประทาน,ระยะกล้า,ไม่ทราบพันธุ์,0,0,0,0,0,0,0,0,0,0,0,0,0,0,0,0,0,0,0,0,0,0,0,0,0,0,0,0,0,0,0,0,0,NA,NA
2024-05-01,สุพรรณบุรี,14.500499,99.978845000000007,นาชลประทาน,แตกกอ,ไม่ทราบพันธุ์,0,0,0,0,0,0,0,0,0,8.42,0,0,0,0,0,0,0,0,7.07,0,0,0.34,0,0,0,0,0,0,0,0,0,0,0,NA,NA
2024-02-29,ชัยนาท,14.989787,100.13064799999999,นิเวศข้าวกับพืชอื่น,แตกกอ,ไม่ทราบพันธุ์,0,0,0,0,0,0,0,0,0,0,1,0,1,0,0,0,0,0,45.69,0,0,0,0,0,0,0,0,0,0,0,0,0,0,NA,NA
2024-02-29,ชัยนาท,14.989884,100.130672,นิเวศข้าวกับพืชอื่น,แตกกอ,ไม่ทราบพันธุ์,0,0,8.82,0,0,0,0,0,0,0.61,2,0,1,0,0,0,0,0,17.79,0,0,0,0,0,0,0,0,0,0,0,0,0,0,NA,NA
2024-02-29,ชัยนาท,14.989872,100.13087299999999,นิเวศข้าวกับพืชอื่น,แตกกอ,ไม่ทราบพันธุ์,0,0,8.57,0,0,0,0,0,0,0,1,0,0,0,0,0,0,0,30.77,0,0,0,0,0,0,0,0,0,0,0,0,0,0,NA,NA
2024-02-29,ชัยนาท,14.989545,100.13078400000001,นิเวศข้าวกับพืชอื่น,ออกรวง,ไม่ทราบพันธุ์,0,0,2.33,0,0,0,0,0,0,0.57999999999999996,0,0,0,0,0,0,0,0,29.65,0,0,0,0,0,0,0,0,0,0,0,0,0,0,NA,NA
2024-03-14,สิงห์บุรี,14.969498,100.353892,นาชลประทาน,แตกกอ,ไม่ทราบพันธุ์,0,0,8.6999999999999993,0,0,0,0,0,0,0,0,0,1,0,0,0,0,0,32.61,0,0,0,0,0,0,0,0,0,0,0,0,0,0,NA,NA
2024-02-29,สิงห์บุรี,15.200908999999999,100.6371619,นิเวศข้าวกับพืชอื่น,ระยะกล้า,ไม่ทราบพันธุ์,0,0,0,0,0,0,0,3.2,0,0,0,0,2,0,0,0,0,0,2.33,0,0,0,0,0,0,0,0,0,0,0,0,0,0,NA,NA
2024-02-29,สิงห์บุรี,15.200765000000001,100.137642,นิเวศข้าวกับพืชอื่น,ระยะกล้า,ไม่ทราบพันธุ์,0,1,0,1.0900000000000001,0,0,0,2.63,0,0.88,0,0,1,0,0,0,0,0,2.0499999999999998,0,0,0,0,0,0,0,0,0,0,0,0,0,18.329999999999998,หญ้า,หญ้า
2024-05-14,สุพรรณบุรี,14.511699999999999,99.967155000000005,นาชลประทาน,ระยะกล้า,ไม่ทราบพันธุ์,0,0,0,0,0,0,0,0,0,0,0,0,0,0,0,0,0,0,2.2200000000000002,0,0,0,0,0,0,0,0,0,0,0,0,0,0,NA,NA
2024-05-14,สุพรรณบุรี,14.299609999999999,99.893690000000007,นาชลประทาน,ระยะกล้า,ไม่ทราบพันธุ์,0,0,0,0,0,0,0,78.95,0,0,0,0,0,0,0,0,0,0,28.95,0,0,0,0,0,0,0,0,0,0,0,0,0,0,NA,NA
2024-05-14,นครปฐม,14.02749,99.858779999999996,นาชลประทาน,แตกกอ,ไม่ทราบพันธุ์,0,0,0,0,0,0,0,0,0,60.51,0,0,0,0,0,0,0,0,32.479999999999997,0,0,0,0,0,0,0,0,0,0,0,0,0,3.33,หญ้า,หญ้าข้าวนก
2024-05-14,นครปฐม,14.027509999999999,99.857709999999997,นาชลประทาน,ระยะกล้า,ไม่ทราบพันธุ์,0,0,0,0,0,0,0,0,0,8.16,2,2,3,0,0,0,0,0,0,0,0,0,0,0,0,0,0,0,0,0,0,0,3.33,หญ้า,หญ้าข้าวนก
2024-05-14,กาญจนบุรี,14.092560000000001,99.723122000000004,นาชลประทาน,แตกกอ,ไม่ทราบพันธุ์,0,0,0,0,0,0,0,0,0,4.3499999999999996,0,0,0,0,0,0,0,0,14.2,0,0,0,0,0,0,0,0,0,0,0,0,0,0,NA,NA
2024-05-14,กาญจนบุรี,14.093159999999999,99.721999999999994,นาชลประทาน,ระยะกล้า,ไม่ทราบพันธุ์,0,0,0,0,0,0,0,1.23,0,0.18,0,0,0,0,0,0,0,0,7.39,0,0,0,0,0,0,0,0,0,0,0,0,0,0,NA,NA
2024-05-14,กาญจนบุรี,13.94725,99.602209999999999,นาชลประทาน,แตกกอ,ไม่ทราบพันธุ์,0,0,0,0,0,0,0,0,0,3.58,0,0,1,0,0,0,0,0,12.64,0,0,0,0,0,0,0,0,0,0,0,0,0,15,หญ้า,หญ้าปล้อง
2024-05-14,กาญจนบุรี,13.948155,99.602199999999996,นาชลประทาน,ตั้งท้อง,ไม่ทราบพันธุ์,0,0,0,0,0,0,0,0,0,0,0,0,0,0,0,0,0,0,13.78,0,0,0,0,0,0,0,0,0,0,0,0,0,1.67,หญ้า,หญ้าปล้อง
2024-05-14,กาญจนบุรี,13.948391000000001,99.601920000000007,นาชลประทาน,แตกกอ,ไม่ทราบพันธุ์,0,0,0,0,0,0,0,0,0,0.94,0,0,0,0,0,0,0,0,21.91,0,0,0,0,0,0,0,0,0,0,0,0,0,0,หญ้า,หญ้าข้าวนก
2024-05-15,ราชบุรี,13.80001,99.773629999999997,นาชลประทาน,แตกกอ,ไม่ทราบพันธุ์,0,0,0,0,0,0,0,0,0,27.26,0,0,2,0,0,0,0,0,18.059999999999999,0,0,0,0,0,0,0,0,0,0,0,0,0,0,NA,NA
2024-05-15,ราชบุรี,13.79918,99.775030000000001,นาชลประทาน,ออกรวง,ไม่ทราบพันธุ์,0,0,0,0,0,0,0,0,0,0,0,0,0,0,0,0,0,0,24.54,0,0,0,0,0,0,0,0,0,0,0,0,0,0,NA,NA
2024-05-15,ราชบุรี,13.712111999999999,99.900149999999996,นาชลประทาน,ระยะกล้า,ไม่ทราบพันธุ์,0,0,0,0,0,0,32.409999999999997,0,0,0,0,0,0,0,0,0,0,0,0,0,0,0,0,0,0,0,0,0,0,0,0,0,0,NA,NA
2024-05-29,สุพรรณบุรี,14.319333,100.977103,นาชลประทาน,ระยะกล้า,กข85,0,0,0,0,0,0,0,0,0,0,0,0,0,0,0,0,0,0,0.95,0,0,0,0,0,0,0,0,0,0,0,0,0,0,NA,NA
2024-05-30,ชัยนาท,14.954026000000001,100.136009,นาชลประทาน,ระยะกล้า,ไม่ทราบพันธุ์,0,0,0,0,0,0,5.78,0,0,0,0,0,0,0,0,0,0,0,1.78,0,0,0,0,0,0,0,0,0,0,0,0,0,0,NA,NA
2024-06-05,ชัยนาท,15.159700000000001,100.252,นาชลประทาน,แตกกอ,กข85,0,2,1.1399999999999999,0,0,0,0,0,0,3.13,0,0,0,0,0,0,0,0,3.13,0,0,0,0,0,0,0,0,0,0,0,0,0,1.67,หญ้า,หญ้าดอกขาว
2024-06-05,ชัยนาท,15.160318999999999,100.252341,นาชลประทาน,แตกกอ,กข85,0,0,0,0,0,0,0,0,0,1.1499999999999999,0,0,0,0,0,0,0,0,7.66,0,0,0,0,0,0,0,0,0,0,0,0,0,3.33,กก,แห้วหมู
2024-06-05,ชัยนาท,15.193098000000001,100.226839,นาชลประทาน,แตกกอ,ไม่ทราบพันธุ์,0,0,6.98,0,0,0,0,0,0,2.1,0,0,0,0,0,0,0,0,11.08,0,0,0,0,0,0,0,0,0,0,0,0,0,8.33,กก,กกทราย
2024-06-05,ชัยนาท,15.193172000000001,100.22730199999999,นาชลประทาน,ระยะกล้า,ไม่ทราบพันธุ์,0,0,3.53,0,0,0,0,0,0,0,0,0,0,0,0,0,0,0,2.54,0,0,0,0,0,0,0,0,0,0,0,0,0,0,NA,NA
2024-06-05,ชัยนาท,15.022247999999999,100.156783,นาชลประทาน,แตกกอ,ไม่ทราบพันธุ์,0,0,0,0,0,0,0,0.3,0,0,0,0,0,0,0,0,0,0,14.03,0,0,0,0,0,0,0,0,0,0,0,0,0,0,NA,NA
2024-06-05,ชัยนาท,14.997040999999999,100.11622,นาชลประทาน,แตกกอ,กข85,0,0,0,0,0,0,0,0.84,0,0,0,0,0,0,0,0,0,0,3.09,0,0,0,0,0,0,0,0,0,0,0,0,0,5,พืชใบเลี้ยงคู่ใบกว้าง,ผักปอดนา
2024-06-05,สุพรรณบุรี,14.519333,100.977103,นาชลประทาน,ระยะกล้า,กข85,0,0,0,0,0,0,0,0.72,0,9.7799999999999994,0,0,0,0,0,0,0,0,0,0,0,0,0,0,0,0,0,0,0,0,0,0,0,NA,NA
2024-06-06,สุพรรณบุรี,14.609253000000001,100.05273,นาชลประทาน,แตกกอ,ไม่ทราบพันธุ์,0,0,0,0,0,0,0,0,0,3.82,0,0,0,0,0,0,0,0,5.56,0,0,0,0,0,0,0,0,0,0,0,0,0,5,หญ้า,หญ้าดอกขาว
2024-06-06,สุพรรณบุรี,14.599221,100.04998500000001,นาชลประทาน,แตกกอ,ไม่ทราบพันธุ์,0,2,0,0,0,0,0,0,0,0.76,0,0,0,0,0,0,0,0,3.79,0,0,0,0,0,0,0,0,0,0,0,0,0,5,หญ้า,หญ้าดอกขาว
2024-06-06,อ่างทอง,14.161003900000001,100.20981399999999,นาชลประทาน,ระยะกล้า,ไม่ทราบพันธุ์,0,0,0,0,0,0,0,2.7,0,0,0,0,0,0,0,0,0,0,0.34,0,0,0,0,0,0,0,0,0,0,0,0,0,0,NA,NA
2024-07-03,สุพรรณบุรี,14.629871,100.028299,นาชลประทาน,แตกกอ,ไม่ทราบพันธุ์,0,0,0,0,0,0,0,0,0,0.3,0,0,0,0,0,0,0,0,1.51,0,0,0,0,0,0,0,0,0,0,0,0,0,3.33,กก,กกขนาก
2024-07-03,สุพรรณบุรี,14.612019999999999,100.006292,นาชลประทาน,แตกกอ,ไม่ทราบพันธุ์,0,0,0,0,0,0,0.81,3.24,0,0,0,0,0,0,0,0,0,0,3.24,0,0,0,0,0,0,0,0,0,0,0,0,0,41.67,หญ้า,หญ้าข้าวนก
2024-07-03,สุพรรณบุรี,14.593344999999999,100.010122,นาชลประทาน,ระยะกล้า,ไม่ทราบพันธุ์,0,0,0,0,0,0,0,2.63,0,0.53,0,0,0,0,0,0,0,0,0.26,0,0,0,0,0,0,0,0,0,0,0,0,0,1.67,หญ้า,หญ้าดอกขาว
2024-07-03,สุพรรณบุรี,14.161003900000001,100.20981399999999,นาชลประทาน,ระยะกล้า,ไม่ทราบพันธุ์,0,0,0,0,0,0,0,2.7,0,0,0,0,0,0,0,0,0,0,0.34,0,0,0,0,0,0,0,0,0,0,0,0,0,0,NA,NA
2024-07-03,สุพรรณบุรี,14.58691,100.013578,นาชลประทาน,ระยะกล้า,ไม่ทราบพันธุ์,0,0,0,0,0,0,0,1.72,0,0,0,0,0,0,0,0,0,0,0.28999999999999998,0,0,0,0,0,0,0,0,0,0,0,0,0,0,NA,NA
2024-07-18,สุพรรณบุรี,14.513583000000001,99.967264,นาชลประทาน,แตกกอ,ไม่ทราบพันธุ์,0,0,7.69,0,0,0,0,5.13,0,0.37,0,0,0,0,0,0,0,0,0.37,0,0,0,0,0,0,0,0,0,0,0,0,0,3.33,หญ้า,หญ้า
2024-07-18,สุพรรณบุรี,14.517467,99.967532000000006,นาชลประทาน,ตั้งท้อง,กข61,0,0,0,0,0,0,0,4.87,0,15.26,0,0,0,0,0,0,0,0,2.27,0,0,0,0,0,0,0,0,0,0,0,0,0,13.33,หญ้า,หญ้าข้าวนก
2024-06-26,สุพรรณบุรี,14.519333,100.977103,นาชลประทาน,แตกกอ,กข85,0,0,0,0,0,0,0,0,0,7.53,0,0,0,0,0,0,0,0,17.170000000000002,0,0,0,0,0,0,0,0,0,0,0,0,0,80,หญ้า,หญ้าข้าวนก
2024-06-27,สุพรรณบุรี,14.659605000000001,100.05164000000001,นาชลประทาน,ระยะกล้า,ไม่ทราบพันธุ์,0,0,0,0,0,0,0,0.8,0,0,0,0,0,0,0,0,0,0,0,0,0,0,0,0,0,0,0,0,0,0,0,0,3.33,กก,แห้วหมู
2024-06-26,สุพรรณบุรี,14.666271,100.052099,นาชลประทาน,ระยะกล้า,ไม่ทราบพันธุ์,0,0,0,0,0,0,0,3.02,0,0.27,0,0,0,0,0,0,0,0,0.55000000000000004,0,0,0,0,0,0,0,0,0,0,0,0,0,1.67,พืชใบเลี้ยงคู่ใบกว้าง,ผักปอดนา
2024-06-26,สุพรรณบุรี,14.702248000000001,100.06097,นาชลประทาน,แตกกอ,ไม่ทราบพันธุ์,0,0,1.64,0,0,0,0,0.82,0,0.41,0,0,0,0,0,0,0,0,1.43,0,0,0,0,0,0,0,0,0,0,0,0,0,0,NA,NA
2024-06-26,สุพรรณบุรี,14.751473000000001,100.062242,นาชลประทาน,แตกกอ,ไม่ทราบพันธุ์,0,0,0,0,0,0,0,1.27,0,1.69,0,0,0,0,0,0,0,0,0.64,0,0,0,0,0,0,0,0,0,0,0,0,0,5,หญ้า,หญ้าดอกขาว
2024-06-27,สุพรรณบุรี,14.740834,100.17558699999999,นาชลประทาน,แตกกอ,ไม่ทราบพันธุ์,0,0,0,0,0,0,0,0,0,0.4,0,0,0,0,0,0,0,0,0.38,0,0,0,0,0,0,0,0,0,0,0,0,0,5,หญ้า,หญ้าข้าวนก
2024-06-27,สุพรรณบุรี,14.744564,100.184332,นาชลประทาน,แตกกอ,ไม่ทราบพันธุ์,0,0,0,0,0,0,0,3.04,0,4.99,0,0,0,0,0,0,0,0,2.17,0,0,0,0,0,0,0,0,0,0,0,0,0,1.67,กก,แห้วหมู
2024-08-19,เชียงราย,20.176815999999999,99.955088000000003,นาน้ำฝน,แตกกอ,ไม่ทราบพันธุ์ข้าว,0,0,0,0,0,0,0,0,0,0,0,0.5,0,0,0,0,0,0,1.51,0,0,0,0,0,0,0,0,0,0,0,0,0,5,พืชใบเลี้ยงคู่ใบกว้าง,เทียนนา
2024-08-19,เชียงราย,20.169806000000001,99.960700000000003,นาน้ำฝน,แตกกอ,ไม่ทราบพันธุ์ข้าว,0,0,0,5.88,0,0,0,0,0,0,0,0.5,0,0,0,0,0,0,1.84,0,0,0,0,0,0,0,0,0,0,0,0,0,10,กก,หนวดปลาดุก
2024-08-19,เชียงราย,20.161639000000001,99.975189999999998,นาน้ำฝน,แตกกอ,ไม่ทราบพันธุ์ข้าว,0,0,0,0,0,0,0,0,0,0,0,0,0,0,0,0,0,0,1.34,0.81,0,0,0,0,0,0,0,0,0,0,0,0,8.33,หญ้า,NA
2024-08-19,เชียงราย,20.168291,99.963117999999994,นาน้ำฝน,แตกกอ,ไม่ทราบพันธุ์ข้าว,0,0,0,0,0,0,0,0,0,0,0,0,0,0,0,0,0,0,0,6.91,0,0,0,0,0,0,0,0,0,0,0,0,15,กก,หนวดปลาดุก
2024-08-19,เชียงราย,20.232389000000001,99.958222000000006,นาน้ำฝน,แตกกอ,ไม่ทราบพันธุ์ข้าว,0,0,0,0,0,0,0,0,0,0,0,0.8,0,0,0,0,0,0,0,4.78,0,0,0,0,0,0,0,0,0,0,0,0,10,หญ้า,NA
2024-08-19,เชียงราย,20.230416000000002,99.961746000000005,นาน้ำฝน,แตกกอ,ไม่ทราบพันธุ์ข้าว,0,0,0,0,0,0,0,0,0,0,0,0.7,0,0,0,0,0,0,0.4,0,0,0,0,0,0,0,0,0,0,0,0,0,0,NA,NA
2024-08-19,เชียงราย,20.338066999999999,100.003176,นาน้ำฝน,แตกกอ,กขไม่ทราบพันธุ์แม่โจ้ 2,0,0,0,3.49,0,0,0,0,0,0,0,0,0,0,0,0,0,0,1.1599999999999999,0,0,0,0,0,0,0,0,0,0,0,0,0,5,กก,หนวดปลาดุก
2024-08-19,เชียงราย,20.345468,100.00439799999999,นาน้ำฝน,แตกกอ,ไม่ทราบพันธุ์ข้าว,0,0,0,0,0,0,0,0,0,0,0,1.10,0,0,0,0,0,0,1.1100000000000001,0,0,0,0,0,0,0,0,0,0,0,0,0,3.33,พืชใบเลี้ยงคู่ใบกว้าง,เทียนนา
2024-08-19,เชียงราย,20.359773000000001,100.002734,นาน้ำฝน,แตกกอ,ไม่ทราบพันธุ์ข้าว,0,0,0,0,0,0,0,0,0,0,0,0.7,0,0,0,0,0,0,1.88,0,0,0,0,0,0,0,0,0,0,0,0,0,5,NA,NA
2024-08-19,เชียงราย,20.365790000000001,100.015277,นาน้ำฝน,แตกกอ,ไม่ทราบพันธุ์ข้าว,0,0,0,0,0,0,0,0,0,0,0,0.5,0,0,0,0,0,0,1.89,0,0,0,0,0,0,0,0,0,0,0,0,0,5,หญ้า,NA
2024-08-19,เชียงราย,20.231452999999998,100.06219900000001,นาน้ำฝน,แตกกอ,ไม่ทราบพันธุ์ข้าว,0,0,0,0,0,0,0,0,0,0,0,0.7,0,0,0,0,0,0,3.32,1.28,0,0,0,0,0,0,0,0,0,0,0,0,0,NA,NA
2024-08-19,เชียงราย,20.219899999999999,100.059713,นาน้ำฝน,แตกกอ,ไม่ทราบพันธุ์ข้าว,0,0,0,0,0,0,0,0,0,0,0,0.8,0,0,0,0,0,0,1.35,0,0,0,0,0,0,0,0,0,0,0,0,0,3.33,พืชใบเลี้ยงคู่ใบกว้าง,NA
2024-08-20,อุทัยธานี,15.31157,100.02108,นาชลประทาน,ออกรวง,กข41,0,1,0,0,0,0,0,0,0,0,7,0,0,0,0,0,0,0,0,0,0,0,0,22.699000000000002,0,0,0,0,0,0,0,0,3.3330000000000002,หญ้า,หญ้าข้าวนก
2024-08-20,อุทัยธานี,15.311590000000001,100.01593,นาชลประทาน,ตั้งท้อง,กข61,0,2,0,0,0,0,0,0.13300000000000001,0,0,9,0,0,0,0,0,0,0,0.8,0.53300000000000003,0,0,0,0,0,0,0,0,0,0,0,0,3.3330000000000002,กก,แห้วหมู
2024-08-20,อุทัยธานี,15.31202,100.01118,นาชลประทาน,ระยะกล้า,กข61,0,1,0,0,0,0,0,0,0,0,1,0,0,0,0,0,0,0,0,0,0,0,0,0,0,0,0,0,0,0,0,0,0,NA,NA
2024-08-20,อุทัยธานี,15.314640000000001,99.993759999999995,นาชลประทาน,แตกกอ,กข61,0,1,3.7970000000000002,0,0,0,0,0,0,0,2,0,0,0,0,0,0,0,0,0,0,0,0,0,0,0,0,0,0,0,0,0,0,NA,NA
2024-08-20,อุทัยธานี,15.310409999999999,99.970650000000006,นาชลประทาน,แตกกอ,กข41,0,1,0,0,0,0,0,2.278,0,2.0249999999999999,1,0,0,0,0,0,0,0,0,0,0,0,0,0,0,0,0,0,0,0,0,0,0,กก,แห้วหมู
2024-08-20,อุทัยธานี,15.331480000000001,99.931849999999997,นาชลประทาน,แตกกอ,กข49,0,1,0,0,0,0,0,0,0,1.389,0,0,0,0,0,0,0,0,6.1109999999999998,3.8889999999999998,0,0,0,0,0,0,0,0,0,0,0,0,15,พืชใบเลี้ยงคู่ใบกว้าง,ผักปอดนา
2024-08-20,อุทัยธานี,15.369540000000001,99.88185,นาชลประทาน,แตกกอ,กข79,0,1,0,0,0,0,0,0,0,1.8620000000000001,0,0,0,0,0,0,0,0,2.9260000000000002,0.53200000000000003,0,0,0,0,0,0,0,0,0,0,0,0,5,หญ้า,หญ้าข้าวนก
2024-08-20,อุทัยธานี,15.359349999999999,99.786950000000004,นาชลประทาน,แตกกอ,กข85,0,1,0,0,0,0,0,1.9570000000000001,0,0.435,1,0,0,0,0,0,0,0,0,1.304,0,0,0,0,0,0,0,0,0,0,0,0,5,กก,กกทราย
2024-08-20,อุทัยธานี,15.30265,99.719729999999998,นาชลประทาน,แตกกอ,กข61,0,1,0,0,0,0,0,1.23,0,1.4339999999999999,3,0,0,0,0,0,0,0,0.41,0,0.61499999999999999,0,0,0,0,0,0,0,0,0,0,0,5,พืชใบเลี้ยงคู่ใบกว้าง,ผักปอดนา
2024-08-20,อุทัยธานี,15.29269,99.732849999999999,นาชลประทาน,ตั้งท้อง,กข49,0,1,0,0,0,0,0,0,0,0.17100000000000001,4,0,0,0,0,0,0,0,0.51300000000000001,0,0,0,0,0,0,0,0,0,0,0,0,0,5,พืชใบเลี้ยงคู่ใบกว้าง,ผักบุ้ง
2024-08-26,เชียงราย,19.589659999999999,98.720596,นาชลประทาน,แตกกอ,ก.วก.2,0,0,0,0,0,0,0,0,0,0,0.1,9.8,0,0.1,0,0,0,0,0.2,0,0,0,0,0,0,0,0,0,0,0,0,0,0,NA,NA
2024-08-26,เชียงราย,19.810483999999999,99.738435999999993,นาชลประทาน,แตกกอ,ข้าวญี่ปุ่นพันธุ์ SQ,0,0,0,0,0,0,0,0,0,0,0,0,0,0,0,0,0,0,1.06,0,0,0,0,0,0,0,0,0,0,0,0,0,8.33,พืชใบเลี้ยงคู่ใบกว้าง,เทียนนา
2024-08-26,เชียงราย,19.806367000000002,99.727057000000002,นาชลประทาน,ตั้งท้อง,ไม่ทราบพันธุ์ข้าว,0,0,0,0,0,0,0,0,0,0,0,1.2,0,0,0,0,0,0,0,0,0,0,0,0,0,0,0,0,0,0,0,0,0,NA,NA
2024-08-26,เชียงราย,19.803740000000001,99.718689999999995,นาชลประทาน,แตกกอ,ไม่ทราบพันธุ์ข้าว,3.92,0,0,0,0,0,0,0,0,0,0,0,0,0,0,0,0,0,0.2,0.78,0,0,0,0,0,0,0,0,0,0,0,0,0,NA,NA
2024-08-26,เชียงราย,19.753986000000001,99.711803000000003,นาชลประทาน,แตกกอ,ไม่ทราบพันธุ์ข้าว,0,0,0,0,0,0,0,0,0,0,0,0,0,0,0,0,0,0,0,0,0,0,2.2200000000000002,0,0,0,0,0,0,0,0,0,5,พืชใบเลี้ยงคู่ใบกว้าง,เทียนนา
2024-08-26,เชียงราย,19.718084000000001,99.686204000000004,นาชลประทาน,แตกกอ,ไม่ทราบพันธุ์ข้าว,0,0,0,0,0,0,0,0,0,0,0,0,0,0,0,0,0,0,0,0,0,0,0,0,0,0,0,0,0,0,0,0,0,NA,NA
2024-09-03,พัทลุง,7.7071420000000002,100.11112900000001,นาชลประทาน,ก่อนเก็บเกี่ยว,กข41,0,0,0,0,0,0,0,0,0,0,50,0,0,0,0,0,0,0,1,0,0,0,0,0,0,0,0,0,40,0,0,0,0,NA,NA
2024-09-04,สงขลา,7.8018169999999998,100.24364199999999,นาชลประทาน,ก่อนเก็บเกี่ยว,กข41,0,0,0,0,0,0,0,0,0,0,0,0,0,0,0,0,0,0,2,0,0,1,0,0,0,0,0,0,0,0,0,0,0,หญ้า,หญ้าแดง 50%
2024-09-04,สงขลา,7.8168800000000003,100.240407,นาชลประทาน,ก่อนเก็บเกี่ยว,กข61,0,0,0,0,0,0,0,0,0,0,0,0,0,0,0,0,0,0,0,0,0,0,0,0,0,0,0,0,0,0,0,0,40,พืชใบเลี้ยงคู่ใบกว้าง,เทียนนา  30%  หญ้าข้าวนก 10 %
2024-09-04,สงขลา,7.8115959999999998,100242767,นาชลประทาน,ก่อนเก็บเกี่ยว,กข61,0,0,0,0,0,0,0,0,0,0,0,1,0,0,0,0,0,0,0,0,0,0,0,0,0,0,0,0,0,0,0,0,50,หญ้า,หญ้าข้าวนก
2024-09-04,สงขลา,7.8176839999999999,100.241843,นาชลประทาน,ก่อนเก็บเกี่ยว,กข41,0,0,0,0,0,0,0,0,0,0,0,0,0,0,0,0,0,0,0,0,0,0,0,0,0,0,0,0,0,0,0,0,50,หญ้า,ข้าวนกและกกสามเหลีิ่ยม 
2024-09-04,พัทลุง,7.8712679999999997,100.221125,นาชลประทาน,ก่อนเก็บเกี่ยว,กข41,0,0,0,0,0,0,0,0,0,0,0,0,0,0,0,0,0,0,0,0,0,0,0,0,0,0,0,0,0,0,0,0,20,หญ้า,ข้าวนก 20 % หญ้าดอกข้าว 20 %
2024-09-04,สงขลา,7.8715650000000004,100.221249,นาชลประทาน,ก่อนเก็บเกี่ยว,กข41,0,0,0,0,0,0,0,0,0,0,0,0,0,0,0,0,0,0,0,0,0,0,0,0,0,0,0,0,0,0,0,0,50,หญ้า,ข้าวนก 50 % และดอกข้าว 30 %
2024-09-09,พัทลุง,7.6908709999999996,100.01331500000001,นาชลประทาน,ก่อนเก็บเกี่ยว,กข81,0,0,0,0,0,0,0,0,0,0,มากกว่า50,0,0,0,0,0,0,0,0,0,0,0,0,0,0,0,0,0,0,0,0,0,0,กก,กกสามเหลี้ยม1&
2024-09-09,พัทลุง,7.6911329999999998,100.074946,นาชลประทาน,ก่อนเก็บเกี่ยว,กข81,0,0,0,0,0,0,0,0,0,0,มากกว่า50,0,0,0,0,0,0,0,0,0,0,0,0,0,0,0,0,0,85,0,0,0,2,กก,กกสามเหลี่ยม
2024-09-09,พัทลุง,7.6913239999999998,100.074946,นาชลประทาน,ก่อนเก็บเกี่ยว,กข81,0,0,0,0,0,0,0,0,0,0,มากกว่า50,0,0,0,0,0,0,0,0,0,0,0,0,0,0,0,0,0,80,0,0,0,0,NA,NA
2024-09-09,พัทลุง,7.6910150000000002,100.07552099999999,นาชลประทาน,ก่อนเก็บเกี่ยว,กข41,0,0,0,0,0,0,0,0,0,0,20,0,0,0,0,0,0,0,0,0,0,0,0,0,0,0,0,0,20,0,0,0,5,หญ้า,ข้าวนก
2024-09-09,พัทลุง,7.6907889999999997,100.07528499999999,นาชลประทาน,ก่อนเก็บเกี่ยว,กข81,0,0,0,0,0,0,0,0,0,0,0,0,0,0,0,0,0,0,0,0,0,0,0,0,0,0,0,0,90,0,0,0,30,กก,กกสามเหลี่ยม
2024-09-09,พะเยา,19.465167000000001,100.534088,ข้าวไร่ที่สูงขังน้ำ,ออกดอก,น้ำรู,13.18,0,0,0,0,0,0,0,0,0,0.2,1.2,0,0.1,0,0,0,0,0,0,0,0,0,0,0,0,0,0,0,0,0,0,5,พืชใบเลี้ยงคู่ใบกว้าง,NA
2024-09-09,พะเยา,19.466042000000002,100.53416199999999,ข้าวไร่ที่สูงขังน้ำ,ออกดอก,น้ำรู,10.43,0,0,0,0,0,0,0,0,0,0,1.8,0,0,0,0,0,0,1.52,0,0,0,0,0,0,0,0,0,0,0,0,0,3.33,พืชใบเลี้ยงคู่ใบกว้าง,NA
2024-09-09,พะเยา,19.465085999999999,100.533051,ข้าวไร่ที่สูงขังน้ำ,ตั้งท้อง,น้ำรู,7.95,0,0,0,0,0,0,0,0,0,0.2,2.0,0,0,0,0,0,0,1.42,0,0,5.97,0,0,0,0,0,0,0,0,0,0,3.33,พืชใบเลี้ยงคู่ใบกว้าง,NA
2024-09-09,พะเยา,19.475428000000001,100.46444200000001,ข้าวไร่ที่สูง,แตกกอ,ข้าวเหนียวดำ,0,0,0,0,0,0,0,0,0,0,0,0,0,0,0,0,0,0,16.43,0,0,0,0,0,0,0,0,0,0,0,0,0,5,พืชใบเลี้ยงคู่ใบกว้าง,NA
2024-09-09,พะเยา,19.483813999999999,100.464731,ข้าวไร่ที่สูง,แตกกอ,ข้าวไร่พันธุ์พื้นเมือง,0,0,0,0,0,0,0,0,0,0,0,0,0,0,0,0,0,0,10.32,0,0,0,0,0,0,0,0,0,0,0,0,0,3.33,หญ้า,NA
2024-09-09,พะเยา,19.486823000000001,100.466549,ข้าวไร่ที่สูง,แตกกอ,ข้าวไร่พันธุ์พื้นเมือง,0,0,0,0,0,0,0,0,0,0,0,0,0,0,0,0,0,0,10.85,0,0,0,0,0,0,0,0,0,0,0,0,0,5,หญ้า,NA
2024-09-16,เชียงราย,19.445001999999999,99.637686000000002,ข้าวไร่ที่สูงขังน้ำ,แตกกอ,ไม่ทราบพันธุ์ข้าว,0,0,0,0,0,0,0,0,0,0,0.2,6.4,0,0,0,0,0,0,7.14,1.75,0,0,0,0,0,0,0,0,0,0,0,0,5,พืชใบเลี้ยงคู่ใบกว้าง,NA
2024-09-16,เชียงราย,19.442471999999999,99.637032000000005,ข้าวไร่ที่สูงขังน้ำ,แตกกอ,กข10,0,0,0,0,0,0,0,0,0,0,0.2,9.5,0,0,0,0,0,0,1.71,9.43,0,0,0,0,0,0,0,0,0,0,0,0,5,พืชใบเลี้ยงคู่ใบกว้าง,ขาเขียด
2024-09-16,เชียงราย,19.442733,99.637253999999999,ข้าวไร่ที่สูงขังน้ำ,แตกกอ,กข10,0,0,0,0,0,0,0,0,0,0,0.5,10.60,0,0,0,0,0,0,1.84,2.38,0,0,0,0,0,0,0,0,0,0,0,0,3.33,พืชใบเลี้ยงคู่ใบกว้าง,NA
2024-09-16,เชียงราย,19.456928000000001,99.621352000000002,ข้าวไร่ที่สูง,แตกกอ,ข้าวก่ำดอย,9.18,0,0,0,0,0,0,0,0,0,0,0,0,0,0,0,0,0,9.59,0.2,0,0,0,0,0,0,0,0,0,0,0,0,5,หญ้า,NA
2024-09-16,เชียงราย,19.458938,99.662012200000007,ข้าวไร่ที่สูง,แตกกอ,ข้าวไร่พันธุ์พื้นเมือง,0,0,0,0,0,0,0,0,0,0.95,0,1.0,0,0,0,0,0,0,7.05,2.48,0,0,0,0,0,0,0,0,0,0,0,0,5,พืชใบเลี้ยงคู่ใบกว้าง,NA
2024-09-16,เชียงราย,19.449235999999999,99.638048999999995,ข้าวไร่ที่สูงขังน้ำ,แตกกอ,ไม่ทราบพันธุ์ข้าว,0,0.3,0,0,0,0,0,0,0,0,0.7,6.9,0,0.1,0,0,0,0,5.96,2.69,0,0,0,0,0,0,0,0,0,0,0,0,1.67,พืชใบเลี้ยงคู่ใบกว้าง,NA
2024-09-16,เชียงราย,19.492723999999999,99.662987999999999,ข้าวไร่ที่สูง,แตกกอ,ข้าวไร่พันธุ์พื้นเมือง,0,0,0,0,0,0,0,0,0,0,0,6.40,0,0.3,0,0,0,0,12.78,0,0,0,0,0,0,0,0,0,0,0,0,0,1.67,พืชใบเลี้ยงคู่ใบกว้าง,NA
2024-09-09,พัทลุง,7.691624,100.07712100000001,นาชลประทาน,ก่อนเก็บเกี่ยว,กข81,0,0,0,0,0,0,0,0,0,0,0,0,0,0,0,0,0,0,2,0,0,0,0,0,0,0,0,0,40,0,0,0,5,กก,กกสามเหลี่ยม
2024-09-10,พัทลุง,7.6877050000000002,100.11944099999999,นาชลประทาน,ก่อนเก็บเกี่ยว,กข61,0,0,0,0,0,0,0,0,0,0,50,0,0,0,0,0,0,0,0,0,0,0,0,0,0,0,0,0,40,0,0,0,0,NA,NA
2024-09-19,เชียงใหม่,18.424742999999999,98.530179000000004,ข้าวไร่ที่สูงขังน้ำ,ตั้งท้อง,ไม่ทราบพันธุ์ข้าว,0,0,0,0,0,0,0,0,0,0,0.4,6.10,0,0,0,0,0,0,0,0,0,0,0,0,0,0,0,0,0,0,0,0,3.33,หญ้า,NA
2024-09-19,เชียงใหม่,18.428460999999999,98.543228999999997,ข้าวไร่ที่สูงขังน้ำ,ตั้งท้อง,ไม่ทราบพันธุ์ข้าว,0,0,0,0,0,0,0,0,0,0,1.0,4.10,0,0,0,0,0,0,2.7,0,0,0,0,0,0,0,0,0,0,0,0,0,1.67,กก,หนวดปลาดุก
2024-09-20,เชียงใหม่,18.425032000000002,98.527574000000001,ข้าวไร่ที่สูงขังน้ำ,ตั้งท้อง,ไม่ทราบพันธุ์ข้าว,1.37,0,0,0,0,0,0,0,0,0.82,2.42,58.60,0,0,0,0,0,0,2.88,0,0,0,0,0,0,0,0,0,0,0,0,0,0,NA,NA
2024-09-20,เชียงใหม่,18.429568,98.519458,ข้าวไร่ที่สูง,ออกดอก,ข้าวไร่พันธุ์พื้นเมือง,0,0,0,0,0,0,0,0,0,0,0,0.6,0,0,0,0,0,0,8.2100000000000009,1.03,0,0,0,0,0,0,0,0,0,0,0,0,5,พืชใบเลี้ยงคู่ใบกว้าง,NA
2024-09-20,เชียงใหม่,18.427679999999999,98.520571000000004,ข้าวไร่ที่สูงขังน้ำ,ตั้งท้อง,ไม่ทราบพันธุ์ข้าว,0,0,0,0,0,0,0,0,0,0,1.6,9.10,0,0.3,0,0,0,0,1.07,0,0,0,0,0,0,0,0,0,0,0,0,0,3.33,พืชใบเลี้ยงคู่ใบกว้าง,NA
2024-09-20,เชียงใหม่,18.434014000000001,98.524473,ข้าวไร่ที่สูง,ตั้งท้อง,ข้าวไร่พันธุ์พื้นเมือง,0,0,0,0,0,0,0,0,0,0,0.1,1.10,0,0,0,0,0,0,0,3.23,0,0,0,0,0,0,0,0,0,0,0,0,10,หญ้า,NA
2024-09-24,แม่ฮ่องสอน,19.732448999999999,98.044146999999995,ข้าวไร่ที่สูง,ออกดอก,ข้าวไร่พันธุ์พื้นเมือง,4.72,0,0,0,0,0,0,0,0,0,0.5,2.7,0,0,0,0,0,0,11.81,0,0,0,0,0,0,0,0,0,0,0,0,0,5,พืชใบเลี้ยงคู่ใบกว้าง,NA
2024-09-23,พิษณุโลก,16.963621,100.261021,นาน้ำฝน,ระยะกล้า,ไม่ทราบพันธุ์,0,หอยตัวเล็ก 0.9 ตัว กลุ่มไข่ 1.4 กลุ่ม,0,0,0,0,0,0,0,0,6.3,0,0,0,0,0,0,0,3.37,0.45,0,0,0,0,0,0,0,0,0,0,0,0,13.33,พืชใบเลี้ยงคู่ใบกว้าง,ผักปอดนา
2024-09-23,พิษณุโลก,16.979379999999999,100.300668,นาน้ำฝน,ออกรวง,ไม่ทราบพันธุ์,0,0,0,0,0,0,0,0,0,0,0,0,0,0,0,0,19.170000000000002,7.53,0.51,0,0,6.33,0,0,0,0,0,0,0,0,0,0,0,NA,NA
2024-09-23,พิษณุโลก,17.116819,100.350584,นาน้ำฝน,แตกกอ,ไม่ทราบพันธุ์,0,0,0,0,0,0,0,1.4,0,0.8,1.8,0,0,0,0,0,0,0,3.4,14.6,0,0.8,0,0,0,0,0,0,0,0,0,0,45,หญ้า,NA
2024-09-23,พิษณุโลก,17.149234,100.360702,นาน้ำฝน,ออกรวง,ไม่ทราบพันธุ์,0,0,0,0,0,0,0,0,0,0,2.80,0,0,0,0,0,0,0,1.96,0.14000000000000001,0,1.68,0,7.3,0,0,0.14000000000000001,0.98,0,0,0,0,20,หญ้า,หญ้าดอกขาว
2024-09-23,พิษณุโลก,17.210039999999999,100.323786,นาน้ำฝน,แตกกอ,ไม่ทราบพันธุ์,0,0,0,0,0,0,0,1.6,0,0.35,2.14,0,0,0,0,0,0,0,2.85,0,2.3199999999999998,0.35,0,0,0,0,0,1.42,0,0,0,0,45,หญ้า,NA
2024-09-24,แม่ฮ่องสอน,19.732323000000001,98.043254000000005,ข้าวไร่ที่สูงขังน้ำ,ตั้งท้อง,ไม่ทราบพันธุ์ข้าว,0,0,0,0,0,0,0,0,0,0.49,1.20,2.70,0,0,0,0,0,0,6.18,0,0,0,0,0,0,0,0,0,0,0,0,0,1.67,หญ้า,NA
2024-09-26,พิจิตร,16.531818999999999,100.46484,นาน้ำฝน,ออกรวง,กข79,0,0,0,0,0,0,0,0,0,0,0,0,0,0,0,0,0,1.1499999999999999,4.16,0,4.92,0,0,25,1.32,0,0.75,0.37,0,0,0,0,8.3000000000000007,พืชใบเลี้ยงคู่ใบกว้าง,เทียนนา
2024-09-26,พิจิตร,16.516587000000001,100.476164,นาน้ำฝน,แตกกอ,ไม่ทราบพันธุ์,0,0,0,0,0,0,0,0,0,0,0,0,0,0,0,0,0,0,6.3,0,1.62,0.40,0,0,0,0,1.21,0,0,0,0,0,20,หญ้า,หญ้าดอกขาว
2024-09-24,แม่ฮ่องสอน,19.730929,98.042603,ข้าวไร่ที่สูงขังน้ำ,ตั้งท้อง,ไม่ทราบพันธุ์ข้าว,6.48,0,0,3.7,0,0,0,0,0,0,0.4,2.20,0,0,0,0,0,0,11.85,0,0,0,0,0,0,0,0,0,0,0,0,0,1.67,พืชใบเลี้ยงคู่ใบกว้าง,NA
2024-09-26,พิจิตร,16.448643000000001,100.500744,นาน้ำฝน,แตกกอ,ไม่ทราบพันธุ์,0,0,0,0,0,0,0,0,0,1.9,0,0,0,0,0,0,0,0,7.29,0,3.99,8.85,0,0,0,0,0,0,0,0,0,0,45,หญ้า,NA
2024-09-26,พิจิตร,16.404757,100.54892,นาน้ำฝน,ออกรวง,ไม่ทราบพันธุ์,0,0,0,0,0,0,0,0,0,1.88,0,0,0,0,0,0,0,3.08,4.0999999999999996,0,2.56,4.63,0,25,0.68,0,0,0,0,0,0,0,20,พืชใบเลี้ยงคู่ใบกว้าง,เทียนนา 
2024-09-24,แม่ฮ่องสอน,19.728265,98.041983999999999,ข้าวไร่ที่สูง,ออกดอก,ข้าวไร่พันธุ์พื้นเมือง,0,0,0,0,0,0,0,0,0,1.1100000000000001,1.3,2.2,0,0,0,0,0,0,17.22,0,0,11.94,0,0,0,0,0,0,0,0,0,0,5,พืชใบเลี้ยงคู่ใบกว้าง,NA
2024-09-26,พิจิตร,16.397908999999999,100.58196599999999,นาน้ำฝน,แตกกอ,ไม่ทราบพันธุ์,0,0,0,0,0,0,0,0,0,1.98,0,0,0,0,0,0,0,0,2.84,0,2.69,6.10,0,0,0,0,0,0,0,0,0,0,10,พืชใบเลี้ยงคู่ใบกว้าง,NA
2024-09-26,พิจิตร,16.36167,100.61816899999999,นาน้ำฝน,ระยะกล้า,ไม่ทราบพันธุ์,0,0,0,0,0,0,0.28999999999999998,5.05,0,0,0.59,0,0,0,0,0,0,0,1.48,0,0,0,0,0,0,0,0,0,0,0,0,0,0,NA,NA
2024-09-24,แม่ฮ่องสอน,19.515307,98.270122000000001,ข้าวไร่ที่สูง,ตั้งท้อง,ข้าวไร่พันธุ์พื้นเมือง,0,0,0,0,0,0,0,0,0,0,3.60,4.30,0,0,0,0,0,0,9.52,0,0,0,0,0,0,0,0,0,0,0,0,0,3.33,พืชใบเลี้ยงคู่ใบกว้าง,NA
2024-09-26,พิจิตร,16.361736000000001,100.61773700000001,นาน้ำฝน,ออกดอก,ไม่ทราบพันธุ์,0,0,0,0,0,0,0,0.44,0,0,0,0,0,0,0,0,30.68,1.79,0.28999999999999998,0,0.14000000000000001,0.14,0,0,0,0,0,0,0,0,0,0,0,NA,NA
2024-09-24,แม่ฮ่องสอน,19.440401000000001,98.349264000000005,ข้าวไร่ที่สูง,ออกดอก,ข้าวไร่พันธุ์พื้นเมือง,0,0,0,0,0,0,0,0,0,0,0.7,3.10,0,0.2,0,0,0,0,11.34,1.26,0,0,0,0,0,0,0,0,0,0,0,0,5,พืชใบเลี้ยงคู่ใบกว้าง,NA
2024-09-24,แม่ฮ่องสอน,19.436233999999999,98.357686000000001,ข้าวไร่ที่สูง,ตั้งท้อง,ข้าวไร่พันธุ์พื้นเมือง,0,0,0,0,0,0,0,0,0,0,1.6,2.80,0,0,0,0,0,0,12.86,0,0,0,0,0,0,0,0,0,0,0,0,0,5,พืชใบเลี้ยงคู่ใบกว้าง,NA
2024-09-19,เชียงใหม่,18.423144000000001,98.680345000000003,นาชลประทาน,ตั้งท้อง,ไม่ทราบพันธุ์ข้าว,0.69,0,0,0,0,0,0,0,0,0,0.1,2.6,0,0,0,0,0,0,3.75,0,0,0,0,0,0,0,0,0,0,0,0,0,3.33,หญ้า,NA
2024-09-24,แม่ฮ่องสอน,19.341335999999998,98.445564000000005,นาชลประทาน,ตั้งท้อง,ขาวดอกมะลิ105,0,0,0,0,0,0,0,0,0,0,2.0,5.9,0,0,0,0,0,0,5.61,0,0,0,2.44,0,0,0,0,0,0,0,0,0,3.33,พืชใบเลี้ยงคู่ใบกว้าง,NA
2024-09-24,แม่ฮ่องสอน,19.351247999999998,98.446612999999999,นาชลประทาน,ตั้งท้อง,ไม่ทราบพันธุ์ข้าว,0,0,0,0,0,0,0,0,0,0,0.6,3.40,0,0,0,0,0,0,0,0,0,0,4.8600000000000003,0,0,0,0,0,0,0,0,0,3.33,พืชใบเลี้ยงคู่ใบกว้าง,NA
2024-09-24,แม่ฮ่องสอน,19.344736000000001,98.447198999999998,นาชลประทาน,ตั้งท้อง,ไม่ทราบพันธุ์ข้าว,0,0,0,0,0,0,0,0,0,0,0.3,3.10,0,0,0,0,0,0,0,0,0,0,0,0,0,0,0,0,0,0,0,0,0,NA,NA
2024-05-31,พิษณุโลก,17.208597999999999,100.321815,นาน้ำฝน,ระยะกล้า,ไม่ทราบพันธุ์,0,0,0,0,0,0,0,0,0,0,0,0,0,0,0,0,0,0,13.35,0,0,0,0,0,0,0,0,0,0,0,0,0,0,NA,NA
2024-05-31,พิษณุโลก,17.142240999999999,100.356116,นาน้ำฝน,ระยะกล้า,ไม่ทราบพันธุุ์,0,0,0,0,0,0,0,0,0,0,0,0,0,0,0,0,0,0,5.96,0,0,0,0,0,0,0,0,0,0,0,0,0,0,NA,NA
2024-05-31,พิษณุโลก,17.194844,100.319918,นาน้ำฝน,ระยะกล้า,ไม่ทราบพันธุ์,0,0,0,0,0,0,0,0,0,0,0,0,0,0,0,0,0,0,0,3.02,0,0,0,0,0,0,0,0,0,0,0,0,0,NA,NA
2024-05-31,พิษณุโลก,16.972180999999999,100.28888600000001,นาน้ำฝน,ระยะกล้า,ไม่ทราบพันธุ์,0,0,0,0,0,0,0,0,0,0,0,0,0,0,0,0,0,0,3.87,0,0,0,0,0,0,0,0,0,0,0,0,0,0,NA,NA
2024-05-31,พิษณุโลก,16.982683999999999,100.307137,นาน้ำฝน,ระยะกล้า,ไม่ทราบพันธุ์,0,0,0,0,0,0,0,0,0,0,0,0,0,0,0,0,0,0,10.119999999999999,0,0,0,0,0,0,0,0,0,0,0,0,0,0,NA,NA
2024-05-31,พิษณุโลก,16.9605,100.299384,นาน้ำฝน,ระยะกล้า,ไม่ทราบพันธุ์,0,0,0,0,0,0,2.3199999999999998,0,0,0,0,0,0,0,0,0,0,0,15.58,0,0,0,0,0,0,0,0,0,0,0,0,0,0,NA,NA
2024-05-31,พิษณุโลก,16.931504,100.299116,นาน้ำฝน,แตกกอ,ไม่ทราบพันธุ์,0,0,0,0,0,0,0,0,0,0,0,0,0,0,0,0,0,0,2.5,0,2.12,0,0,0,0,0,0,0,0,0,0,0,21.6,พืชใบเลี้ยงคู่ใบกว้าง,NA
2024-05-31,พิษณุโลก,16.921146,100.30281100000001,นาน้ำฝน,แตกกอ,ไม่ทราบพันธุ์,0,0,0,0,0,0,0,0.5,0,0,0,0,0,0,0,0,0,0,7.25,0,0,0,0,0,0,0,0,0,0,0,0,0,0,NA,NA
2024-05-31,พิษณุโลก,16.912486999999999,100.29933,นาน้ำฝน,แตกกอ,ไม่ทราบพันธุ์,0,0,0,0,0,0,0,0,0,1.1499999999999999,0,0,0,0,0,0,0,0,0,12.06,0.7,0,0,0,0,0,0,0,0,0,0,0,0,NA,NA
2024-05-31,พิษณุโลก,16.908061,100.30461,นาน้ำฝน,แตกกอ,ไม่ทราบพันธุ์,0,0,0,0,0,0,0,0,0,0,0,0,0,0,0,0,0,0,4.82,0,0,0,0,0,0,0,0,0,0,0,0,0,0,NA,NA
2024-05-31,พิษณุโลก,16.903541000000001,100.321033,นาน้ำฝน,แตกกอ,ไม่ทราบพันธุ์,0,0,0,0,0,0,0,0,0,2.17,0,0,0,0,0,0,0,0,0,0,2.63,0,0,0,0,0,0,0,0,0,0,0,36.659999999999997,หญ้า,NA
2024-06-25,อุตรดิตถ์,17.24081,100.050427,นาน้ำฝน,แตกกอ,ไม่ทราบพันธุ์,0,0,0,0,0,0,0,0,0,0,0,0,0,0,0,0,0,0,0,12.52,0,0,0,0,0,0,0,0,0,0,0,0,0,NA,NA
2024-06-25,อุตรดิตถ์,17.247429,100.038207,นาน้ำฝน,ระยะกล้า,ไม่ทราบพันธุ์,0,0,0,0,0,0,13.26,0,0,0,0,0,0,0,0,0,0,0,6.51,0,0,0,0,0,0,0,0,0,0,0,0,0,0,NA,NA
2024-06-25,อุตรดิตถ์,17.248304999999998,100.024573,นาน้ำฝน,แตกกอ,ไม่ทราบพันธุ์,0,0,0,0,0,0,0,0,0,0,0,0,0,0,0,0,0,0,7.53,0,0,0,0,0,0,0,0,0,0,0,0,0,0,NA,NA
2024-06-25,อุตรดิตถ์,17.259810999999999,100.002201,นาน้ำฝน,ระยะกล้า,ไม่ทราบพันธุ์,0,0,0,0,0,0,0,0,0,0,0,0,0,0,0,0,0,0,2.5099999999999998,0,2.17,0,0,0,0,0,0,0,0,0,0,0,0,NA,NA
2024-06-25,อุตรดิตถ์,17.268943,99.989733999999999,นาน้ำฝน,แตกกอ,ไม่ทราบพันธุ์,0,0,0,0,0,0,0,0,0,0,0,0,0,0,0,0,0,0,0,0,2.3199999999999998,0,0,0,0,0,0,0,0,0,0,0,0,NA,NA
2024-06-25,อุตรดิตถ์,17.382981999999998,100.06523199999999,นาน้ำฝน,ระยะกล้า,ไม่ทราบพันธุ์,0,0,0,0,0,0,0,0.5,0,0,0,0,0,0,0,0,0,0,7.56,0,0,0,0,0,0,0,0,0,0,0,0,0,0,NA,NA
2024-06-25,อุตรดิตถ์,17.395652999999999,100.065353,นาน้ำฝน,ระยะกล้า,ไม่ทราบพันธุ์,0,0,0,0,0,0,0,0,0,3.52,1.52,0,0,0,0,0,0,0,0,0,0.23,0,0,0,0,0,0,0,0,0,0,0,0,NA,NA
2024-06-25,อุตรดิตถ์,17.385601000000001,100.08541700000001,นาน้ำฝน,ระยะกล้า,ไม่ทราบพันธุ์,0,0,0,0,0,0,0,0,0,0,5.26,0,0,0,0,0,0,0,8.24,0,0,0,0,0,0,0,0,0,0,0,0,0,0,NA,NA
2024-07-30,เพชรบูรณ์,16.922826000000001,101.19054199999999,นาน้ำฝน,แตกกอ,ไม่ทราบพันธุ์,0,0,0,0,0,0,0,1.25,0,0,0,0,0,0,0,0,0,0,0,3.12,0,0,0,0,0,0,0,0,0,0,0,0,0,NA,NA
2024-07-30,เพชรบูรณ์,16.954402000000002,101.189246,นาน้ำฝน,แตกกอ,ไม่ทราบพันธุ์,0,0,0,0,0,0,0,0,0,0,0,0,0,0,0,0,0,0,1.22,10.74,0,0,0,0,0,0,0,0,0,0,0,0,0,NA,NA
2024-07-30,เพชรบูรณ์,16.962447999999998,101.196821,นาน้ำฝน,แตกกอ,ไม่ทราบพันธุ์,0,0,0,0,0,0,0,0,0,0,0,0,0,0,0,0,15.82,0,0,0.8,0,0,0,0,0,0,0,0,0,0,0,0,0,NA,NA
2024-07-30,เพชรบูรณ์,16.964943999999999,101.200388,นาน้ำฝน,แตกกอ,ไม่ทราบพันธุ์,0,0,0,0,0,0,0,0,0,0,0,0,0,0,0,0,8.44,0,0,0,0,0,0,0,0,0,0,0,0,0,0,0,0,NA,NA
2024-07-30,เพชรบูรณ์,16.978033,101.21241000000001,นาน้ำฝน,แตกกอ,ไม่ทราบพันธุ์,0,0,0,0,0,0,0,0,0,0,0,0,0,0,0,0,0,0,9.2100000000000009,0,0,0,0,0,0,0,0,0,0,0,0,0,0,NA,NA
2024-07-30,เพชรบูรณ์,16.830334000000001,101.260876,นาน้ำฝน,แตกกอ,ไม่ทราบพันธุ์,0,0,0,0,0,0,0,0,0,0,0,0,0,0,0,0,0,0,1.2,18.52,0,0,0,0,0,0,0,0,0,0,0,0,0,NA,NA
2024-07-30,เพชรบูรณ์,16.833275,101.272952,นาน้ำฝน,แตกกอ,ไม่ทราบพันธุ์,0,0,0,0,0,0,0,0,0,0,0,0,0,0,0,0,0,0,5.46,0,0,0,0,0,0,0,0,0,0,0,0,0,0,NA,NA
2024-07-30,เพชรบูรณ์,16.849243999999999,101.32463199999999,นาน้ำฝน,แตกกอ,ไม่ทราบพันธุ์,0,0,0,0,0,0,0,0,0,3.5,0,0,0,0,0,0,0,0,0,0,0.48,0,0,0,0,0,0,0,0,0,0,0,0,NA,NA
2024-07-30,เพชรบูรณ์,16.854264000000001,101.32381599999999,นาน้ำฝน,แตกกอ,ไม่ทราบพันธุ์,0,0,0,0,0,0,0,0,0,0,0,0,0,0,0,0,0,0,12.47,0,0,0,0,0,0,0,0,0,0,0,0,0,0,NA,NA
2024-07-30,เพชรบูรณ์,16.869793000000001,101.32207,นาน้ำฝน,แตกกอ,ไม่ทราบพันธุ์,0,0,0,0,0,0,0,0,0,0,0,0,0,0,0,0,0,0,3.49,0,0.16,0,0,0,0,0,0,0,0,0,0,0,20,หญ้า,NA
2024-07-31,เพชรบูรณ์,16.747416000000001,101.166647,นาน้ำฝน,แตกกอ,ไม่ทราบพันธุ์,0,0,0,0,0,0,0,0,0,0,0,0,0,0,0,0,0,0,0,3.16,0,0,0,0,0,0,0,0,0,0,0,0,0,NA,NA
2024-07-31,เพชรบูรณ์,16.754804,101.16765599999999,นาน้ำฝน,แตกกอ,ไม่ทราบพันธุ์,0,0,0,0,0,0,0,0,0,0,0,0,0,0,0,0,0,0,3.58,1.03,0,0,0,0,0,0,0,0,0,0,0,0,0,NA,NA
2024-07-31,เพชรบูรณ์,16.777712000000001,101.170231,นาน้ำฝน,แตกกอ,ไม่ทราบพันธุ์,0,0,0,0,0,0,0,0,0,0,0,0,0,0,0,0,0,0,5.27,0,0.25,0,0,0,0,0,0,0,0,0,0,0,0,NA,NA
2024-07-31,เพชรบูรณ์,16.779595,101.170941,นาน้ำฝน,แตกกอ,ไม่ทราบพันธุ์,0,0,0,0,0,0,0,0,0,0,0,0,0,0,0,0,0,0,3.21,0,0,0,0,0,0,0,0,0,0,0,0,0,0,NA,NA
2024-07-31,เพชรบูรณ์,16.784217999999999,101.17351499999999,นาน้ำฝน,แตกกอ,ไม่ทราบพันธุ์,0,0,0,0,0,0,0,0,0,2.5,0,0,0,0,0,0,0,0,0,0,0.38,0,0,0,0,0,0,0,0,0,0,0,0,NA,NA
2024-07-31,เพชรบูรณ์,16.742289,101.16041300000001,นาน้ำฝน,แตกกอ,ไม่ทราบพันธุ์,0,0,0,0,0,0,0,0,0,0,0,0,0,0,0,0,0,0,5.12,0,0,0,0,0,0,0,0,0,0,0,0,0,0,NA,NA
2024-07-31,เพชรบูรณ์,16.714236,101.14313,นาน้ำฝน,แตกกอ,ขาวดอกมะลิ105,0,0,0,0,0,0,0,0,0,0,0,0,0,0,0,0,0,0,1.2,2.63,0,0,0,0,0,0,0,0,0,0,0,0,0,NA,NA
2024-07-31,เพชรบูรณ์,16.632126,101.143649,นาน้ำฝน,แตกกอ,ไม่ทราบพันธุ์,0,0,0,0,0,0,0,0,0,0,0,0,0,0,0,0,0,0,3.26,0,0.15,0,0,0,0,0,0,0,0,0,0,0,0,NA,NA
2024-07-31,เพชรบูรณ์,16.630354000000001,101.15624,นาน้ำฝน,แตกกอ,ขาวดอกมะลิ105,0,0,0,0,0,0,0,0,0,0,0,0,0,0,0,0,0,0,0.24,3.65,0,0,0,0,0,0,0,0,0,0,0,0,0,NA,NA
2024-07-31,เพชรบูรณ์,16.657816,101.189138,นาน้ำฝน,แตกกอ,ไม่ทราบพันธุ์,0,0,0,0,0,0,0,0,0,0,4.58,0,0,0,0,0,0,0,0,0,0,0,0,0,0,0,0,0,0,0,0,0,0,NA,NA
2024-08-08,เพชรบูรณ์,16.648567,101.23058,นาน้ำฝน,แตกกอ, ไม่ทราบพันธุ์,0,0,0,0,0,0,0,0,0,0,0,0,0,0,0,0,0,0,6.42,0,0,0,0,0,0,0,0,0,0,0,0,0,0,NA,NA
2024-08-08,เพชรบูรณ์,16.648567,101.23058,นาน้ำฝน,แตกกอ,ไม่ทราบพันธุ์,0,0,0,0,0,0,0,0,0,0,0,0,0,0,0,0,0,0,6.42,0,0,0,0,0,0,0,0,0,0,0,0,0,0,NA,NA
2024-08-08,เพชรบูรณ์,16.643806000000001,101.242771,นาน้ำฝน,แตกกอ,ขาวดอกมะลิ105,0,0,0,0,0,0,0,2.2400000000000002,0,0,0,0,0,0,0,0,0,0,0,2.81,0,0,0,0,0,0,0,0,0,0,0,0,0,NA,NA
2024-08-08,เพชรบูรณ์,16.635062999999999,101.252798,นาน้ำฝน,แตกกอ,ไม่ทราบพันธุ์,0,0,0,0,0,0,0,0,0,0,0,0,0,0,0,0,0,0,4.2,0,0,0,0,0,0,0,0,0,0,0,0,0,0,NA,NA
2024-08-08,เพชรบูรณ์,16.597325999999999,101.292351,นาน้ำฝน,แตกกอ,ขาวดอกมะลิ105,0,0,0,0,0,0,0,0,0,0,0,0,0,0,0,0,0,0,1.26,10.41,0,0,0,0,0,0,0,0,0,0,0,0,0,NA,NA
2024-08-08,เพชรบูรณ์,16.658207000000001,101.282597,นาน้ำฝน,แตกกอ,ไม่ทราบพันธุ์,0,0,0,0,0,0,0,3.22,0,0,0,0,0,0,0,0,0,0,7.34,0,0,0,0,0,0,0,0,0,0,0,0,0,0,NA,NA
2024-08-08,เพชรบูรณ์,16.676947999999999,101.286536,นาน้ำฝน,แตกกอ,ไม่ทราบพันธุ์,0,0,0,0,0,0,0,0,0,0,0,0,0,0,0,0,0,0,0.32,3.1,0,0,0,0,0,0,0,0,0,0,0,0,0,NA,NA
2024-08-08,เพชรบูรณ์,16.695739,101.28840700000001,นาน้ำฝน,แตกกอ,ไม่ทราบพันธุ์,0,0,0,0,0,0,0,0,0,0,0,0,0,0,0,0,0,0,5.6,1.33,0,0,0,0,0,0,0,0,0,0,0,0,0,NA,NA
2024-08-08,เพชรบูรณ์,16.711631000000001,101.28874999999999,นาน้ำฝน,แตกกอ,ไม่ทราบพันธุ์,0,0,0,0,0,0,0,0,0,0,0,0,0,0,0,0,0,0,7.86,0,0,0,0,0,0,0,0,0,0,0,0,0,0,NA,NA
2024-08-08,เพชรบูรณ์,16.728596,101.24234300000001,นาน้ำฝน,แตกกอ,ไม่ทราบพันธุ์,0,0,0,0,0,0,0,0,0,0,0,0,0,0,0,0,0,0,5.7,0,0,0,0,0,0,0,0,0,0,0,0,0,0,NA,NA
2024-08-08,เพชรบูรณ์,16.779456,101.212664,นาน้ำฝน,แตกกอ,ไม่ทราบพันธุ์,0,0,0,0,0,0,0,0,0,0,0,0,0,0,0,0,0,0,15.03,0,0,0,0,0,0,0,0,0,0,0,0,0,0,NA,NA
2024-08-09,พิษณุโลก,17.111279,100.037801,นาน้ำฝน,ออกรวง,ไม่ทราบพันธุ์,0,0,0,0,0,0,0,0,0,0,4.52,0,0,0,0,0,0,0,3.34,0,0,0,0,5.86,0,0,0,0,0,0,0,0,0,NA,NA
2024-08-09,พิษณุโลก,17.110868,100.01740599999999,นาน้ำฝน,ออกรวง,ไม่ทราบพันธุ์,0,0,0,0,0,0,0,0,0,0,2.15,0,0,0,0,0,0,0,0.51,0,0,0,0,0,0,0,0,0,0,0,0,0,0,NA,NA
2024-08-09,พิษณุโลก,17.110571,100.002295,นาน้ำฝน,ออกรวง,ไม่ทราบพันธุ์,0,0,0,0,0,0,0,0,0,2.5299999999999998,0,0,0,0,0,0,0,0,0,0,0,0,0,12.36,0,0,0,0,0,0,0,0,0,NA,NA
2024-08-09,พิษณุโลก,17.114979999999999,99.992829,นาน้ำฝน,แตกกอ,ไม่ทราบพันธุ์,0,0,0,0,0,0,0,0,0,3.58,0,0,0,0,0,0,0,0,0,0,0,0,0,0,0,0,0,0,0,0,0,0,0,NA,NA
2024-08-09,พิษณุโลก,17.085411000000001,99.994894000000002,นาน้ำฝน,แตกกอ,ไม่ทราบพันธุ์,0,0,0,0,0,0,0,0,0,0,0,0,0,0,0,0,0,0,7.84,0,0,0,0,0,0,0,0,0,0,0,0,0,0,NA,NA
2024-08-09,พิษณุโลก,17.100622999999999,99.983884000000003,นาน้ำฝน,แตกกอ,ไม่ทราบพันธุ์,0,0,0,0,0,0,0,0,0,0,0,0,0,0,0,0,7.16,0,1.21,0,0,0,0,0,0,0,0,0,0,0,0,0,0,NA,NA
2024-08-09,พิษณุโลก,17.108955000000002,99.984403,นาน้ำฝน,แตกกอ,ไม่ทราบพันธุ์,0,0,0,0,0,0,0,0,0,2.34,0,0,0,0,0,0,3.88,0,0,0,0,0,0,0,0,0,0,0,0,0,0,0,0,NA,NA
2024-08-09,พิษณุโลก,17.14846,100.083854,นาน้ำฝน,ออกรวง,ไม่ทราบพันธุ์,0,0,0,0,0,0,0,0,0,0,0,0,0,0,0,0,0,0,6.85,0,0,0,0,14.52,0,0,0,0,0,0,0,0,0,NA,NA
2024-08-09,พิษณุโลก,17.14218,100.086541,นาน้ำฝน,ออกรวง,ไม่ทราบพันธุ์,0,0,0,0,0,0,0,0,0,0,0,0,0,0,0,0,0,0,3.55,0,0,0,0,10.52,0,0,0,0,0,0,0,0,0,NA,NA
2024-08-09,พิษณุโลก,17.123584000000001,100.080517,นาน้ำฝน,แตกกอ,ไม่ทราบพันธุ์,0,0,0,0,0,0,0,0,0,1.54,0,0,0,0,0,0,6.81,0,0,0,0,0,0,0,0,0,0,0,0,0,0,0,0,NA,NA
2024-08-09,พิษณุโลก,17.130464,100.091914,นาน้ำฝน,แตกกอ,ไม่ทราบพันธุ์,0,0,0,0,0,0,0,0,0,0,0,0,0,0,0,0,0,0,7.52,0.35,0,0,0,0,0,0,0,0,0,0,0,0,0,NA,NA
2024-08-09,พิษณุโลก,16.994705,100.156322,นาน้ำฝน,แตกกอ,ไม่ทราบพันธุ์,0,0,0,0,0,0,0,0,0,0,0,0,0,0,0,0,0,0,4.8,0,0,1.21,0,0,0,0,0,0,0,0,0,0,0,NA,NA
2024-08-08,พิษณุโลก,16.982866000000001,100.14518200000001,นาน้ำฝน,แตกกอ,ไม่ทราบพันธุ์,0,0,0,0,0,0,0,0,0,0,0,0,0,0,0,0,0,0,5.67,2.35,0,0,0,0,0,0,0,0,0,0,0,0,0,NA,NA
2024-08-21,พิษณุโลก,16.802585000000001,100.42194600000001,นาน้ำฝน,แตกกอ,ไม่ทราบพันธุ์,0,0,0,0,0,0,0,0,0,2.23,0,0,0,0,0,0,0,0,4.12,0,0,0,0,0,0,0,0,0,0,0,0,0,0,NA,NA
2024-08-21,พิษณุโลก,16.787799,100.413425,นาน้ำฝน,แตกกอ,ไม่ทราบพันธุ์,0,0,0,0,0,0,0,0,0,0,0,0,0,0,0,0,0,0,5.54,0,0,0,0,0,0,0,0,0,0,0,0,0,0,NA,NA
2024-08-21,พิษณุโลก,16.779653,100.41428000000001,นาน้ำฝน,แตกกอ,ไม่ทราบพันธุ์,0,0,0,0,0,0,0,0,0,0,2.12,0,0,0,0,0,0,0,3.26,0,0,0,0,0,0,0,0,0,0,0,0,0,0,NA,NA
2024-08-21,พิษณุโลก,16.776561000000001,100.397318,นาน้ำฝน,ออกรวง,ไม่ทราบพันธุ์,0,0,0,0,0,0,0,0,0,0,0,0,0,0,0,0,0,0,2.35,0,0,0,0,4.53,0,0,0,0,0,0,0,0,0,หญ้า,15
2024-08-21,พิษณุโลก,16.774723999999999,100.38083,นาน้ำฝน,ออกรวง,ไม่ทราบพันธุ์,0,0,0,0,0,0,0,0,0,0,0,0,0,0,0,0,0,0,1.58,0,0,0,0,6.24,0,0,0,0,0,0,0,0,0,NA,NA
2024-08-21,พิษณุโลก,16.776807000000002,100.36397100000001,นาน้ำฝน,ออกรวง,ไม่ทราบพันธุ์,0,0,0,0,0,0,0,0,0,0,0,0,0,0,0,0,0,0,4.4800000000000004,0,0,0,0,12.55,0,0,0,0,0,0,0,0,0,หญ้า,36.66
2024-08-21,พิษณุโลก,16.770284,100.34707299999999,นาน้ำฝน,ออกรวง,ไม่ทราบพันธุ์,0,0,0,0,0,0,0,0,0,0,0,0,0,0,0,0,0,0,5.48,0,0,0.35,0,7.33,0,0,0,0,0,0,0,0,0,NA,NA
2024-08-21,พิษณุโลก,16.902521,100.362314,นาน้ำฝน,แตกกอ,ไม่ทราบพันธุ์,0,0,0,0,0,0,0,0,0,2.36,1.68,0,0,0,0,0,0,0,0,0,0,0,0,0,0,0,0,0,0,0,0,0,0,NA,NA
2024-08-21,พิษณุโลก,16.857005000000001,100.380987,นาน้ำฝน,แตกกอ,ไม่ทราบพันธุ์,0,0,0,0,0,0,0,0,0,3.87,0,0,0,0,0,0,0,0,0,0,2.5499999999999998,0,0,0,0,0,0,0,0,0,0,0,0,NA,NA
2024-09-13,นครสวรรค์,15.586220000000001,100.03812000000001,นาชลประทาน,ออกรวง,กข85,0,0,0,0,0,0,0,0,0,2.7589999999999999,5,0,0,0,0,0,0,0,1.2410000000000001,0.27600000000000002,0,0,0,26.896999999999998,0,0,0,0,0,0,0,0,3.3330000000000002,หญ้า,หญ้าดอกขาว
2024-09-13,นครสวรรค์,15.58559,100.04055,นาชลประทาน,ตั้งท้อง,กข85,0,0,7.8949999999999996,0,0,0,0,0,0,1.8420000000000001,2,0,0,0,0,0,0,0,0,0,0,0,0,0,0,0,0,0,0,0,0,0,5,พืชใบเลี้ยงคู่ใบกว้าง,ผักปอดนา
2024-09-13,นครสวรรค์,15.58128,100.05744,นาชลประทาน,ออกรวง,กข41,0,0,0,0,0,0,0,0,0,0.122,7,0,0,0,0,0,0,0,0,0,0,0,0,18.902000000000001,0,0,0,0,0,0,0,0,0,NA,NA
2024-09-13,นครสวรรค์,15.57713,100.06336,นาชลประทาน,ออกรวง,กข41,0,0,0,0,4.6779999999999999,0,0,0,0,0.35099999999999998,3,0,0,0,0,0,0.11700000000000001,0,0.23400000000000001,0,0,0,0,12.281000000000001,0,0,0,0,0,0,0,0,0,NA,NA
2024-09-13,นครสวรรค์,15.603120000000001,100.07722,นาชลประทาน,ออกรวง,กข85,0,0,0,0,0,0,0,0,0,0,2,0,0,0,0,0,0,0,0.87,0,0,0,0,24.224,0,0,0,0,0,0,0,0,5,พืชใบเลี้ยงคู่ใบกว้าง,ผักปอดนา
2024-09-13,นครสวรรค์,15.621090000000001,100.03246,นาชลประทาน,ออกรวง,กข85,0,0,0,0,1.258,0,0,0,0,0.126,3,0,0,0,0,0,0,0,0.126,0,0,0,0,6.9180000000000001,0,0,0,0,0,0,0,0,0,NA,NA
2024-09-13,นครสวรรค์,15.624420000000001,100.02778000000001,นาชลประทาน,ตั้งท้อง,กข41,0,0,0,0,0,0,0,0,0,0.68600000000000005,3,0,0,0,0,0,0,0,0,0,0,0,0,0,0,0,0,0,0,0,0,0,20,กก,กกขนาก
2024-09-13,นครสวรรค์,15.62904,100.02092,นาชลประทาน,แตกกอ,กข85,0,0,0,0,0,0,0,0.92600000000000005,0,0,2,0,0,0,0,0,0,0,0,1.4810000000000001,0,0,0,0,0,0,0,0,0,0,0,0,3.3330000000000002,กก,หนวดปลาดุก
2024-09-13,นครสวรรค์,15.53392,100.00038000000001,นาชลประทาน,แตกกอ,กข57,0,0,0,0,0,0,0,0.59499999999999997,0,0.89300000000000002,2,0,0,0,0,0,0,0,0.89300000000000002,0,0,0,0,0,0,0,0,0,0,0,0,0,10,กก,หนวดปลาดุก
2024-09-13,นครสวรรค์,15.533530000000001,99.998679999999993,นาชลประทาน,แตกกอ,กข89,0,0,2.5640000000000001,0,0,0,0,4.1669999999999998,0,0,2,0,0,0,0,0,0,0,0,0,0,0,0,0,0,0,0,0,0,0,0,0,5,พืชใบเลี้ยงคู่ใบกว้าง,ผักบุ้ง
2024-09-19,ชัยนาท,15.27708,99.895150000000001,นาน้ำฝน,แตกกอ,กข79,0,0,0,0,0,0,0,0,0,0,8,0,0,0,0,0,0,0,0,0,0,0,0,0,0,0,0,0,0,0,0,0,48.332999999999998,พืชใบเลี้ยงคู่ใบกว้าง,ผักปอดนา
2024-09-19,ชัยนาท,15.28476,99.809510000000003,นาน้ำฝน,แตกกอ,กข85,0,0,4.1100000000000003,0,0,0,0,0,0,2.4660000000000002,3,0,0,0,0,0,0,0,0.82199999999999995,0,0,0,0,0,0,0,0,0,0,0,0,0,3.3330000000000002,หญ้า,หญ้าข้าวนก
2024-09-19,ชัยนาท,15.28543,99.814239999999998,นาน้ำฝน,แตกกอ,กข85,0,0,0,0,0,0,0,3.774,0.236,0,3,0,0,0,0,0,0,0,0,9.4339999999999993,0,0,0,0,0,0,0,0,0,0,0,0,5,พืชใบเลี้ยงคู่ใบกว้าง,ผักปอดนา
2024-09-19,ชัยนาท,15.29838,99.803430000000006,นาน้ำฝน,แตกกอ,กข41,0,0,2.41,0,0,0,0,4.2169999999999996,0,0.90400000000000003,5,1,0,0,0,0,0,0,1.8069999999999999,0.60199999999999998,1.506,0,0,0,0,0,0,0,0,0,0,0,5,พืชใบเลี้ยงคู่ใบกว้าง,ผักปอดนา
2024-09-19,ชัยนาท,15.30517,99.799090000000007,นาน้ำฝน,ออกรวง,กข61,0,0,0,0,2.6669999999999998,0,0,0,0,5.7779999999999996,1,0,0,0,0,0,0,0,0,1.333,0,0,0,16,0,0,0,0,0,0,0,0,5,กก,หนวดปลาดุก
2024-09-19,ชัยนาท,15.271520000000001,99.894419999999997,นาน้ำฝน,แตกกอ,กข41,0,0,0,0,0,0,0,1.4119999999999999,0,0.56499999999999995,4,0,0,0,0,0,0,0,3.6720000000000002,5.9320000000000004,0.28199999999999997,0,0,0,0,0,0,0,0,0,0,0,20,กก,กกขนาก
2024-09-19,ชัยนาท,15.26309,99.893780000000007,นาน้ำฝน,แตกกอ,กข41,0,0,0,0,0,0,0,0.92,0,2.069,3,0,0,0,0,0,0,0,0,0.23,1.609,0,0,0,0,0,0,0,0,0,0,0,60,กก,หนวดปลาดุก
2024-09-19,ชัยนาท,15.24919,99.888739999999999,นาน้ำฝน,แตกกอ,กข41,0,0,0,0,0,0,0,0,0,0,3,0,0,0,0,0,0,0,0,0,0,0,0,0,0,0,0,0,0,0,0,0,5,หญ้า,หญ้าข้าวนก
2024-09-19,ชัยนาท,15.240869999999999,99.88646,นาน้ำฝน,แตกกอ,กข79,0,0,1.333,0,0,0,0,0,0,0,2,0,0,0,0,0,0,0,0.33300000000000002,0.33300000000000002,0,0,0,0,0,0,0,0,0,0,0,0,1.667,หญ้า,หญ้าดอกขาว
2024-09-19,ชัยนาท,15.22369,99.879080000000002,นาน้ำฝน,แตกกอ,กข79,0,0,1.25,0,0,0,0,1.25,0,0,2,0,0,0,0,0,0,0,0,0,0,0,0,0,0,0,0,0,0,0,0,0,15,พืชใบเลี้ยงคู่ใบกว้าง,ผักปอดนา
2024-09-25,นครสวรรค์,15.64146,100.01093,นาชลประทาน,ตั้งท้อง,กข85,0,0,0,0,0,0,0,0,0,0,3,0,0,0,0,0,0,0,1.4379999999999999,0,0,0,0,0,0,0,0,0,0,0,0,0,15,หญ้า,หญ้าข้าวนก
2024-09-25,นครสวรรค์,15.64151,100.01148999999999,นาชลประทาน,ออกรวง,กข79,0,0,0,0,0.52100000000000002,1,0,0.20799999999999999,0,0,2,0,0,0,0,0,0,0,0.104,0,0,0,0,14.583,0,0,0,0,0,0,0,0,5,หญ้า,หญ้าข้าวนก
2024-09-25,นครสวรรค์,15.641249999999999,100.00821999999999,นาชลประทาน,แตกกอ,กข85,0,0,0,0,0,0,0,1.548,0,0.59499999999999997,1,0,0,0,0,0,0,0,0,0,0,0,0,0,0,0,0,0,0,0,0,0,5,หญ้า,หญ้าข้าวนก
2024-09-25,นครสวรรค์,15.63968,100.02003999999999,นาชลประทาน,ออกรวง,กข85,0,0,0,0,0,0,0,0,0,0.13200000000000001,1,0,0,0,0,0,0,0,0,0,0,0,0,7.9470000000000001,0,0,0,0,0,0,0,0,1.667,หญ้า,หญ้าข้าวนก
2024-09-25,นครสวรรค์,15.625450000000001,99.991749999999996,นาชลประทาน,ตั้งท้อง,กข85,0,0,0,0,0,0,0,0.61199999999999999,0,0.76500000000000001,2,0,0,0,0,0,0,0,0,0,0,0,0,0,0,0,0,0,0,0,0,0,3.3330000000000002,พืชใบเลี้ยงคู่ใบกว้าง,ผักบุ้ง
2024-09-25,นครสวรรค์,15.62302,99.992339999999999,นาชลประทาน,ออกรวง,กข79,0,0,0,0,0,0,0,0,0,0.67,1,0,0,0,0,0,0,0,0.112,0,0,0,0,7.2629999999999999,0,0,0,0,0,0,0,0,5,หญ้า,หญ้าข้าวนก
2024-09-25,นครสวรรค์,15.617430000000001,99.990459999999999,นาชลประทาน,ออกรวง,กข85,0,0,0,0,0,0,0,0,0,0.161,2,0,0,0,0,0,0,0,4.032,0,0,0,0,9.032,0,0,0,0,0,0,0,0,3.3330000000000002,หญ้า,หญ้าข้าวนก
2024-09-25,นครสวรรค์,15.61317,99.988370000000003,นาชลประทาน,แตกกอ,กข85,0,0,0,0,0,0,0,0.77300000000000002,0,0,1,0,0,0,0,0,0,0,2.4729999999999999,0.309,0,0,0,0,0,0,0,0,0,0,0,0,5,กก,กกขนาก
2024-09-25,นครสวรรค์,15.61351,99.985780000000005,นาชลประทาน,แตกกอ,กข85,0,0,0,0,0,0,0,0,0,0.61499999999999999,1,0,0,0,0,0,0,0,3.0739999999999998,0,0,0,0,0,0,0,0,0,0,0,0,0,5,กก,กกขนาก
2024-09-25,นครสวรรค์,15.612539999999999,99.977469999999997,นาชลประทาน,ตั้งท้อง,กข85,0,0,0,0,0,0,0,0,0,0.61299999999999999,2,0,0,0,0,0,3.2210000000000001,0,1.0740000000000001,0,0,0,0,0,0,0,0,0,0,0,0,0,3.3330000000000002,หญ้า,หญ้าดอกขาว
2024-08-30,หนองคาย,18.101671,103.10568000000001,นาน้ำฝน,แตกกอ,กข12,0,0,0,0,0,0,0,0,0,0,0,0,0,0,0,0,0,0,0,0,0,0,0,0,0,0,0,0,0,0,0,0,60,กก,หนวดปลาดุก
2024-08-30,หนองคาย,18.019819999999999,103.18308,นาน้ำฝน,แตกกอ,กข6,0,0,0,0,0,0,0,0,0,0,0,0,0,0,0,0,0.8,0,10.67,0,0,0,0,0,0,0,0,0,0,0,0,0,80,พืชใบเลี้ยงคู่ใบกว้าง,เทียนนา
2024-08-30,หนองคาย,18.113630000000001,103.42643,นาน้ำฝน,แตกกอ,กข15,0,0,0,0,0,0,0,0,0,0,0,0,0,0,0,0,0,0,0.93,0,0,10.44,0,0,0,0,0,0,0,0,0,0,28.33,พืชใบเลี้ยงคู่ใบกว้าง,เทียนนา
2024-08-30,หนองคาย,18.107600000000001,103.43138999999999,นาน้ำฝน,แตกกอ,เหีนยวเขี้ยวงู,0,0,0,0,0,0,0,0,0,0,0,1,0,0,0,0,0,0,0.8,0,0,20.00,0,0,0,0,0,0,0,0,0,0,0,NA,NA
2024-08-30,บึงกาฬ,18.227509999999999,103.34726999999999,นาน้ำฝน,แตกกอ,กข6 เตี้ย,0,0,0,0,0,0,0,0,0,0,0,0,0,0,0,0,0,0,0,0,0,22.07,0,0,0,0,0,0,0,0,0,0,31.67,กก,หนวดปลาดุก
2024-09-21,อุดรธานี,17.39931,102.58237800000001,นาน้ำฝน,แตกกอ,มะลิ105,0,0,0,0,0,0,0,0,0,0,0,0,0,0,0,0,20.84,0,0,0,0,0,0,0,0,0,0,0,0,0,0,0,0,NA,NA
2024-09-21,อุดรธานี,17.371789,102.581682,นาน้ำฝน,แตกกอ,มะลิ105,0,0,0,0,0,0,0,0,0,0,0,0,0,0,0,0,18.86,0,0,0,0,0,0,0,0,0,0,0,0,0,0,0,0,NA,NA
2024-09-21,อุดรธานี,17.373488999999999,102.58413400000001,นาน้ำฝน,แตกกอ,กข6,0,0,0,0,0,0,0,0,0,0,0,0,0,0,0,0,9.01,0,0,0,0,0,0,0,0,0,0,0,0,0,0,0,0,NA,NA
2024-09-21,อุดรธานี,17.373743000000001,102.58484,นาน้ำฝน,แตกกอ,กข6,0,0,0,0,0,0,0,0,0,0,0,0,0,0,0,0,13.16,0,0,0,0,0,0,0,0,0,0,0,0,0,0,0,0,NA,NA
2024-09-21,อุดรธานี,17.372675999999998,102.584198,นาน้ำฝน,แตกกอ,มะลิ105,0,0,0,0,0,0,0,0,0,0,0,0,0,0,0,0,11.88,0,0,0,0,0,0,0,0,0,0,0,0,0,0,0,0,NA,NA
2024-09-21,อุดรธานี,17.371759000000001,102.583941,นาน้ำฝน,แตกกอ,กข6,0,0,0,0,0,0,0,0,0,0,0,0,0,0,0,0,15.26,0,0,0,0,0,0,0,0,0,0,0,0,0,0,0,0,NA,NA
2024-10-10,นครพนม,17.499020000000002,104.512885,นาน้ำฝน,ตั้งท้อง,กข6 เตี้ย,0,0,0,0,0,0,0,0,0,0,0,0,0,0,0,0,0,0,2.46,0,0,6.61,0,0,0,0,0,0,0,0,0,0,0,NA,NA
2024-10-10,นครพนม,17.499289999999998,104.513149,นาน้ำฝน,ตั้งท้อง,มะลิ105,0,0,0,0,0,0,0,0,0,0,0,0,0,0,0,0,0,0,3.16,0,0,0,0,0,0,0,0,0,0,0,0,0,30,พืชใบเลี้ยงคู่ใบกว้าง,โสนคางคก
2024-10-10,นครพนม,17.506903000000001,104.54583,นาน้ำฝน,ตั้งท้อง,กข6,0,0,0,0,0,0,0,0,0,0,0,0,0,0,0,0,0,0,0,0,0,8.88,0,0,0,0,0,0,0,0,0,0,0,NA,NA
2024-10-10,นครพนม,17.728428999999998,104.35134499999999,นาน้ำฝน,ออกรวง,กข12,0,0,0,0,0,0,0,0,0,0,0,0,0,0,0,0,0,0,5.14,0,0,14.04,0,0,0,0,0,0,0,0,0,0,0,NA,NA
2024-10-10,นครพนม,17.728705000000001,104.35127799999999,นาน้ำฝน,ตั้งท้อง,กข6,0,0,0,0,0,0,0,0,0,0,0,0,0,0,0,0,0,0,17.649999999999999,0,0,0,0,0,0,0,0,0,0,0,0,0,80,พืชใบเลี้ยงคู่ใบกว้าง,เทียนนา
2024-10-25,อุดรธานี,17210212,102.93902,นาน้ำฝน,ออกรวง,กข6,0,0,0,0,0,0,0,0,0,0,0,0,0,0,0,0,0,0,1.18,0,0,32.68,0,11.36,0,0,0,0,0,0,0,0,0,NA,NA
2024-10-25,อุดรธานี,17.210377999999999,102.938909,นาน้ำฝน,ออกรวง,กข10,0,0,0,0,0,0,0,0,0,0,0,0,0,0,0,0,0,0,33.33,0,0,29.52,0,14.67,0,0,0,0,0,0,0,0,0,NA,NA
2024-10-25,อุดรธานี,16.961665,102.895301,นาน้ำฝน,ออกรวง,กข15,0,0,0,0,0,0,0,0,0,0,0,0,0,0,0,0,0,0,30.51,0,0,25.14,0,7.94,0,0,0,0,0,0,0,0,0,NA,NA
2024-10-25,อุดรธานี,16.916651999999999,102.875226,นาน้ำฝน,ออกรวง,มะลิ105,0,0,0,0,0,0,0,0,0,0,0,0,0,0,0,0,0,0,0,0,4.3099999999999996,1.18,0,3.53,0,0,0,0,0,0,0,0,0,NA,NA
2024-10-25,ขอนแก่น,16.653281,102.869507,นาน้ำฝน,ออกรวง,กข6,0,0,0,0,0,0,0,0,0,0,0,0,0,0,0,0,0,0,3.17,0,1.1299999999999999,0.23,0,4.76,0,0,0,0,0,0,0,0,0,NA,NA
2024-10-25,ขอนแก่น,16.853912000000001,102.875553,นาน้ำฝน,ออกรวง,กข15,0,0,0,0,0,0,0,0,0,0,0,0,0,0,0,0,0,0,9.0299999999999994,0,0,12.85,0,32.29,0,0,0,0,0,0,0,0,0,NA,NA
2024-10-25,ขอนแก่น,16.845482000000001,102.57602300000001,นาน้ำฝน,ออกรวง,กข6,0,0,0,0,0,0,0,0,0,0,0,0,0,0,0,0,0,0,0,0,0,1.55,0,0,0,0,0,0,0,0,0,0,0,NA,NA
2024-10-25,ขอนแก่น,16.831274000000001,102.86497300000001,นาน้ำฝน,ออกรวง,กข6,0,0,0,0,0,0,0,0,0,0,0,0,0,0,0,0,0,0,24.69,0,0,15.23,0,8.64,0,0,0,0,0,0,0,0,0,NA,NA
2024-10-25,ขอนแก่น,16.831671,102.864816,นาน้ำฝน,ออกรวง,มะลิ105,0,0,0,0,0,0,0,0,0,0,0,0,0,0,0,0,0,0,0.68,0,2.0299999999999998,0,0,0,0,0,0,0,0,0,0,0,0,NA,NA
2024-10-25,ขอนแก่น,16.675357999999999,102.774731,นาน้ำฝน,ออกรวง,มะลิ105,0,0,0,0,0,0,0,0,0,0,0,0,0,0,0,0,0,0,20.09,0,0,0,0,13.7,0,0,0,0,0,0,0,0,0,NA,NA
2024-10-25,ขอนแก่น,16.677548999999999,102.748694,นาน้ำฝน,ออกรวง,กข6,0,0,0,0,0,0,0,0,0,0,0,0,0,0,0,0,0,0,0,0,0,23.29,0,18.07,0,0,0,0,0,0,0,0,0,NA,NA
2024-10-25,ขอนแก่น,16.718326999999999,102.67729799999999,นาน้ำฝน,ออกรวง,กข6,0,0,0,0,0,0,0,0,0,0,0,0,0,0,0,0,0,0,5.16,0,0,12.21,0,4.2300000000000004,0,0,0,0,0,0,0,0,0,NA,NA
2024-10-25,ขอนแก่น,16.674914999999999,102.789811,นาน้ำฝน,ออกรวง,กข6 เตี้ย,0,0,0,0,0,0,0,0,0,0,0,0,0,0,0,0,0,0,0,0,0,31.65,0,0,0,0,0,0,0,0,0,0,26.67,พืชใบเลี้ยงคู่ใบกว้าง,เทียนนา
2024-10-25,ขอนแก่น,16.566690000000001,102.86176500000001,นาน้ำฝน,ออกรวง,มะลิ,0,0,0,0,0,0,0,0,0,0,0,0,0,0,0,0,33.33,0,0,0,0,0,0,0,0,0,0,0,0,0,0,0,0,NA,NA
2024-10-25,ขอนแก่น,16.566438000000002,102.861853,นาน้ำฝน,ออกรวง,มะลิ105,0,0,0,0,0,0,0,0,0,0,0,0,0,0,0,0,33.33,0,0,0,0,0,0,0,0,0,0,0,0,0,0,0,0,NA,NA
2024-10-25,ขอนแก่น,16.5669,102.861667,นาน้ำฝน,ออกรวง,มะลิ105,0,0,0,0,0,0,0,0,0,0,0,0,0,0,0,0,33.33,0,0,0,0,0,0,0,0,0,0,0,0,0,0,0,0,NA,NA
2024-10-26,ขอนแก่น,16.410363,102.882625,นาน้ำฝน,ออกรวง,กข6,0,0,0,0,0,0,0,0,0,0,0,0,0,0,0,0,0,0,8.61,0,0,11.61,0,0,0,0,0,0,0,0,0,0,0,NA,NA
2024-10-26,ขอนแก่น,16.405943000000001,102.875457,นาน้ำฝน,ออกรวง,กข6,0,0,0,0,0,0,0,0,0,0,0,0,0,0,0,0,0,0,10,0,0,8.89,0,0,0,0,0,0,0,0,0,0,0,NA,NA
2024-10-27,กาฬสินธุ์,16.414565,103.586393,นาน้ำฝน,ออกรวง,กข6,0,0,0,0,0,0,0,0,0,0,0,0,0,0,0,0,0,0,31.92,0,8.92,0,0,0,0,0,0,0,0,0,0,0,0,NA,NA
2024-10-27,กาฬสินธุ์,16.416145,103.58860300000001,นาน้ำฝน,ออกรวง,น่าน59,0,0,0,0,0,0,0,0,0,0,0,0,0,0,0,0,0,0,0,0,3.13,33.33,0,0,9.3800000000000008,0,0,0,0,0,0,0,0,NA,NA
2024-10-27,กาฬสินธุ์,16.424271000000001,103.560591,นาน้ำฝน,ออกรวง,น่าน59,0,0,0,0,0,0,0,0,0,0,0,0,0,0,0,0,0,0,6.35,0,4.37,33.33,0,13.1,0,0,0,0,0,0,0,0,0,NA,NA
2024-10-09,เชียงราย,19.523185000000002,99.743385000000004,นาชลประทาน,ออกรวง,กข26,1.96,0,0,0,0,0,0,0,0,0.88,0,0,0,0,0,0,0,0,0,0,0,0,0,13.33,0,0,0,0,0,0,0,0,3.33,พืชใบเลี้ยงคู่ใบกว้าง,NA
2024-10-09,เชียงราย,19.649273000000001,99.734677000000005,นาชลประทาน,ตั้งท้อง,กข6,0,0,0.52,1.04,0,0,0,0,0,0,0,0,0,0.30,0,0,0,0,1.74,0,0,0,0,0,0,0,0,0,0,0,0,0,3.33,หญ้า,NA
2024-10-09,เชียงราย,19.632850999999999,99.721063000000001,นาชลประทาน,ตั้งท้อง,กข6,0,0,0,0,0,0,0,0,0,0.5,0,0,0,0,0,0,0,0,2.0099999999999998,0,0,0,0,0,0,0,0,0,0,0,0,0,5,พืชใบเลี้ยงคู่ใบกว้าง,NA
2024-10-24,เชียงราย,19.765008999999999,99.728960000000001,นาชลประทาน,ออกรวง,สันป่าตอง 1,5.26,0,0,16.84,0,0,0,0,0,0,0,0,0,0,0,0,0,0,58.95,0,0,0,0,64.209999999999994,2.11,0,0,0,0,0,0,0,3.33,พืชใบเลี้ยงคู่ใบกว้าง,NA
45589,เชียงราย,19.874514000000001,99.941612000000006,นาชลประทาน,ออกรวง,ไม่ทราบพันธุ์ข้าว,0,0,0.8,2.4,0,0.1,0,0,0,0,0,0,0,0,0,0,0,0,2.86,0,0,0,0,11.2,0.8,0,0,0,0,0,0,0,10,พืชใบเลี้ยงคู่ใบกว้าง
45589,เชียงราย,19.782128,99.978156999999996,นาชลประทาน,ออกดอก,ศิรินธร,0,0,0,13.73,0,0,0,0,0,0.98,0,0,0,0,0,0,0,0,8.33,0,0,0,0,0,0,0,0,0,0,0,0,0,3.33,พืชใบเลี้ยงคู่ใบกว้าง
45589,เชียงราย,19.785900000000002,99.970830000000007,นาชลประทาน,ออกรวง,กข15,0,0,0,0,2.82,0,0,0,0,0,0,0,0,0,0,0,0,0,2.25,0,0,0,0,61.97,0,0,0,0,0,0,0,0,5,หญ้า
45596,เชียงราย,20.243016999999998,99.638212999999993,ข้าวไร่ที่สูงขังน้ำ,ก่อนเก็บเกี่ยว,ไม่ทราบพันธุ์ข้าว,2.44,0,0,0.81,0,0,0,0,0,0.54,0.3,0.2,0,0,0,0,0,0,0,0,0,42.01,0,13.01,0,0,0,0,0,0,0,0,3.33,หญ้า
45596,เชียงราย,20.244112999999999,99.638126,ข้าวไร่ที่สูง,ก่อนเก็บเกี่ยว,ข้าวไร่พันธุ์พื้นเมือง,3,0,0,0,0,0,0,0,0,0,0,0,0,0,0,0,0,0,63.33,0,0,0,0,63,0,0,0,0,0,0,0,0,15,พืชใบเลี้ยงคู่ใบกว้าง
45596,เชียงราย,20.24466,99.639639000000003,ข้าวไร่ที่สูงขังน้ำ,ก่อนเก็บเกี่ยว,ไม่ทราบพันธุ์ข้าว,0,0,0.85,0,0,0,0,0,0,0.56999999999999995,0,0,0,0,0,0,0,0,0,2.2799999999999998,0,11.68,0,43.59,0,2.56,0,0,0,0,0,0,5,กก
45596,เชียงราย,20.246119,99.643165999999994,ข้าวไร่ที่สูง,ก่อนเก็บเกี่ยว,ข้าวไร่พันธุ์พื้นเมือง,0,0,0,0,0,0,0,0,0,0,0,0,0,0,0,0,0,0,88.46,0,0,0,0,30.77,0,0,0,0,0,0,0,0,20,หญ้า
45596,เชียงราย,20.245645,99.643719000000004,ข้าวไร่ที่สูงขังน้ำ,ก่อนเก็บเกี่ยว,ลิตา,8.4700000000000006,0,0,0,0,0,0,0,0,0,0,0,0,0,0,0,0,0,0,0,0,83.9,0,69.489999999999995,0,0,0,0,0,0,0,0,1.67,หญ้า
45596,เชียงราย,20.166779999999999,99.721977999999993,ข้าวไร่ที่สูง,ก่อนเก็บเกี่ยว,ข้าวก่ำ,8.42,0,0,0,0,0,0,0,0,0,0,0,0,0,0,0,0,0,6.84,0,0,0,0,8.42,0,0,0,0,0,0,0,0,10,หญ้า
45600,เชียงราย,19.599140999999999,99.594697999999994,ข้าวไร่ที่สูง,ออกรวง,ไม่ทราบพันธุ์ข้าว,1.9,0,0,0,2.38,0,0,0,0,4.13,0,0,0,0,0,0,0,0,20,0,0,0,0,40.950000000000003,0,0,0,0,0,0,0,0,5,พืชใบเลี้ยงคู่ใบกว้าง
45600,เชียงราย,19.607619,99.564617999999996,ข้าวไร่ที่สูงขังน้ำ,ออกรวง,ไม่ทราบพันธุ์ข้าว,1.5,0,0,0,1,0,0,0,0,1.49,0,0,0,0,0,0,0,0,4.46,0,0,0,0,27,0,0,0,0,0,0,0,0,10,พืชใบเลี้ยงคู่ใบกว้าง
45600,เชียงราย,19.249476000000001,99.442637000000005,ข้าวไร่ที่สูงขังน้ำ,ออกรวง,กข21,6.67,0,0,0.61,4.8499999999999996,0,0,0,0,0,0,0,0,0,0,0,0,0,22.63,2.02,0,0,0,50.91,0,6.06,0,0,0,0,0,0,3.33,พืชใบเลี้ยงคู่ใบกว้าง
45600,เชียงราย,19.258216999999998,99.448507000000006,ข้าวไร่ที่สูงขังน้ำ,ออกรวง,กข21,0,0,0,0,3.93,0,0,0,0,0,0,0,0,0,0,0,0,0,21.91,3.18,0,0,0,47.75,0,6.74,0,0,0,0,0,0,3.33,พืชใบเลี้ยงคู่ใบกว้าง
45600,เชียงราย,19.258217999999999,99.450029999999998,ข้าวไร่ที่สูงขังน้ำ,ออกรวง,กข21,0,0,0,0,2.29,0,0,0,0,0,0,0,0,0,0,0,0,0,13.14,2.67,0,0,0,29.14,0,2.86,0,0,0,0,0,0,1.67,พืชใบเลี้ยงคู่ใบกว้าง
45600,เชียงราย,19.258216999999998,99.448507000000006,ข้าวไร่ที่สูงขังน้ำ,ออกรวง,กข21,0,0,0,0,3.93,0,0,0,0,0,0,0,0,0,0,0,0,0,21.91,3.18,0,0,0,47.75,1.1200000000000001,6.74,0,0,0,0,0,0,3.33,พืชใบเลี้ยงคู่ใบกว้าง
45574,เชียงราย,19.613537999999998,99.788342,นาน้ำฝน,ตั้งท้อง,ขาวดอกมะลิ 105,3.38,0,0,0,0,0,0,0,0,0,0,0,0,0,0,0,0,0,2.74,0,0,0,0,0,0,0,0,0,0,0,0,0,1.67,พืชใบเลี้ยงคู่ใบกว้าง
45574,เชียงราย,19.637018000000001,99.794680999999997,นาน้ำฝน,ออกดอก,กข15,0,0,0,0,0,0,0,0,0,0,0,0,0,0,0,0,0,0,7.46,0,0,0,0,0,0,0,0,0,0,0,0,0,5,พืชใบเลี้ยงคู่ใบกว้าง
45580,ลำปาง,17.860703000000001,99.310686000000004,นาน้ำฝน,ตั้งท้อง,ไม่ทราบพันธุ์ข้าว,0,0,0,0,0,0,0,0,0,0,0,0,0,0,0,0,0,0,6.67,0,0,0,0,0,0,0,0,0,0,0,0,0,3.33,พืชใบเลี้ยงคู่ใบกว้าง
45580,ลำปาง,17.862763000000001,99.325491999999997,นาน้ำฝน,ออกดอก,ไม่ทราบพันธุ์ข้าว,1.24,0,0,0,0,0,0,0,0,0,0,0,0,0,0,0,0,0,2.3199999999999998,0,0,0,0,0,0,0,0,0,0,0,0,0,1.67,พืชใบเลี้ยงคู่ใบกว้าง
45580,ลำปาง,18.151396999999999,99.401865000000001,นาน้ำฝน,ตั้งท้อง,ไม่ทราบพันธุ์ข้าว,0,0,0,0,0,0,0,0,0,0,0,0,0,0,0,0,0,0,0,0,0,1.66,0,0,0,0,0,0,0,0,0,0,5,หญ้า
45589,เชียงราย,19.719213,99.895522,นาน้ำฝน,ออกรวง,กข15,0,0,0,1.35,0,0,0,0,0,0,0,0,0,0,0,0,0,0,9.19,0,0,21.08,0,83.78,0,0,0,0,0,0,0,0,5,พืชใบเลี้ยงคู่ใบกว้าง
45589,เชียงราย,19.710972999999999,99.892921000000001,นาน้ำฝน,ออกรวง,กข6,0,0,1.19,4.76,0,0,0,0,0,0.71,0,0,0,0,0,0,0,0,18.57,0,0,0,0,13.1,0,0,0,0,0,0,0,0,3.33,หญ้า
45566,กระบี่,8.1322919999999996,99.042109999999994,ข้าวไร่แซมยาพาราหรือปาล์มน้ำมัน,ตั้งท้อง,หอมหัวบอน35,0,0,0,0,0,0,0,0,0,0,0,0,0,0,0,0,5,0,5,0,0,1,0,0,0,0,0,0,0,0,0,0,10,พืชใบเลี้ยงคู่ใบกว้าง,หญ้าตีนกา
45566,กระบี่,8.3214699999999997,99.096315000000004,ข้าวไร่แซมยาพาราหรือปาล์มน้ำมัน,แตกกอ,หอมหัวบอน35,0,0,0,0,0,0,0,0,0,0,0,0,0,0,0,0,0,0,5,0,0,0,0,0,0,0,0,0,0,0,0,0,5,พืชใบเลี้ยงคู่ใบกว้าง,หญ้าเเดง
45566,กระบี่,8.3275600000000001,99.099389000000002,ข้าวไร่แซมยาพาราหรือปาล์มน้ำมัน,ตั้งท้อง,หอมหัวบอน35,0,0,0,0,0,0,0,0,0,0,0,0,0,0,0,0,0,0,2,0,0,0,0,0,0,0,0,0,0,0,0,0,0,พืชใบเลี้ยงคู่ใบกว้าง,หญ้ากุศลา
45566,กระบี่,8.3389799999999994,99.061890000000005,ข้าวไร่แซมยาพาราหรือปาล์มน้ำมัน,ตั้งท้อง,หอมหัวบอน35,0,0,0,0,0,0,0,0,0,0,0,0,0,0,0,0,0,0,1,0,0,0,0,0,0,0,0,0,0,0,0,0,5,พืชใบเลี้ยงคู่ใบกว้าง,เทียนนา
45566,กระบี่,8.3176839999999999,99.056685000000002,ข้าวไร่แซมยาพาราหรือปาล์มน้ำมัน,ตั้งท้อง,หอมหัวบอน35,0,0,0,0,0,0,0,0,0,10,0,0,0,0,0,0,5,0,0,0,0,0,0,0,0,0,0,0,0,0,0,0,4,พืชใบเลี้ยงคู่ใบกว้าง,กะเม็ง
45566,กระบี่,8.3124970000000005,99.085948000000002,ข้าวไร่แซมยาพาราหรือปาล์มน้ำมัน,ตั้งท้อง,หอมหัวบอน35,0,0,0,0,0,0,0,0,0,0,0,0,0,0,0,0,20,0,0,0,0,0,0,0,0,0,0,0,0,0,0,0,2,พืชใบเลี้ยงคู่ใบกว้าง,หญ้าเเดง
45566,กระบี่,8.3028899999999997,99.112286999999995,ข้าวไร่แซมยาพาราหรือปาล์มน้ำมัน,ออกรวง,หอมหัวบอน35,0,0,0,0,0,0,0,0,0,0,0,0,0,0,0,0,0,0,5,0,0,0,0,0,0,0,0,0,0,0,0,0,10,พืชใบเลี้ยงคู่ใบกว้าง,กะเม็ง
45566,กระบี่,8.5083979999999997,98.865403000000001,ข้าวไร่แซมยาพาราหรือปาล์มน้ำมัน,แตกกอ,หอมหัวบอน35,0,0,0,0,0,0,0,0,0,0,0,0,0,0,0,0,0,0,5,0,0,0,0,0,0,0,0,0,0,0,0,0,2,พืชใบเลี้ยงคู่ใบกว้าง,หญ้านกสีชมพู
45566,กระบี่,8.5083260000000003,98.863922000000002,นาชลประทาน,ระยะกล้า,ปทุมธานี 1,0,2,0,0,0,0,0,0,0,10,0,0,0,0,0,0,0,0,0,0,0,0,0,0,0,0,0,0,0,0,0,0,0
45566,กระบี่,8.5083260000000003,98.865921999999998,นาชลประทาน,ระยะกล้า,ไรซ์เบอร์รี่,0,5,0,0,0,0,0,0,0,2,0,0,0,0,0,0,0,0,0,0,0,0,0,0,0,0,0,0,0,0,0,0,0
45566,กระบี่,8.5083110000000008,98.865296999999998,นาชลประทาน,ระยะกล้า,ปทุมธานี 1,0,0,0,0,0,0,0,0,0,0,0,0,0,0,0,0,0,0,0,0,0,0,0,0,0,0,0,0,0,0,0,0,0
45566,กระบี่,8.5081910000000001,98.867074000000002,นาชลประทาน,ระยะกล้า,กข43,0,2,0,0,0,0,0,0,0,0,0,0,0,0,0,0,0,0,0,0,0,0,0,0,0,0,0,0,0,0,0,0,0
45566,กระบี่,8.5042829999999991,98.865685999999997,นาชลประทาน,ระยะกล้า,ปทุมธานี 1,0,2,0,0,0,0,0,0,0,0,0,0,0,0,0,0,0,0,0,0,0,0,0,0,0,0,0,0,0,0,0,0,0
45567,กระบี่,7.8049489999999997,99.118733000000006,นาน้ำฝน,แตกกอ,สังข์หยดพัทลุง,0,2,0,0,0,0,0,0,0,0,0,0,0,0,0,0,0,0,0,0,0,0,0,0,0,0,0,0,0,0,0,0,30,พืชใบเลี้ยงคู่ใบกว้าง,กะเม็ง
45567,กระบี่,7.8045780000000002,99.119065000000006,นาน้ำฝน,แตกกอ,สังข์หยดพัทลุง,0,1,0,0,0,0,0,0,0,0,0,0,0,0,0,0,0,0,0,0,0,0,0,0,0,0,0,0,0,0,0,0,10,พืชใบเลี้ยงคู่ใบกว้าง,หญ้าปากควาย
45567,กระบี่,7.8039149999999999,99.118533999999997,นาน้ำฝน,แตกกอ,สังข์หยดพัทลุง,0,0,0,0,0,0,0,0,0,0,0,0,0,0,0,0,0,0,0,0,0,0,0,0,0,0,0,0,0,0,0,0,10,พืชใบเลี้ยงคู่ใบกว้าง,เทียนนา
45567,กระบี่,7.8035880000000004,99.118684999999999,นาน้ำฝน,แตกกอ,สังข์หยดพัทลุง,0,0,0,0,0,0,0,0,0,0,0,0,0,0,0,0,0,0,0,0,0,0,0,0,0,0,0,0,0,0,0,0,0
45567,กระบี่,7.8026330000000002,99.118489999999994,นาน้ำฝน,แตกกอ,สังข์หยดพัทลุง,0,0,0,0,0,0,0,0,0,0,0,0,0,0,0,0,0,0,0,0,0,0,0,0,0,0,0,0,0,0,0,0,0
45567,กระบี่,7.8034470000000002,99.118009999999998,นาน้ำฝน,แตกกอ,สังข์หยดพัทลุง,0,5,0,0,0,0,0,0,0,0,0,0,0,0,0,0,0,0,0,0,0,0,0,0,0,0,0,0,0,0,0,0,0
45567,กระบี่,7.8030189999999999,99.116696000000005,นาน้ำฝน,แตกกอ,สังข์หยดพัทลุง,0,1,0,0,0,0,0,0,0,2,0,0,0,0,0,0,0,0,0,0,0,0,0,0,0,0,0,0,0,0,0,0,0
45567,กระบี่,7.8033479999999997,99.118656999999999,นาน้ำฝน,แตกกอ,สังข์หยดพัทลุง,0,0,0,0,0,0,0,0,0,1,0,0,0,0,0,0,0,0,0,0,0,0,0,0,0,0,0,0,0,0,0,0,0
45567,กระบี่,7.7929000000000004,99.121870000000001,ข้าวไร่แซมยาพาราหรือปาล์มน้ำมัน,แตกกอ,หอมหัวบอน35,0,0,0,0,0,0,0,0,0,0,0,0,0,0,0,0,0,0,4,0,0,0,0,0,0,0,0,0,0,0,0,0,10,กก,กกทราย
45567,กระบี่,7.7930149999999996,99.121441000000004,ข้าวไร่แซมยาพาราหรือปาล์มน้ำมัน,แตกกอ,หอมหัวบอน35,0,0,0,0,0,0,0,0,0,0,0,0,0,0,0,0,0,0,0,0,0,0,0,0,0,0,0,0,0,0,0,0,30,พืชใบเลี้ยงคู่ใบกว้าง,เทียนนา
45567,กระบี่,7.7890649999999999,99.124836000000002,ข้าวไร่แซมยาพาราหรือปาล์มน้ำมัน,แตกกอ,หอมหัวบอน35,0,0,0,0,0,0,0,0,0,0,0,0,0,0,0,0,0,0,0,0,0,0,0,0,0,0,0,0,0,0,0,0,10,พืชใบเลี้ยงคู่ใบกว้าง,หนวดปลาดุก
45592,พัทลุง,7.8596190000000004,99.958051999999995,ข้าวไร่แซมยาพาราหรือปาล์มน้ำมัน,แตกกอ,เหนียวดำหมอ 37,0,0,0,0,0,0,0,0,0,0,0,0,0,0,0,0,0,0,5,0,0,0,0,0,0,0,0,0,0,0,0,0,10,พืชใบเลี้ยงคู่ใบกว้าง,หญ้าเเดง หญ้าขน หญ้าเเพรก
45592,พัทลุง,7.8608380000000002,99.952350999999993,ข้าวไร่แซมยาพาราหรือปาล์มน้ำมัน,แตกกอ,เหนียวดำหมอ 37,0,0,0,0,0,0,0,0,0,0,0,0,0,0,0,0,0,0,0,0,0,0,0,0,0,0,0,0,0,0,0,0,80,หญ้า,หญ้านกสีชมพู หญ้าขน
45592,พัทลุง,7.8607849999999999,99.952067999999997,ข้าวไร่แซมยาพาราหรือปาล์มน้ำมัน,แตกกอ,เหนียวดำหมอ 37,0,0,0,0,0,0,0,0,0,0,0,0,0,0,0,0,0,0,0,0,0,0,0,0,0,0,0,0,0,0,0,0,5,หญ้า,หญ้านกสีชมพู
45592,พัทลุง,7.8626509999999996,99.947488000000007,ข้าวไร่แซมยาพาราหรือปาล์มน้ำมัน,แตกกอ,เหนียวดำหมอ 37,0,0,0,0,0,0,0,0,0,0,0,0,0,0,0,0,0,0,4,0,0,0,0,0,0,0,0,0,0,0,0,0,5,หญ้า,หญ้าเเดง
45592,พัทลุง,7.8715570000000001,99.962726000000004,ข้าวไร่แซมยาพาราหรือปาล์มน้ำมัน,แตกกอ,เหนียวดำหมอ 37,0,0,0,0,0,0,0,0,0,0,0,0,0,0,0,0,0,0,5,0,0,0,0,0,0,0,0,0,0,0,0,0,5,พืชใบเลี้ยงคู่ใบกว้าง,กะเม็ง
45592,พัทลุง,7.8693629999999999,99.964635000000001,ข้าวไร่แซมยาพาราหรือปาล์มน้ำมัน,แตกกอ,เหนียวดำหมอ 37,0,0,0,0,0,0,0,0,0,0,0,0,0,0,0,0,0,0,10,0,0,0,0,0,0,0,0,0,0,0,0,0,80,พืชใบเลี้ยงคู่ใบกว้าง,กะเม็ง
45592,พัทลุง,7.8703760000000003,99.962941999999998,ข้าวไร่แซมยาพาราหรือปาล์มน้ำมัน,แตกกอ,เหนียวดำหมอ 37,0,0,0,0,0,0,0,0,0,0,0,0,0,0,0,0,0,0,3,0,0,0,0,0,0,0,0,0,0,0,0,0,10,หญ้า,หญ้านกสีชมพู
45592,พัทลุง,7.8705299999999996,99.963582000000002,ข้าวไร่แซมยาพาราหรือปาล์มน้ำมัน,แตกกอ,เหนียวดำหมอ 37,0,0,0,0,0,0,0,0,0,0,0,0,0,0,0,0,0,0,5,0,0,0,0,0,0,0,0,0,0,0,0,0,5,พืชใบเลี้ยงคู่ใบกว้าง,กะเม็ง
45592,พัทลุง,7.8709360000000004,99.963300000000004,ข้าวไร่แซมยาพาราหรือปาล์มน้ำมัน,แตกกอ,เหนียวดำหมอ 37,0,0,0,0,0,0,0,0,0,0,0,0,0,0,0,0,0,0,5,0,0,0,0,0,0,0,0,0,0,0,0,0,50,พืชใบเลี้ยงคู่ใบกว้าง,หญ้านกสีชมพู
45567,กระบี่,7.8024380000000004,99.093838000000005,ข้าวไร่แซมยาพาราหรือปาล์มน้ำมัน,แตกกอ,หอมหัวบอน35,0,0,0,0,0,0,0,0,0,0,0,0,0,0,0,0,2,1,3,0,0,0,0,0,0,0,0,0,0,0,0,0,20,พืชใบเลี้ยงคู่ใบกว้าง,หญ้าตีนกา
45567,กระบี่,7.7908749999999998,99.082459999999998,ข้าวไร่แซมยาพาราหรือปาล์มน้ำมัน,แตกกอ,เหนียวดำหมอ 37,0,0,0,0,0,0,0,0,0,0,0,0,0,0,0,0,10,0,5,0,0,0,0,0,0,0,0,0,0,0,0,0,10,พืชใบเลี้ยงคู่ใบกว้าง,กะเม็ง
45567,กระบี่,7.7908780000000002,99.082552000000007,ข้าวไร่แซมยาพาราหรือปาล์มน้ำมัน,แตกกอ,หอมหัวบอน35,0,0,0,0,0,0,0,0,0,0,0,0,0,0,0,0,10,0,2,0,0,0,0,0,0,0,0,0,0,0,0,0,2,พืชใบเลี้ยงคู่ใบกว้าง,กะเม็ง
45567,กระบี่,7.7904270000000002,99.080940999999996,ข้าวไร่แซมยาพาราหรือปาล์มน้ำมัน,แตกกอ,หอมหัวบอน35,0,0,0,0,0,0,0,0,0,0,0,0,0,0,0,0,25,0,3,0,0,0,0,0,0,0,0,0,0,0,0,0,10,หญ้า,หญ้าแดง
45567,กระบี่,7.5521200000000004,99.091500999999994,ข้าวไร่แซมยาพาราหรือปาล์มน้ำมัน,ตั้งท้อง,หอมหัวบอน35,0,0,0,0,0,0,0,0,0,0,0,0,0,0,0,0,0,0,5,0,0,0,0,0,0,0,0,0,0,0,0,0,50,หญ้า,กะเม็ง
45567,กระบี่,7.7833209999999999,99.084128000000007,ข้าวไร่แซมยาพาราหรือปาล์มน้ำมัน,แตกกอ,หอมหัวบอน35,0,0,0,0,0,0,0,0,0,0,0,0,0,0,0,0,15,0,5,0,0,0,0,0,0,0,0,0,0,0,0,0,30,กก,กกทราบ
45567,กระบี่,7.7206789999999996,99.088070000000002,ข้าวไร่แซมยาพาราหรือปาล์มน้ำมัน,แตกกอ,หอมหัวบอน35,0,0,0,0,0,0,0,0,0,0,0,0,0,0,0,0,0,0,0,0,0,0,0,0,0,0,0,0,0,0,0,0,20,หญ้า,กะเม็ง
45567,กระบี่,7.7229669999999997,99.086516000000003,ข้าวไร่แซมยาพาราหรือปาล์มน้ำมัน,ตั้งท้อง,หอมหัวบอน35,0,0,0,0,0,0,0,0,0,0,0,0,0,0,0,0,0,0,2,0,0,0,0,0,0,0,0,0,0,0,0,0,20,พืชใบเลี้ยงคู่ใบกว้าง,กะเม็ง
45567,กระบี่,7.7201979999999999,99.070137000000003,ข้าวไร่แซมยาพาราหรือปาล์มน้ำมัน,ตั้งท้อง,หอมหัวบอน35,0,0,0,0,0,0,0,0,0,0,0,0,0,0,0,0,2,0,5,0,0,0,0,0,0,0,0,0,0,0,0,0,20,หญ้า,หญ้านกสีชมพู
45567,กระบี่,7.7270519999999996,99.079318999999998,นาน้ำฝน,แตกกอ,สังข์หยดพัทลุง,0,2,0,0,0,0,0,0,0,0,0,0,0,0,0,0,0,0,0,0,0,0,0,0,0,0,0,0,0,0,0,0,0
45567,กระบี่,7.7107679999999998,99.068366999999995,นาน้ำฝน,แตกกอ,สังข์หยดพัทลุง,0,3,0,0,0,0,0,0,0,1,0,0,0,0,0,0,0,0,0,0,0,0,0,0,0,0,0,0,0,0,0,0,0
45567,กระบี่,7.710629,99.068330000000003,นาน้ำฝน,แตกกอ,สังข์หยดพัทลุง,0,0,0,0,0,0,0,0,0,0,0,0,0,0,0,0,0,0,0,0,0,0,0,0,0,0,0,0,0,0,0,0,0
45567,กระบี่,7.7126539999999997,99.071121000000005,นาน้ำฝน,แตกกอ,สังข์หยดพัทลุง,0,0,0,0,0,0,0,0,0,2,0,0,0,0,0,0,0,0,0,0,0,0,0,0,0,0,0,0,0,0,0,0,0,นาปักดำไม่มีวัชพืช
45567,กระบี่,7.7137200000000004,99.071098000000006,นาน้ำฝน,แตกกอ,สังข์หยดพัทลุง,0,0,0,0,0,0,0,0,0,0,0,0,0,0,0,0,0,0,0,0,0,0,0,0,0,0,0,0,0,0,0,0,0
45567,กระบี่,7.7126089999999996,99.070924000000005,นาน้ำฝน,แตกกอ,สังข์หยดพัทลุง,0,0,0,0,0,0,0,0,0,0,0,0,0,0,0,0,0,0,0,0,0,0,0,0,0,0,0,0,0,0,0,0,0,แบบปักดำไม่พบวัชพืช
45567,กระบี่,7.7137549999999999,99.071146999999996,นาน้ำฝน,แตกกอ,สังข์หยดพัทลุง,0,3,0,0,0,0,0,0,0,0,0,0,0,0,0,0,0,0,0,0,0,0,0,0,0,0,0,0,0,0,0,0,0
45567,กระบี่,7.7135090000000002,99.073209000000006,นาน้ำฝน,แตกกอ,สังข์หยดพัทลุง,0,0,0,0,0,0,0,0,0,0,0,0,0,0,0,0,0,0,0,0,0,0,0,0,0,0,0,0,0,0,0,0,10,พืชใบเลี้ยงคู่ใบกว้าง,ผักแว่น
45567,กระบี่,7.7161359999999997,99.068935999999994,นาน้ำฝน,แตกกอ,สังข์หยดพัทลุง,0,0,0,0,0,0,0,0,0,0,0,0,0,0,0,0,0,0,0,0,0,0,0,0,0,0,0,0,0,0,0,0,15,พืชใบเลี้ยงคู่ใบกว้าง,ผักแว่น
45567,กระบี่,7.7161809999999997,99.069582999999994,นาน้ำฝน,แตกกอ,สังข์หยดพัทลุง,0,0,0,0,0,0,0,0,0,0,0,0,0,0,0,0,0,0,0,0,0,0,0,0,0,0,0,0,0,0,0,0,5,พืชใบเลี้ยงคู่ใบกว้าง,ผักแว่น
45610,พะเยา,19.425515999999998,99.775340999999997,นาชลประทาน,ก่อนเก็บเกี่ยว,ไม่ทราบพันธุ์ข้าว,1.1000000000000001,0,0,0,0,0,0,0,0,0,0,0,0,0,0,0,0,0,0,0,0,96.15,0,65.930000000000007,2.2000000000000002,2.2000000000000002,0,0,0,0,0,0,1.67,หญ้า
45610,พะเยา,19.428369,99.778334999999998,นาชลประทาน,ก่อนเก็บเกี่ยว,กข6,0,0,0,0,0,0,0,0,0,0,0,0,0,0,0,0,0,0,0,0,0,85.06,0,91.47,0,10.08,0,0,0,0,0,0,0
45610,พะเยา,19.430484,99.795823999999996,นาชลประทาน,ก่อนเก็บเกี่ยว,ไม่ทราบพันธุ์ข้าว,0,0,0,0,0.88,0.1,0,0,0,0.88,0,0,0,0,0,0,0,0,32.46,0,0,6.43,0,55.26,7.89,0,0,0,0,0,0,0,3.33,หญ้า
45610,พะเยา,19.299378999999998,99.810981999999996,นาน้ำฝน,ก่อนเก็บเกี่ยว,ไม่ทราบพันธุ์ข้าว,0,0,0,0,0,0,0,0,0,0,0,0,0,0,0,0,0,0,24.66,0,0,11.37,0,83.24,0,0,0,0,0,0,0,0,1.67,พืชใบเลี้ยงคู่ใบกว้าง
45610,พะเยา,19.299952000000001,99.805229999999995,นาน้ำฝน,ก่อนเก็บเกี่ยว,ขาวดอกมะลิ 105,0,0,0,0,0,0,0,0,0,0,0,0,0,0,0,0,0,0,6.12,0,0,29.05,0,60.43,0,5.04,0,2.16,0,0,0,0,3.33,หญ้า
45610,พะเยา,19.299809,99.802001000000004,นาน้ำฝน,ก่อนเก็บเกี่ยว,ขาวดอกมะลิ 105,0,0,0,0,1.64,0,0,0,0,0,0,0,0,0,0,0,0,0,0,0,0,63.08,0,79.510000000000005,0,1.64,0,0,0,0,0,0,3.33,หญ้า
45614,พัทลุง,7.5644289999999996,99.962810000000005,นาน้ำฝน,แตกกอ,กข55,0,2,0,0,0,0,0,0,0,0,0,0,0,0,0,0,0,0,2,0,0,0,0,0,0,0,0,0,0,0,0,0,3,พืชใบเลี้ยงคู่ใบกว้าง,เทียนนา
45614,พัทลุง,7.5681750000000001,99.962005000000005,นาน้ำฝน,แตกกอ,กข55,0,0,0,0,0,0,0,0,0,0,0,0,0,0,0,0,0,0,2,0,0,0,0,0,0,0,0,0,0,0,0,0,2,กก,หนวดปลาดุก
45614,พัทลุง,7.5644289999999996,99.962810000000005,นาน้ำฝน,แตกกอ,เล็บนกปัตตานี,0,0,0,0,0,0,0,0,0,0,0,0,0,0,0,0,0,0,1,0,0.1,0,0,0,0,0,0,0,0,0,0,0,10,พืชใบเลี้ยงคู่ใบกว้าง,เทียนนา
45615,พัทลุง,7.8652170000000003,99.958898000000005,ข้าวไร่แซมยาพาราหรือปาล์มน้ำมัน,แตกกอ,เหนียวดำหมอ 37 ,0,0,0,0,0,0,0,0,0,0,0,0,0,0,0,0,0,0,1,0,0,0,0,0,0,0,0,0,0,0,0,0,30,หญ้า,หญ้าชันกาด
45615,พัทลุง,7.8650289999999998,99.958082000000005,ข้าวไร่แซมยาพาราหรือปาล์มน้ำมัน,แตกกอ,เหนียวดำหมอ 37,0,0,0,0,0,0,0,0,0,0,0,0,0,0,0,0,1,0,1,0,0,0,0,0,0,0,0,0,0,0,0,0,40,หญ้า,หญ้าชันกาศ
45615,พัทลุง,7.8630789999999999,99.957237000000006,ข้าวไร่แซมยาพาราหรือปาล์มน้ำมัน,แตกกอ,เหนียวดำหมอ 37,0,0,0,0,0,0,0,0,0,0,0,0,0,0,0,0,0,0,2,0,0,0,0,0,0,0,0,0,0,0,0,0,40,หญ้า,หญ้าสาบแร้งสาบกา
45615,พัทลุง,7.8631200000000003,99.958082000000005,ข้าวไร่แซมยาพาราหรือปาล์มน้ำมัน,แตกกอ,เหนียวดำหมอ 37,0,0,0,0,0,0,0,0,0,0,0,0,0,0,0,0,2,0,3,0,0,0,0,0,0,0,0,0,0,0,0,0,20,หญ้า,กะเม็ง
45615,พัทลุง,7.8630740000000001,99.957307999999998,ข้าวไร่แซมยาพาราหรือปาล์มน้ำมัน,แตกกอ,เหนียวดำหมอ 37,0,0,0,0,0,0,0,0,0,0,0,0,0,0,0,0,0,0,2,0,0,0,0,0,0,0,0,0,0,0,0,0,20,หญ้า,หญ้าแดง
45616,พัทลุง,7.9661309999999999,99.954690999999997,นาน้ำฝน,แตกกอ,สังข์หยดพัทลุง,0,2,0,0,0,0,0,0,0,50,0,0,0,0,0,0,0,0,1,0,0,0,0,0,0,0,0,0,0,0,0,0,10,กก,หนวดปลาดุก
45616,พัทลุง,7.9653140000000002,99.954104999999998,นาน้ำฝน,แตกกอ,สังข์หยดพัทลุง,0,0,0,0,0,0,0,0,0,20,0,0,0,0,0,0,0,0,0,0,0,0,0,0,0,0,0,0,0,0,0,0,60,หญ้า,กุศลา
45616,นครศรีธรรมราช,7.9657790000000004,99.954060999999996,นาน้ำฝน,แตกกอ,สังข์หยดพัทลุง,0,3,0,0,0,0,0,0,0,26,0,0,0,0,0,1,0,0,1,0,0,0,0,0,0,0,0,0,0,0,0,0,24,กก,หนวดปลาดุก
45616,นครศรีธรรมราช,7.965198,99.95326,นาน้ำฝน,แตกกอ,สังข์หยดพัทลุง,0,0,0,0,0,0,0,0,0,52,0,0,0,0,0,1,0,0,1,0,0,0,0,0,0,0,0,0,0,0,0,0,0
45616,นครศรีธรรมราช,7.9665850000000002,99.954199000000003,นาน้ำฝน,แตกกอ,เล็บนกปัตตานี,0,2,0,0,0,0,0,0,0,14,0,0,0,0,0,2,0,0,0,0,0,0,0,0,0,0,0,0,0,0,0,0,5,หญ้า,หย้านกสีชมพู
45616,นครศรีธรรมราช,7.9667260000000004,99.954352,นาน้ำฝน,แตกกอ,เล็บนกปัตตานี,0,6,0,0,0,0,0,0,0,34,0,0,0,0,0,1,0,0,2,0,0,0,0,0,0,0,0,0,0,0,0,0,44,หญ้า,หญ้านกสีชมพู
45616,นครศรีธรรมราช,7.966882,99.954104999999998,นาน้ำฝน,แตกกอ,สังข์หยดพัทลุง,0,0,0,0,0,0,0,0,0,22,0,0,0,0,0,1,0,0,0,0,0,0,0,0,0,0,0,0,0,0,0,0,30,กก,หนวดปลาดุก
45616,นครศรีธรรมราช,7.967187,99.953832000000006,นาน้ำฝน,แตกกอ,เล็บนกปัตานี,0,0,0,0,0,0,0,0,0,10,0,0,0,0,0,1,0,0,0,0,0,0,0,0,0,0,0,0,0,0,0,0,20,กก,หนวดปลาดุก
45617,พัทลุง,7.683738,100.08290700000001,นาน้ำฝน,ระยะกล้า,สังข์หยดพัทลุง,0,0,0,0,0,0,0,0,0,0,0,0,0,0,0,0,0,0,0,0,0,0,0,0,0,0,0,0,0,0,0,0,50,กก,หนวดปลาดุก
45617,พัทลุง,7.6836010000000003,100.082831,นาน้ำฝน,ระยะกล้า,สังข์หยดพัทลุง,0,0,0,0,0,0,0,0,0,0,0,0,0,0,0,0,0,0,0,0,0,0,0,0,0,0,0,0,0,0,0,0,30,กก,หนวดปลาดุก
45617,นครศรีธรรมราช,8.113766,99.619754,ข้าวไร่แซมยาพาราหรือปาล์มน้ำมัน,ออกรวง,"ดำดาษ, ดำหอม",10,0,0,0,0,0,0,0,0,0,0,0,0,0,0,0,12,0,30,0,0,20,0,24,0,0,0,0,0,0,0,0,50,หญ้า,เช่งใบยาว
45616,นครศรีธรรมราช,7.9744609999999998,99.955042000000006,นาน้ำฝน,แตกกอ,เล็บนกปัตตานี,0,0,0,0,0,0,0,0,0,0,0,0,0,0,0,1,0,0,12,0,0,0,0,0,0,0,0,0,0,0,0,0,5,กก,หนวดปลาดุก
45616,นครศรีธรรมราช,7.971349,99.956704999999999,นาน้ำฝน,แตกกอ,เล็บนกปัตตานี,0,0,0,0,0,0,0,0,0,28,0,0,0,0,0,1,0,0,1,0,0,0,0,0,0,0,0,0,0,0,0,0,0
45616,นครศรีธรรมราช,7.9689750000000004,99.954029000000006,นาน้ำฝน,แตกกอ,สังข์หยดพัทลุง,0,0,0,0,0,0,0,0,0,10,0,0,0,0,0,0,0,0,0,0,0,0,0,0,0,0,0,0,0,0,0,0,30,กก,หนวดปลาดุก
45616,นครศรีธรรมราช,7.9691388999999999,99.954132999999999,นาน้ำฝน,แตกกอ,เล็บนกปัตตานี,0,0,0,0,0,0,0,0,0,0,0,0,0,0,0,0,0,0,0,0,0,0,0,0,0,0,0,0,0,0,0,0,60,กก,กกทราย
45616,นครศรีธรรมราช,7.9673090000000002,99.954549999999998,นาน้ำฝน,แตกกอ,หน่วยเขื่อ,0,0,0,0,0,0,0,0,0,0,0,0,0,0,0,0,0,0,0,0,0,0,0,0,0,0,0,0,0,0,0,0,0,กก,หนวดปลาดุก
45608,กาฬสินธุ์,16.458425999999999,103.568972,นาน้ำฝน,ก่อนเก็บเกี่ยว,น่าน59,0,0,0,0,0,0,0,0,0,0,0,0,0,0,0,0,0,0,0,0,0,28.57,0,41.43,0,0,0,0,0,0,0,0,0
45608,กาฬสินธุ์,16.449497999999998,103.56855,นาน้ำฝน,ก่อนเก็บเกี่ยว,น่าน59,0,0,0,0,0,0,0,0,0,0,0,0,0,0,0,0,0,0,0,0,0,45.56,0,20.78,0,0,0,0,0,0,0,0,0
45608,กาฬสินธุ์,16.407820999999998,103.591173,นาน้ำฝน,ก่อนเก็บเกี่ยว,มะลิ105,0,0,0,0,0,0,0,0,0,0,0,0,0,0,0,0,0,0,0,0,2.2000000000000002,23.63,0,15.38,0,0,0,0,0,0,0,0,0
45608,กาฬสินธุ์,16.410715,103.626833,นาน้ำฝน,ก่อนเก็บเกี่ยว,มะลิ105,0,0,0,0,0,0,0,0,0,0,0,0,0,0,0,0,0,0,100,0,0,90,0,76.25,0,0,0,0,0,0,0,0,0
45608,กาฬสินธุ์,16.319624999999998,103.542633,นาน้ำฝน,ก่อนเก็บเกี่ยว,กข6,0,0,0,0,0,0,0,0,0,0,0,0,0,0,0,0,0,0,25.4,0,0,25.4,0,11.11,0,0,0,0,0,0,0,0,0
45608,กาฬสินธุ์,16.309864999999999,103.510406,นาน้ำฝน,ก่อนเก็บเกี่ยว,กข6,0,0,0,0,0,0,0,0,0,0,0,0,0,0,0,0,0,0,0,0,12.9,56.45,0,0,0,0,0,0,0,0,0,0,0
45608,กาฬสินธุ์,16.298241999999998,103.529307,นาน้ำฝน,ก่อนเก็บเกี่ยว,กข6 เตี้ย,0,0,0,0,0,0,0,0,0,0,0,0,0,0,0,0,0,0,0,0,0,94.12,0,45.59,0,0,0,0,0,0,0,0,0
45637,กาฬสินธุ์,16.321974000000001,103.52038400000001,นาน้ำฝน,ก่อนเก็บเกี่ยว,มะลิ105,0,0,0,0,0,0,0,0,0,0,0,0,0,0,0,0,0,0,0,0,0,100,0,36.71,0,0,0,0,0,0,0,0,0
45608,กาฬสินธุ์,16.322066,103.520242,นาน้ำฝน,ก่อนเก็บเกี่ยว,มะลิ105,0,0,0,0,0,0,0,0,0,0,0,0,0,0,0,0,0,0,3.03,0,2.27,39.39,0,6.06,0,0,0,0,0,0,0,0,0
45608,กาฬสินธุ์,16.413740000000001,103.575507,นาน้ำฝน,ก่อนเก็บเกี่ยว,กข6,0,0,0,0,0,0,0,0,0,0,0,0,0,0,0,0,0,0,0,0,0,16.079999999999998,0,26.92,0,0,0,0,0,0,0,0,0
45601,อุทัยธานี,15.401529999999999,100.08447,นาชลประทาน,ตั้งท้อง,กข41,0,0,0.90900000000000003,0,0,0,0,1.8180000000000001,0,4.7270000000000003,0,0,0,0,0,0,0,0,0,10.364000000000001,0.36399999999999999,0,0,0,0,0,0,0,0,0,0,0,5,พืชใบเลี้ยงคู่ใบกว้าง,ผักปอดนา
45601,นครสวรรค์,15.42848,100.06059,นาชลประทาน,แตกกอ,สุพรรณบุรี 1,0,0,14,0,0,0,0,2.4630000000000001,0,4.4329999999999998,0,0,0,0,0,0,0,0,31.033999999999999,29.064,0,0,0,0,0,0,0,0,0,0,0,0,36.667000000000002,กก,หนดปลาดุก
45601,อุทัยธานี,15.41602,99.985960000000006,นาชลประทาน,ระยะกล้า,กข85,0,0,5.1280000000000001,0,0,0,2.8039999999999998,5.6070000000000002,0.93500000000000005,0,0,0,0,0,0,0,0,0,5.9189999999999996,0,0.312,0,0,0,0,0,0,0,0,0,0,0,0
45601,อุทัยธานี,15.45246,99.900959999999998,นาชลประทาน,แตกกอ,กข85,0,0,1.361,0,0,0,0,1.2989999999999999,0,1.2989999999999999,0,0,0,0,0,0,0,0,6.9809999999999999,0,0,0,0,0,0,0,0,0,0,0,0,0,5,พืชใบเลี้ยงคู่ใบกว้าง,ผักปอดนา
45601,อุทัยธานี,15.46912,99.762280000000004,นาชลประทาน,ตั้งท้อง,กข85,0,0,0,7.3360000000000003,0,0,0,0.47,0,6.8609999999999998,0,0,0,0,0,0,0,0,0,9.7739999999999991,0,0,0,0,0,0,0,0,0,0,0,0,1.667,พืชใบเลี้ยงคู่ใบกว้าง,ผักบุ้ง
45601,อุทัยธานี,15.449730000000001,99.770359999999997,นาชลประทาน,ตั้งท้อง,กข41,0,0,0,1.1240000000000001,0,0,0,1.798,0,1.573,0,0,0,0,0,0,0,0,3.5960000000000001,1.798,0.89900000000000002,4.2699999999999996,0,0,0,0,0,0,0,0,0,0,28.332999999999998,หญ้า,หญ้าไซ
45601,อุทัยธานี,15.44664,99.815089999999998,นาชลประทาน,แตกกอ,กข41,0,0,0,0,0,0,0,0.44400000000000001,0,0,0,0,0,0,0,0,0,0,0.66700000000000004,0.222,0.222,0,0,0,0,0,0,0,0,0,0,0,1.667,หญ้า,หญ้าข้าวนก
45601,อุทัยธานี,15.45215,99.811080000000004,นาชลประทาน,แตกกอ,กข85,0,0,1.111,0,0,0,0,0,0,0.45500000000000002,0,0,0,0,0,0,0,0,1.1359999999999999,3.1819999999999999,0.45500000000000002,0.22700000000000001,0,0,0,0,0,0,0,0,0,0,0
45601,อุทัยธานี,15.451750000000001,99.84693,นาชลประทาน,แตกกอ,กข49,0,0,0,0,0,0,1.0309999999999999,0.25800000000000001,0,0,0,0,0,0,0,0,0,0,5.1550000000000002,1.0309999999999999,2.835,0,0,0,0,0,0,0,0,0,0,0,0
45601,อุทัยธานี,15.451689999999999,99.847570000000005,นาชลประทาน,แตกกอ,กข49,0,0,7.1429999999999998,0,0,0,0,0,0,0.44600000000000001,0,0,0,0,0,0,0,0,4.2409999999999997,2.9020000000000001,1.786,0,0,0,0,0,0,0,0,0,0,0,0
45615,ชัยนาท,15.28551,100.03776999999999,นาชลประทาน,แตกกอ,กข41,0,0,2.74,0,0,0,2.3969999999999998,0.34200000000000003,0,0,0,0,0,0,0,0,0,0,0,0,0,0,0,0,0,0,0,0,0,0,0,0,0
45615,ชัยนาท,15.268549999999999,100.03949,นาชลประทาน,แตกกอ,กข41,0,0,0,0,0,0,4.8470000000000004,0,2.2959999999999998,0,0,0,0,0,0,0,0,0,0.255,0,0,0,0,0,0,0,0,0,0,0,0,0,0
45615,ชัยนาท,15.201230000000001,100.07125000000001,นาชลประทาน,ออกรวง,กข85,0,0,0,0,13.042999999999999,0,0,0,0,0,0,0,0,0,0,0,0,0,0.373,0,0,0,0,24.224,1.242,0,0,0,0,0,0,0,0
45615,ชัยนาท,15.204330000000001,100.06974,นาชลประทาน,แตกกอ,กข85,0,0,0,0,0,0,5.8220000000000001,2.0550000000000002,1.0269999999999999,0,0,0,0,0,0,0,0,0,0.34200000000000003,0,0,0,0,0,0,0,0,0,0,0,0,0,0
45615,ชัยนาท,15.16098,100.05710999999999,นาชลประทาน,ตั้งท้อง,กข41,0,0,8.3800000000000008,0,0,0,0,0,0,0.44700000000000001,0,0,0,0,0,0,0.89400000000000002,0.33500000000000002,1.899,0.112,0.223,0,0,0,0,0,0,0,0,0,0,0,5,หญ้า,หญ้าดอกขาว
45615,ชัยนาท,15.112629999999999,100.03252000000001,นาชลประทาน,ตั้งท้อง,กข97,0,0,3.8460000000000001,0,0,0,0,0.11,0,0.22,0,0,0,0,0,0,0,0.11,0.98899999999999999,0.11,0,0,0,0,0,0,0,0,0,0,0,0,0
45615,ชัยนาท,15.164849999999999,100.11761,นาชลประทาน,ตั้งท้อง,กข41,0,0,0,0,0,0,0,0.439,0,0.58499999999999996,0,0,0,0,0,0,0,0,1.17,1.754,0.439,0,0,0,0,0,0,0,0,0,0,0,5,พืชใบเลี้ยงคู่ใบกว้าง,ผักปอดนา
45615,ชัยนาท,15.17179,100.11421,นาชลประทาน,แตกกอ,กข85,0,0,4.6879999999999997,0,0,0,0,1.1719999999999999,0,0,0,0,0,0,0,0,0,0,1.5629999999999999,0,0,0,0,0,0,0,0,0,0,0,0,0,0
45615,ชัยนาท,15.177910000000001,100.11201,นาชลประทาน,ออกรวง,กข41,0,0,0,0,1.242,0,0,0,0,0.745,0,0,0,0,0,0,0.87,0,0.373,0,0.745,0,0,4.9690000000000003,0,0,0,0,0,0,0,0,23.332999999999998,พืชใบเลี้ยงคู่ใบกว้าง,ผักปอดนา
45615,ชัยนาท,15.183439999999999,100.11161,นาชลประทาน,แตกกอ,กข61,0,0,6.593,0,0,0,0,0.54900000000000004,0,0.54900000000000004,0,0,0,0,0,0,0,0,7.4180000000000001,0,0.27500000000000002,0,0,0,0,0,0,0,0,0,0,0,0
45651,อุทัยธานี,15.37199,99.876140000000007,นาชลประทาน,แตกกอ,กข79,0,0,1.1759999999999999,27.059000000000001,0,0,0,0,0,0,0,0,0,0,0,0,0,0,6.4710000000000001,0,2.0590000000000002,0,0,0,0,0,0,0,0,0,0,0,48.332999999999998,กก,หนวดปลาดุก
45651,อุทัยธานี,15.39902,99.841220000000007,นาชลประทาน,ตั้งท้อง,กข79,0,0,0,15.464,0,0,0,0,0,0,0,0,0,0,0,0,0,0,5.67,0.77300000000000002,0,0,0,0,0,0,0,0,0,0,0,0,0
45651,อุทัยธานี,15.361370000000001,99.800380000000004,นาชลประทาน,แตกกอ,กข79,0,0,4.4640000000000004,0,0,0,2.4329999999999998,0.24299999999999999,0,0,0,0,0,0,0,0,0,0,0.97299999999999998,0,0,0,0,0,0,0,0,0,0,0,0,0,1.667,หญ้า,หญ้าแพรก
45651,อุทัยธานี,15.359349999999999,99.796090000000007,นาชลประทาน,แตกกอ,กข85,0,0,0,4.444,0,0,3.5289999999999999,0,0,0,0,0,0,0,0,0,0,0,2.3530000000000002,0,0.29399999999999998,0,0,0,0,0,0,0,0,0,0,0,0
45651,อุทัยธานี,15.37942,99.858450000000005,นาชลประทาน,แตกกอ,กข85,0,0,0,22.114999999999998,0,0,0,0,0,0,0,0,0,0,0,0,0,0,7.2119999999999997,0.24,0.96199999999999997,0,0,0,0,0,0,0,0,0,0,0,1.667,หญ้า,หญ้าข้าวนก
45651,อุทัยธานี,15.372680000000001,99.878140000000002,นาชลประทาน,ตั้งท้อง,กข79,0,0,0,15.596,0,0,0,0.91700000000000004,0,0,0,0,0,0,0,0,0,0,4.3579999999999997,1.3759999999999999,1.3759999999999999,0,0,0,0,0,0,0,0,0,0,0,36.667000000000002,หญ้า,หญ้าข้าวนก
45651,อุทัยธานี,15.369289999999999,99.952470000000005,นาชลประทาน,ออกรวง,กข49,2.2989999999999999,0,0,8.0459999999999994,0,0,0,0.253,0,2.278,0,0,0,0,0,0,0,0,0,0.75900000000000001,0,0,0,0,0,0,0,0,0,0,0,0,0
45651,อุทัยธานี,15.337910000000001,100.07181,นาชลประทาน,ระยะกล้า,กข41,0,0,0,0,0,0,14.286,0,0,1.2989999999999999,0,0,0,0,0,0,0,0,0,0,0,1.2989999999999999,0,0,0,0,0,0,0,0,0,0,0
45651,อุทัยธานี,15.327070000000001,100.06364000000001,นาชลประทาน,แตกกอ,กข41,0,0,1.1240000000000001,0,0,0,0.93799999999999994,0.313,0,0,0,0,0,0,0,0,0,0,5.625,0.313,0.625,0,0,0,0,0,0,0,0,0,0,0,41.667000000000002,กก,หนวดปลาดุก
45651,อุทัยธานี,15.309710000000001,100.06963,นาชลประทาน,ตั้งท้อง,กข41,0,0,0,0,0,0,0,0,0,0,0,0,0,0,0,0,0,0,0.97199999999999998,0,0,0,0,0,0,0,0,0,0,0,0,0,5,กก,หนวดปลาดุก
45558,พิษณุโลก,16.963621,100.261021,นาชลประทาน,ระยะกล้า,ไม่ทราบพันธุ์ข้าว,0,0,0,0,0,0,0,8.56,0,0,6.31,0,0,0,0,0,0,0,3.38,0.45,0,0,0,0,0,0,0,0,0,0,0,0,13.33,พืชใบเลี้ยงคู่ใบกว้าง,ผักปอดนา
45558,พิษณุโลก,16.979379999999999,100.300668,นาชลประทาน,ออกรวง,ไม่ทราบพันธุ์ข้าว,0,0,0,0,0,0,0,0,0,0,0,0,0,0,0,0,19.18,7.53,0.51,0,0,6.34,0,0,0,0,0,0,0,0,0,0,0
45558,พิษณุโลก,17.116819,100.350584,นาน้ำฝน,แตกกอ,ไม่ทราบพันธุ์ข้าว,0,0,0,0,0,0,0,1.4,0,0.8,1.8,0,0,0,0,0,0,0,3.4,14.6,0,0.8,0,0,0,0,0,0,0,0,0,0,45,หญ้า,หญ้านกสีชมพู หญ้าดอกขาว
45558,พิษณุโลก,17.149234,100.360702,นาชลประทาน,ออกรวง,ไม่ทราบพันธุ์ข้าว,0,0,0,0,0,0,0,0,0,0,2.81,0,0,0,2.39,0,0,0,1.97,0.14000000000000001,0,1.69,0,7.3,0,0,0.14000000000000001,0.98,0,0,0,0,20,หญ้า,หญ้าดอกขาว
45558,พิษณุโลก,17.210039999999999,100.323786,นาน้ำฝน,แตกกอ,ไม่ทราบพันธุ์ข้าว,0,0,0,0,0,0,0,1.61,0,0.36,2.14,0,0,0,0,0,0,0,2.86,0,2.3199999999999998,0.36,0,0,0,0,0,1.43,0,0,0,0,45,หญ้า,หญ้าข้าวนกสีชมพู หญ้าดอกขาว
45561,พิจิตร,16.531818999999999,100.46484,นาชลประทาน,ออกรวง,ไม่ทราบพันธุ์ข้าว,0,0,0,0,0,0,0,1.33,0,0,0,0,0,0,0,0,0,1.52,4.17,0,4.92,0,0,25,1.33,0,0.76,0.38,0,0,0,0,45,พืชใบเลี้ยงคู่ใบกว้าง,เทียนนา
45561,พิจิตร,16.516587000000001,100.476164,นาชลประทาน,แตกกอ,ไม่ทราบพันธุ์ข้าว,0,0,0,0,0,0,0,0,0,0,0,0,0,0,0.2,0,0,0,6.3,0,1.63,0.41,0,0,0,0,1.22,0,0,0,0,0,20,หญ้า,หญ้าดอกขาว
45561,พิจิตร,16.448643000000001,100.500744,นาน้ำฝน,แตกกอ,ไม่ทราบพันธุ์ข้าว,0,0,0,0,0,0,0,0,0,1.91,0,0,0,0,0,0,0,0,7.29,0,3.99,8.85,0,0,0,0,0,0,0,0,0,0,45,หญ้า,หญ้าขจรจบ
45561,พิจิตร,16.404757,100.54892,นาชลประทาน,ออกรวง,ไม่ทราบพันธุ์ข้าว,0,0,0,0,0,0.34,0,0,0,1.88,0,0,0,0,0,0,0,3.08,4.1100000000000003,0,2.57,4.62,0,25,0.68,0,0,0,0,0,0,0,20,พืชใบเลี้ยงคู่ใบกว้าง,เทียนนา
45561,พิจิตร,16.397908999999999,100.58196599999999,นาชลประทาน,แตกกอ,ไม่ทราบพันธุ์ข้าว,0,0,0,0,0,0,0,0,0,1.99,0,0,0,0,0,0,0,0,2.84,0,2.7,6.11,0,0,0,0,0,0,0,0,0,0,10,พืชใบเลี้ยงคู่ใบกว้าง
45561,พิจิตร,16.36167,100.61816899999999,นาชลประทาน,ระยะกล้า,ไม่ทราบพันธุ์ข้าว,0,เต็มวัย1.6ตัวเล็ก2กลุ่มไข่0.4,0,0,0,0,2.2999999999999998,5.0599999999999996,0,0,0.6,0,0,0,0,0,0,0,1.49,0,0,0,0,0,0,0,0,0,0,0,0,0,0
45561,พิจิตร,16.361736000000001,100.61773700000001,นาชลประทาน,ออกรวง,ไม่ทราบพันธุ์ข้าว,0,0,0,0,0,0,0,0.45,0,0,0,0,0,0,0,0,16.52,1.8,0.3,0,0.15,0,0,0,0,0,0,0,0,0,0,0,0
45565,สุโขทัย,17.060084,99.747382999999999,นาน้ำฝน,แตกกอ,ไม่ทราบพันธุ์ข้าว,0,0,0,0,0,0,0,0.74,0,0.56000000000000005,0.74,0,0,0,0,0,0,0,7.96,0,2.2200000000000002,1.3,0,0,0,0,0,0,0,0,0,0,20,หญ้า
45687,สุโขทัย,17.058731999999999,99.730591000000004,นาชลประทาน,ออกรวง,ไม่ทราบพันธุ์ข้าว,0,0,0,0,0,0.43,0,0.65,0,3.91,0,0,0,0,0,0,0,0,3.48,0,3.04,0.65,0,25,0,0,0.87,0,0,0,0,0,5,หญ้า
45565,สุโขทัย,17.078320000000001,99.706480999999997,นาน้ำฝน,แตกกอ,ไม่ทราบพันธุ์ข้าว,0,0,0.17,0,0,0,0,0.17,0,0.17,0.22,0,0,0,0,0,0,0,2.5299999999999998,0,4.3899999999999997,0.34,0,0,0,0,0,0,0,0,0,0,45,หญ้า
45565,สุโขทัย,17.131239000000001,99.697260999999997,นาน้ำฝน,แตกกอ,ไม่ทราบพันธุ์ข้าว,0,0,0,0,0,0,0,1.32,0,0,0,0,0,0,0,0,0,0,4.6100000000000003,0,2.63,0,0,0,0,0,0,0,0,0,0,0,5,หญ้า
45565,สุโขทัย,17.178602000000001,99.697751999999994,นาน้ำฝน,แตกกอ,ไม่ทราบพันธุ์ข้าว,0,0,1.18,0,0,0,0,9.2899999999999991,0,0,1.35,0,0,0,0,0,0,0,2.87,0,0.68,0,0,0,0,0,0,0,0,0,0,0,3.33,หญ้า
45565,สุโขทัย,17.204324,99.696651000000003,นาชลประทาน,ออกรวง,ไม่ทราบพันธุ์ข้าว,0,0,0,0,0,0,0,0,0,0.87,0,0,0,0,0,0,0,0,2.89,0,0.28999999999999998,4.7699999999999996,0,25,0.28999999999999998,0,0.14000000000000001,0.14000000000000001,0,0,0,0,40,หญ้า
45565,สุโขทัย,17.241512,99.710860999999994,นาชลประทาน,ระยะกล้า,ไม่ทราบพันธุ์ข้าว,0,ตัวเต็มวัย 0.1 ตัวเล็ก 3.5,0,0,0,0,2.95,0.21,0,0,0.25,0,0,0,0,0,0,0,7.17,0,0,0,0,0,0,0,0,0,0,0,0,0,0
45596,พิจิตร,16.268505000000001,100.132698,นาน้ำฝน,แตกกอ,ไม่ทราบพันธุ์ข้าว,0,0,0.57999999999999996,0,0,0,0,0,0,1.73,0,0,0,0,0,0,0,0,4.62,0,0.14000000000000001,0.43,0,0,0,0,0,0,0,0,0,0,0
45596,พิจิตร,16.261752999999999,100.17128,นาชลประทาน,ระยะกล้า,ไม่ทราบพันธุ์ข้าว,0,ตัวเต็มวัย 3.3 ตัวเล็ก 2 กลุ่มไข่ 0.1,0,0,0,0,7.71,3.73,0,0,0,0,0,0,0,0,0,0,0.25,0,0,0,0,0,0,0,0,0,0,0,0,0,0
45596,พิจิตร,16.320912,100.28618299999999,นาน้ำฝน,ออกรวง,ไม่ทราบพันธุ์ข้าว,0,0,0.17,0,0,0,0,0,0,0,0,0,0,0,0,0,0,15.2,1.86,0,2.7,2.5299999999999998,0,25,0.84,0,0,0.68,0,0,0,0,0
45596,พิจิตร,16.412241000000002,100.31688800000001,นาน้ำฝน,แตกกอ,ไม่ทราบพันธุ์ข้าว,0,0,0,0,0,0,0,2.35,0,2.94,0,0,0,0,0,0,0,3.38,1.32,0,0.94,1.18,0,0,0,0,0,0,0,0,0,0,0
45622,พิจิตร,16.566493000000001,100.181048,นาน้ำฝน,ออกรวง,ไม่ทราบพันธุ์ข้าว,0,0,0,0,0,0,0,1.55,0,11.38,0,0,0,0,0,0,0,0,8.4499999999999993,0,0,0.86,0,1.9,0,0,0.6,0,0,0,0,0,0
45622,พิจิตร,16.503784,100.214626,นาน้ำฝน,ออกรวง,ไม่ทราบพันธุ์ข้าว,0,0,0,0,0,0,0,0.49,0,3.44,0,0,0,0,0,0,0,0,8.23,0,0.75,3.89,0,25,0,0,0,0,0,0,0,0,5,หญ้า
45622,พิจิตร,16.475211999999999,100.244866,นาน้ำฝน,ออกรวง,ไม่ทราบพันธุ์ข้าว,0,0,0,7.09,0,0,0,0,0,2.2000000000000002,0,0,0,0,0,0,1.35,0.17,6.25,0,0.84,3.72,0,4.3899999999999997,0,0,0,0,0,0,0,0,20,หญ้า,หญ้าข้าวนก
45622,พิจิตร,16.464509,100.14204599999999,นาน้ำฝน,ออกรวง,ไม่ทราบพันธุ์ข้าว,0,0,0.2,1.1200000000000001,0,0,0,2,0,4.5999999999999996,0,0,0,0,0,0,0,0,5.2,0.2,0,3.4,0,2,0,0,0,0,0,0,0,0,0
45638,พิษณุโลก,16.875250000000001,100.371351,นาชลประทาน,แตกกอ,ไม่ทราบพันธุ์ข้าว,0,0,0.28000000000000003,0,0,0,0,3.69,0,1.99,0,0,0,0,0,0,0,0,5.1100000000000003,6.53,0.56999999999999995,0.28000000000000003,0,0,0,0,0,0,0,0,0,0,0
45638,พิษณุโลก,16.823744000000001,100.417288,นาชลประทาน,แตกกอ,ไม่ทราบพันธุ์ข้าว,0,0,0.12,0,0,0,1.44,4.33,0,0.24,0,0,0,0,0,0,0,0,2.76,0.24,0,0,0,0,0,0,0,0,0,0,0,0,5,กก
45638,พิษณุโลก,16.77693,100.40393400000001,นาชลประทาน,แตกกอ,ไม่ทราบพันธุ์ข้าว,0,0,0.24,0,0,0,0,1.81,0,0.24,0,0,0,0,0,0,0,0,4.59,0.12,0.6,0.97,0,0,0,0,0,0,0,0,0,0,0
45639,พิจิตร,16.508797000000001,100.132578,นาชลประทาน,ระยะกล้า,ไม่ทราบพันธุ์ข้าว,0,ตัวเต็มวัย 2.7 ตัวเล็ก 0.8 กลุ่มไข่ 0.3,0,0,0,0,10.98,1.52,0,6.44,0,0,0,0,0,0,0,0,10.23,0,0.76,0.67,0,0,0,0,0,0,0,0,0,0,0
45639,พิจิตร,16.497401,100.05318,นาชลประทาน,ระยะกล้า,ไม่ทราบพันธุ์ข้าว,0,ตัวเต็มวัย2.3 ตัวเล็ก 0.7 กลุ่มไข่0.2,0,7.94,0,0,3.97,1.85,0,1.59,0,0,0,0,0,0,0,0,20.63,0,0,0.53,0,0,0,0,0,0,0,0,0,0,5,กก
45639,กำแพงเพชร,16.500235,100.015484,นาชลประทาน,แตกกอ,ไม่ทราบพันธุ์ข้าว,0,0,0,3.45,0,0,0,1.08,0,0.86,0.65,0,0,0,0,0,0,0,11.42,0.86,0,0.86,0,0,0,0,0,0,0,0,0,0,20,หญ้า
45639,พิจิตร,16.218751999999999,100.127754,นาน้ำฝน,ออกรวง,ไม่ทราบพันธุ์ข้าว,0,0,0,11.08,0,0,0,0.24,0,0.94,0,0,0,0,0,0,0,24.76,4.01,0,0,0.86,0,25,0.94,0,0.24,0,0,0,0,0,0
45639,พิจิตร,16.215724999999999,100.129993,นาชลประทาน,ระยะกล้า,ไม่ทราบพันธุ์ข้าว,0,ตัวเต็มวัย 0.4 ตัวเล็ก 4.3,0,0,0,0,0.53,1.06,0,0,0,0,0,0,0,0,0,0,39.68,1.59,0,2.91,0,0,0,0,0,0,0,0,0,0,0
45639,พิจิตร,16.203443,100.262013,นาน้ำฝน,ออกรวง,ไม่ทราบพันธุ์ข้าว,0,0,0,5.07,0,0,0,0.52,0,11.19,0,0,0,0,0,0,0,0,1.75,0,2.97,0,0,27,0,0,0,0,0,0,0,0,25,หญ้า
45639,พิจิตร,16.311387,100.29422,นาชลประทาน,ระยะกล้า,ไม่ทราบพันธุ์ข้าว,0,ตัวเต็มวัย 0.1 ตัวเล็ก 5 กลุ่มไข่ 0.5,0,0,0,0,1.59,6.61,0,1.59,0,0,0,0,0,0,0,0,9.7899999999999991,0,0,0,0,0,0,0,0,0,0,0,0,0,0
45650,พิษณุโลก,17.025997,100.065057,นาน้ำฝน,ออกรวง,ไม่ทราบพันธุ์ข้าว,8.5,0,0,0.3,0,0,0,0.3,0,4.59,0,0,0,0,0,0,0,0.15,10.36,0,0,3.42,0,30,0,0,0,0,0,0,0,0,5,หญ้า
45650,สุโขทัย,17.006404,100.055469,นาน้ำฝน,ก่อนเก็บเกี่ยว,ไม่ทราบพันธุ์ข้าว,6.73,0,0,0.71,0,0,0,0,0,3.41,0,0,0,0,0,0,0.99,0.28000000000000003,5.26,0,0.14000000000000001,8.3800000000000008,0,5.26,0,0,0,0,0,0,0,0,20,พืชใบเลี้ยงคู่ใบกว้าง
45651,สุโขทัย,17.007656999999998,100.055087,นาชลประทาน,ระยะกล้า,ไม่ทราบพันธุ์ข้าว,0,ตัวเต็มวัย 2.3 ตัวเล็ก 0.6 กลุ่มไข่ 0.7,0,0,0,0,1.49,0,0,0,0,0,0,0,0,0,0,0,21.73,0,0,2.08,0,0,0,0,0,0,0,0,0,0,0
45651,สุโขทัย,16.988506000000001,100.020549,นาชลประทาน,แตกกอ,ไม่ทราบพันธุ์ข้าว,0,0,0,2.5,0,0,0,0,0,0,0,0,0,0,0,0,0,0,1.94,50.56,0,0,0,0,0,0,0,0,0,0,0,0,0
45651,สุโขทัย,16.988780999999999,100.020464,นาชลประทาน,แตกกอ,ไม่ทราบพันธุ์ข้าว,0,0,0,7.94,0,0,0,0,0,0,0,0,0,0,0,0,0,0,2.12,26.98,0,0,0,0,0,0,0,0,0,0,0,0,0
45558,พิษณุโลก,17.217493999999999,100.32529700000001,นาน้ำฝน,แตกกอ,ไม่ทราบพันธุ์ข้าว,0,0,0,0,0,0,0,0,0,0,0,0,0,0,0,0,0,0,7.1,0,0.75,0.56999999999999995,0,0,0,0,1.47,0,0,0,0,0,10,หญ้า
45558,พิษณุโลก,17.217244000000001,100.327071,นาน้ำฝน,แตกกอ,ไม่ทราบพันธุ์ข้าว,0,0,0,0,0,0,0,1.38,0,1.41,1.26,0,0,0,0,0,0,0,4.54,2.52,0,0,0,0,0,0,0,0,0,0,0,0,0
45558,พิษณุโลก,17.248035999999999,100.33076800000001,นาน้ำฝน,แตกกอ,ไม่ทราบพันธุ์ข้าว,0,0,0,0,0,0,0,0,0,0.96,0,0,0,0,0,0,0,0,2.57,0,0,0,0,0,0,0,0,0,0,0,0,0,0
45558,พิษณุโลก,17.248155000000001,100.328192,นาน้ำฝน,แตกกอ,ไม่ทราบพันธุ์ข้าว,0,0,0,0,0,0,0,2.41,0,1.44,1.85,0,0,0,0,0,0,0,3.87,0,0,0,0,0,0,0,0,0,0,0,0,0,0
45558,พิษณุโลก,17.163017,100.328559,นาน้ำฝน,แตกกอ,ไม่ทราบพันธุ์ข้าว,0,0,0,0,0,0,0,1.58,0,0,0,0,0,0,0,0,0,0,5.23,0,0,0,0,0,0,0,0,0,0,0,0,0,0
45561,พิจิตร,16.357932000000002,100.61872099999999,นาน้ำฝน,แตกกอ,ไม่ทราบพันธุ์ข้าว,0,0,0,0,0,0,0,0,0,2.65,0,0,0,0,0,0,0,0,8.25,0,1.47,2.64,0,0,0,0,0,0,0,0,0,0,35,หญ้า
45561,พิจิตร,16.353158000000001,100.612272,นาน้ำฝน,แตกกอ,ไม่ทราบพันธุ์ข้าว,0,0,0,0,0,0,0,0,0,2.23,0,0,0,0,0,0,0,0,6.58,0,0,0,0,0,0,0,0,0,0,0,0,0,25,หญ้า
45561,พิจิตร,16.336796,100.62197,นาน้ำฝน,แตกกอ,ไม่ทราบพันธุ์ข้าว,0,0,0,0,0,0,0,0,0,1.68,0,0,0,0,0,0,0,0,8.11,0,2.54,0,0,0,0,0,0,0,0,0,0,0,30,หญ้า
45565,สุโขทัย,17.253492000000001,99.714506,นาน้ำฝน,แตกกอ,ไม่ทราบพันธุ์ข้าว,0,0,0,0,0,0,0,1.53,0,0,0,0,0,0,0,0,0,0,5.52,0,1.33,0,0,0,0,0,0,0,0,0,0,0,10,หญ้า
45565,สุโขทัย,17.252267,99.707947000000004,นาน้ำฝน,แตกกอ,ไม่ทราบพันธุ์ข้าว,0,0,0,0,0,0,0,1.24,0,0,0,0,0,0,0,0,0,0,6.27,0,0,0,0,0,0,0,0,0,0,0,0,0,5,หญ้า
45565,สุโขทัย,17.284312,99.724430999999996,นาน้ำฝน,แตกกอ,ไม่ทราบพันธุ์ข้าว,0,0,0,0,0,0,0,2.1800000000000002,0,0,0,0,0,0,0,0,0,0,4.26,0,2.56,0,0,0,0,0,0,0,0,0,0,0,5,หญ้า
45596,พิจิตร,16.268505000000001,100.132698,นาน้ำฝน,แตกกอ,ไม่ทราบพันธุ์ข้าว,0,0,0.57999999999999996,0,0,0,0,0,0,1.73,0,0,0,0,0,0,0,0,4.62,0,0.14000000000000001,0.43,0,0,0,0,0,0,0,0,0,0,0
45596,พิจิตร,16.264686999999999,100.140474,นาน้ำฝน,แตกกอ,ไม่ทราบพันธุ์ข้าว,0,0,0,0,0,0,0,0,0,2.78,0,0,0,0,0,0,0,0,7.21,0,0.11,0,0,0,0,0,0,0,0,0,0,0,0
45596,พิจิตร,16.257168,100.134106,นาน้ำฝน,แตกกอ,ไม่ทราบพันธุ์ข้าว,0,0,0,0,0,0,0,1.5,0,0,0,0,0,0,0,0,0,0,6.25,0,0,2.15,0,0,0,0,0,0,0,0,0,0,0
45596,พิจิตร,16.254861999999999,100.156987,นาน้ำฝน,แตกกอ,ไม่ทราบพันธุ์ข้าว,0,0,0,0,0,0,0,0,0,0,0,0,0,0,0,0,0,0,3.74,0,1.21,0,0,0,0,0,0,0,0,0,0,0,0
45596,พิจิตร,16.247989,100.167908,นาน้ำฝน,แตกกอ,ไม่ทราบพันธุ์ข้าว,0,0,0,0,0,0,0,0.81,0,0,0,0,0,0,0,0,0,0,5.84,0,0,0,0,0,0,0,0,0,0,0,0,0,0
45596,พิจิตร,16.238489999999999,100.156982,นาน้ำฝน,แตกกอ,ไม่ทราบพันธุ์ข้าว,0,0,0,0,0,0,0,0,0,1.28,0,0,0,0,0,0,0,0,4.25,0,0,0,0,0,0,0,0,0,0,0,0,0,0
45622,พิจิตร,16.462871,100.134535,นาน้ำฝน,ออกรวง,ไม่ทราบพันธุ์ข้าว,0,0,0,0,0,0,0,0,0,5.0999999999999996,0,0,0,0,0,0,0,0,4.3499999999999996,0,0,0,0,5.74,0,0,0,0,0,0,0,0,0
45622,พิจิตร,16.454118999999999,100.135273,นาน้ำฝน,ออกรวง,ไม่ทราบพันธุ์ข้าว,0,0,0,0,0,0,0,2.02,2.34,0,0,0,0,0,0,0,0,0,7.18,0,0,1.76,0,12,0,0,0,0,0,0,0,0,0
45622,พิจิตร,16.439623999999998,100.136383,นาน้ำฝน,ออกรวง,ไม่ทราบพันธุ์ข้าว,0,0,0,0,0,0,0,0.87,0,0,0,0,0,0,0,0,0,0,9.36,0,0,1.25,0,20,0,0,0,0,0,0,0,0,0
45622,พิษณุโลก,16.877293000000002,100.378361,นาชลประทาน,แตกกอ,ไม่ทราบพันธุ์ข้าว,0,0,0.41,0,0,0,0,2.0299999999999998,0,2.54,0,0,0,0,0,0,0,0,3.57,0.24,0,0,0,0,0,0,0,0,0,0,0,0,0
45622,พิษณุโลก,16.877829999999999,100.383922,นาชลประทาน,แตกกอ,ไม่ทราบพันธุ์ข้าว,0,0,0,0,0,0,0,0,0,0.18,0,0,0,0,0,0,0,0,2.19,1.26,0,0,0,0,0,0,0,0,0,0,0,0,0
45638,พิษณุโลก,16.777231,100.389199,นาชลประทาน,แตกกอ,ไม่ทราบพันธุ์ข้าว,0,0,0,0,0,0,0,1.4,0,0,0,0,0,0,0,0,0,0,4.59,0,0,0,0,0,0,0,0,0,0,0,0,0,0
45638,พิษณุโลก,16.779305999999998,100.386943,นาชลประทาน,แตกกอ,ไม่ทราบพันธุ์ข้าว,0,0,2.2599999999999998,0,0,0,0,0,0,1.47,0,0,0,0,0,0,0,0,1.03,0.41,0,0,0,0,0,0,0,0,0,0,0,0,0
45638,พิษณุโลก,16.780462,100.36016600000001,นาชลประทาน,แตกกอ,ไม่ทราบพันธุ์ข้าว,0,0,0,0,0,0,0,0,0,2.16,0,0,0,0,0,0,0,0,3.61,0,0,0,0,0,0,0,0,0,0,0,0,0,0
45638,พิษณุโลก,16.787765,100.337124,นาชลประทาน,แตกกอ,ไม่ทราบพันธุ์ข้าว,0,0,0,0,0,0,0,0.78,0,2.64,0,0,0,0,0,0,0,0,3.37,0,0,0,0,0,0,0,0,0,0,0,0,0,0
45638,พิษณุโลก,16.777256999999999,100.341961,นาชลประทาน,แตกกอ,ไม่ทราบพันธุ์ข้าว,0,0,0,0,0,0,0,0,0,1.59,0,0,0,0,0,0,0,0,5.24,0.24,0.41,0,0,0,0,0,0,0,0,0,0,0,0
45651,สุโขทัย,16.985220000000002,100.006744,นาชลประทาน,แตกกอ,ไม่ทราบพันธุ์ข้าว,0,0,0,3.52,0,0,0,0,0,0,0,0,0,0,0,0,0,0,3.41,12.74,0,0,0,0,0,0,0,0,0,0,0,0,0
45651,สุโขทัย,16.983098999999999,100.000758,นาชลประทาน,แตกกอ,ไม่ทราบพันธุ์ข้าว,0,0,0,4.1500000000000004,0,0,0,0,0,0,0,0,0,0,0,0,0,0,1.85,17.25,0,0,0,0,0,0,0,0,0,0,0,0,0
45651,สุโขทัย,16.975562,99.986108999999999,นาชลประทาน,แตกกอ,ไม่ทราบพันธุ์ข้าว,0,0,0,5.24,0,0,0,0,0,0,0,0,0,0,0,0,0,0,1.87,9.14,0,0,0,0,0,0,0,0,0,0,0,0,0
45645,เชียงราย,19.806858999999999,99.705147999999994,นาชลประทาน,ระยะกล้า,ไม่ทราบพันธุ์ข้าว,0,0.1,0,0,0,0,0,0,0,0,0,0,0,0,0,0,0,0,0,0,0,0,0,0,0,0,0,0,0,0,0,0,0
45680,เชียงราย,19.515149999999998,99.726294999999993,นาชลประทาน,ออกดอก,กข26,10.42,0,0,0,2.5,0,0,0,0,0,0,0,0,0,0,0,0,0,40.94,3.96,0,0,0,0,0,0,0,0,0,0,0,0,10,กก,กกสามเหลี่ยม
45677,พัทลุง,7.5548599999999997,99.971651800000004,ข้าวไร่แซมยาพาราหรือปาล์มน้ำมัน,ออกรวง,เหนียวดำหมอ 37,0,0,0,0,0,0,0,0,0,0,0,0,0,0,0,0,7.9710000000000001,0,9.42,0,0,0,0,0,0,0,0,0,0,0,0,0,36.666699999999999,พืชใบเลี้ยงคู่ใบกว้าง,ไมยราบ
45678,พัทลุง,7.5548789999999997,99.971659000000002,ข้าวไร่แซมยาพาราหรือปาล์มน้ำมัน,ออกรวง,เหนียวดำหมอ 37,0,0,0,0,0,0,0,0,0,0,0,0,0,0,0,0,7.407,0,6.944,0,0,0,0,0,0,0,0,0,0,0,0,0,56.666699999999999,พืชใบเลี้ยงคู่ใบกว้าง,ไมยราบ
45679,พัทลุง,7.8629059000000003,99.957274499999997,ข้าวไร่แซมยาพาราหรือปาล์มน้ำมัน,ก่อนเก็บเกี่ยว,ข้าวเหนียวดำหมอ37,0,0,0,0,0,33.332999999999998,0,0,0,0,0,0,0,0,0,0,0,64.052000000000007,6.5359999999999996,0,0,0,0,0,0,0,0,0,0,0,0,0,20,พืชใบเลี้ยงคู่ใบกว้าง,ไมยราบ
45679,พัทลุง,7.8629059000000003,99.957274499999997,ข้าวไร่แซมยาพาราหรือปาล์มน้ำมัน,ก่อนเก็บเกี่ยว,เหนียวดำหมอ 37,0,0,0,0,0,71.795000000000002,0,0,0,0,0,0,0,0,0,0,5.7590000000000003,20.419,70.852999999999994,0,0,0,0,0,0,0,0,0,0,0,0,0,20,พืชใบเลี้ยงคู่ใบกว้าง,ไมยราบ
45679,พัทลุง,7.8654542999999997,99.9585261,ข้าวไร่แซมยาพาราหรือปาล์มน้ำมัน,ก่อนเก็บเกี่ยว,เหนียวดำหมอ 37,0,0,0,0,0,15.909000000000001,0,0,0,0,0,0,0,0,0,0,3.67,7.798,5.05,0,14.679,0,0,0,0,0,0,0,0,0,0,0,45,พืชใบเลี้ยงคู่ใบกว้าง,ไมยราบ
45679,พัทลุง,7.8653313999999996,99.958186100000006,ข้าวไร่แซมยาพาราหรือปาล์มน้ำมัน,ก่อนเก็บเกี่ยว,เหนียวดำหมอ 37,0,0,0,0,0,16.216000000000001,0,0,0,0,0,0,0,0,0,0,10.526,7.0179999999999998,22.806999999999999,0,14.035,0,0,0,0,0,0,0,0,0,0,0,45,พืชใบเลี้ยงคู่ใบกว้าง,ไมยราบ
45701,พัทลุง,7.6478859999999997,100.022278,นาน้ำฝน,ก่อนเก็บเกี่ยว,เล็บนก,0,0,0,0,0,0,0,0,0,0,0,0,0,0,0,0,0,0,7.194,0,0,0,0,0,0,0,0,0,0,0,0,0,56.666670000000003,หญ้า,หญ้านวลน้อย
45701,พัทลุง,7.6486390000000002,100.02336,นาน้ำฝน,ก่อนเก็บเกี่ยว,เล็บนก,0,0,0,0,0,0,0,0,0,0,0,0,0,0,0,0,3.5459999999999998,0,14.894,0,0,0,0,0,0,0,0,0,0,0,0,0,0,-
45701,พัทลุง,7.6628809999999996,100.019415,นาน้ำฝน,ก่อนเก็บเกี่ยว,เล็บนก,0,0,0,0,3,0,0,0,0,0,0,0,0,0,0,0,4.0369999999999999,0.93200000000000005,1.863,0,0,0,0,0,0,0,0,0,0,0,0,0,0,-
45701,พัทลุง,7.6559790000000003,99.989654999999999,นาน้ำฝน,ก่อนเก็บเกี่ยว,เล็บนก,0,0,0,0,2.02,1.01,0,0,0,0,0,0,0,0,0,0,1.9419999999999999,0,3.56,0,1.294,0,0,0,0,0,0,0,0,0,0,0,0,-
45701,พัทลุง,7.5714269999999999,91.157169999999994,ข้าวไร่แซมยาพาราหรือปาล์มน้ำมัน,ก่อนเก็บเกี่ยว,เหนียวดำหมอ 37,0,0,0,0,0,0,0,0,0,0,0,0,0,0,0,0,0,0,0,0,0,0,0,0,14.634,0,0,0,0,0,0,0,28.333300000000001,กก,กกขนาก
45701,พัทลุง,7.5723440000000002,99.957227000000003,ข้าวไร่แซมยาพาราหรือปาล์มน้ำมัน,ก่อนเก็บเกี่ยว,เหนียวดำหมอ 37,0,0,0,0,2.778,0,0,0,0,0,0,0,0,0,0,0,0,0,0,0,0,0,0,0,0,0,0,0,0,0,0,0,23.333300000000001,พืชใบเลี้ยงคู่ใบกว้าง,ไมยราพ
45701,พัทลุง,7.6479980000000003,100.02187000000001,นาน้ำฝน,ก่อนเก็บเกี่ยว,เล็บนก,0,0,0,0,6.452,22.581,0,0,0,0,0,0,0,0,0,0,4.7619999999999996,0.79400000000000004,17.46,0,0,0,0,16.129000000000001,0,0,0,0,0,0,0,0,20,หญ้า,หญ้าข้าวนก
45701,พัทลุง,7.6479520000000001,100.021737,นาน้ำฝน,ก่อนเก็บเกี่ยว,เล็บนก,0,0,0,0,2.1280000000000001,0,0,0,0,0,0,0,0,0,0,0,1.84,3.681,9.8160000000000007,1.2270000000000001,0,0,0,0,0,0,0,0,0,0,0,0,20,หญ้า,หญ้านวลน้อย
45701,พัทลุง,7.5920262000000003,100.03624809999999,นาชลประทาน,ตั้งท้อง,กข 55,0,0,0,0,0,0,0,0,0,0,0,0,0,0,0,0,0,0,7.1429999999999998,0,0,0,0,0,0,0,0,0,0,0,0,0,1.6666700000000001,กก,กกขนาก
45701,พัทลุง,7.5919720000000002,100.03611840000001,นาชลประทาน,ออกดอก,เล็บนก,0,0,0,0,0,0,0,0,0,0.755,0,0,0,0,0,0,0,0,20.754999999999999,0,0,0,0,0,0,0,0,0,0,0,0,0,1.6666700000000001,หญ้า,ข้าวนก
45701,พัทลุง,7.6629329999999998,100.019053,นาน้ำฝน,ก่อนเก็บเกี่ยว,เล็บนก,0,0,0,0,0,0,0,0,0,0,0,0,0,0,0,0,3,9,18,10,0,0,0,0,0,0,0,0,0,0,0,0,1.6666700000000001,หญ้า,ข้าวปน
45698,พัทลุง,7.5587869999999997,99.961428999999995,ข้าวไร่แซมยาพาราหรือปาล์มน้ำมัน,ก่อนเก็บเกี่ยว,เหนียวดำหมอ 37,0,0,0,0,0,0,0,0,0,0,0,0,0,0,0,0,25,0,32.292000000000002,0,0,0,0,0,0,0,0,0,0,0,0,0,45,พืชใบเลี้ยงคู่ใบกว้าง,ไมยราพ
45698,พัทลุง,7.5641220000000002,99.962565999999995,นาชลประทาน,ก่อนเก็บเกี่ยว,เล็บนก,0,0,0,0,0,0,0,0,0,0,0,0,0,0,0,0,20.69,0,40.229999999999997,0,0,0,0,0,0,0,0,0,0,0,0,0,5,หญ้า,หญ้าข้าวนก หญ้าแพรก
45699,พัทลุง,7.847499,99.954386,นาชลประทาน,ออกรวง,ปทุมธานี 1 ,0,0,0,0,11.111000000000001,10,0,0,0,4.5110000000000001,0,0,0,0,0,0,24.812000000000001,0,28.571000000000002,0,0,0,0,0,8.3330000000000002,0,0,0,0,0,1,0,0,หญ้า,หญ้าแดง
45699,พัทลุง,7.8547739999999999,99.969721000000007,นาน้ำฝน,ก่อนเก็บเกี่ยว,กข 81,0,0,0,0,9.0909999999999993,39.393999999999998,0,0,0,7.1429999999999998,0,0,0,0,0,0,12.5,0,31.251000000000001,0,0,0,0,45.454999999999998,0,0,0,0,0,0,0,0,5,พืชใบเลี้ยงคู่ใบกว้าง,เทียนนา
45699,พัทลุง,7.8489839999999997,99.948635999999993,นาน้ำฝน,ก่อนเก็บเกี่ยว,สังข์หยดพัทลุง,0,0,0,0,0,0,0,0,0,0,0,0,0,0,0,0,9.5690000000000008,0,16.745999999999999,0,0,0,0,0,0,0,0,0,0,0,0,0,5,พืชใบเลี้ยงคู่ใบกว้าง,สาบแร้งสาบกา
45699,พัทลุง,7.7045560000000002,100.10675500000001,นาชลประทาน,ระยะกล้า,กข 55,0,0,0,0,0,0,0,0,0,0,0,0,0,0,0,0,0,0,0,0,0,0,0,0,0,0,0,0,0,0,0,0,0,พืชใบเลี้ยงคู่ใบกว้าง,เทียนนา
45699,พัทลุง,7.7003570000000003,100.10619199999999,นาชลประทาน,ระยะกล้า,กข55,0,0,0,0,0,0,0,0,0,0,0,0,0,0,0,0,0,0,0,0,0,0,0,0,0,0,0,0,0,0,0,0,0,พืชใบเลี้ยงคู่ใบกว้าง,เทียนนา
45699,พัทลุง,7.700107,100.105946,นาชลประทาน,ระยะกล้า,กข55,0,0,0,0,0,0,0,0,0,0,0,0,0,0,0,0,0,0,0,0,0,0,0,0,0,0,0,0,0,0,0,0,0,กก,หนวดปลาดุก
45699,พัทลุง,7.7480770000000003,100.013203,นาน้ำฝน,ก่อนเก็บเกี่ยว,เล็บนก,0,0,0,0,1.389,0,0,0,0,0,0,0,0,0,0,0,0,0,32.421999999999997,0,0,0,0,0,0,0,0,0,0,0,0,0,5,หญ้า,หญ้าแพรก
45701,พัทลุง,7.6558409999999997,99.989510999999993,นาน้ำฝน,ก่อนเก็บเกี่ยว,เล็บนกปัตตานี,0,0,0,0,0,0,0,0,0,0.495,0,0,0,0,0,0,7.9210000000000003,13.366,6.931,3.4649999999999999,0,0,0,0,0,0,0,0,0,0,0,0,0
45701,พัทลุง,7.5917190000000003,100.03579499999999,นาชลประทาน,ตั้งท้อง,เล็บนกปัตตานี,0,0,0,0,5.2629999999999999,0,0,0,0,0.29099999999999998,0,0,0,0,0,0,0,2.6160000000000001,13.952999999999999,4.6150000000000002,0,0,0,0,0,0,0,0,0,0,0,0,5,กก,กกสามเหลี่ยม
45701,พัทลุง,7.5917130000000004,100.03601,นาชลประทาน,ตั้งท้อง,เล็บนกปัตตานี,0,0,0,0,0,0,0,0,0,0.439,0,0,0,0,0,0,1.3160000000000001,0,12.718999999999999,7.0179999999999998,0,0,0,0,0,0,0,0,0,0,0,0,0
45699,พัทลุง,7.7480770000000003,100.013203,นาน้ำฝน,ก่อนเก็บเกี่ยว,เล็บนกปัตานี,0,0,0,0,2,0,0,0,0,0,0,0,0,0,0,0,0,0,29.63,0,0,0,0,0,0,0,0,0,0,0,0,0,3,หญ้า,หญ้าดอกขาว
45701,พัทลุง,7.5731010000000003,99.956957000000003,ข้าวไร่แซมยาพาราหรือปาล์มน้ำมัน,ก่อนเก็บเกี่ยว,เหนียวดำหมอ 37,0,0,0,0,0,0,0,0,0,0,0,0,0,0,0,0,0,0,0,0,0,0.84,0,0,0,0,0,0,0,0,0,0,28.333333,กก,กกสามเหลี่ยม
45702,พัทลุง,7.7388190000000003,100.099827,นาชลประทาน,ระยะกล้า,กข55,0,3,0,0,0,0,0,0,0,0,0,0,0,0,0,0,0,0,0,0,0,0,0,0,0,0,0,0,0,0,0,0,20,กก,หนวดปลาดุก
45702,พัทลุง,7.7393830000000001,100.098299,นาชลประทาน,ระยะกล้า,กข61,0,2,0,0,0,0,0,0,0,0,0,0,0,0,0,0,0,0,0,0,0,0,0,0,0,0,0,0,0,0,0,0,15,กก,หนวดปลาดุก
45702,พัทลุง,7.7393980000000004,100.099311,นาชลประทาน,ระยะกล้า,กข55,0,2,0,0,0,0,0,0,0,0,0,0,0,0,0,0,0,0,0,0,0,0,0,0,0,0,0,0,0,0,0,0,3,กก,กกขนาบ
45702,พัทลุง,7.7404450000000002,100.09848,นาชลประทาน,ระยะกล้า,กข55,0,3,0,0,0,0,0,0,0,1,0,0,0,0,0,0,0,0,0,0,0,0,0,0,0,0,0,0,0,0,0,0,3,หญ้า,หญ้าดอกขาว
45702,พัทลุง,7.7408799999999998,100.099462,นาชลประทาน,ระยะกล้า,กข55,0,2,0,0,0,0,0,0,0,0,0,0,0,0,0,0,0,0,1,0,0,0,0,0,0,0,0,0,0,0,0,0,3,กก,กกเหลี่ยม
45702,พัทลุง,7.7413879999999997,100.098189,นาชลประทาน,ระยะกล้า,กข55,0,1,0,0,0,0,0,0,0,0,0,0,0,0,0,0,0,0,1,0,0,0,0,0,0,0,0,0,0,0,0,0,0
45702,พัทลุง,7.7476979999999998,100.012079,นาน้ำฝน,ก่อนเก็บเกี่ยว,เล็บนกปัตานี,0,0,0,0,2.97,0,0,0,0,0,0,0,0,0,0,0,0,0,22.25,0,0,1,0,0,0,0,0,0,0,0,0,0,2,กก,กกเหลี่ยม
45702,พัทลุง,7.7480909999999996,100.012946,นาน้ำฝน,ก่อนเก็บเกี่ยว,เล็บนกปัตานี,0,0,0,0,2.97,3,0,0,0,0,0,0,0,0,0,0,0,0,22.25,2,0,0,0,3,1,0,0,0,0,0,0,0,0,0
45702,พัทลุง,7.7476979999999998,100.012079,นาน้ำฝน,ก่อนเก็บเกี่ยว,เล็บนกปัตานี,0,0,0,0,3.19,0,0,0,0,0,0,0,0,0,0,0,4.1520000000000001,0,17.989999999999998,0,0,0,0,23,0,0,0,0,0,0,0,0,0,0
45702,พัทลุง,7.7386439999999999,100.09953,นาชลประทาน,ระยะกล้า,กข55,0,2,0,0,0,0,0,0,0,1.3,0,0,0,0,0,0,0,0,1.3,0,0,0,0,0,0,0,0,0,0,0,0,0,3,กก,หนวดปลาดุก
45702,พัทลุง,7.7392300000000001,100.098709,นาชลประทาน,ระยะกล้า,กข55,0,3,0,0,0,0,0,0,0,2,0,0,0,0,0,0,0,0,2,0,0,0,0,0,0,0,0,0,0,0,0,0,2,หญ้า,หญ้าดอกขาว
45698,พัทลุง,7.6972370000000003,100.057873,นาน้ำฝน,ก่อนเก็บเกี่ยว,ไรซ์เบอรี่,0,0,0,0,0,0,0,0,0,0,0,0,0,0,0,0,21.013999999999999,0,28.260999999999999,0,0,0,0,0,0,0,0,0,0,0,0,0,36.666699999999999,หญ้า,หญ้าแพรก
45698,พัทลุง,7.6971220000000002,100.0575,นาน้ำฝน,ก่อนเก็บเกี่ยว,ไรซ์เบอรี่,0,0,0,0,0,0,0,0,0,0,0,0,0,0,0,0,6.5119999999999996,0,13.279,0,0,0,0,0,0,0,0,0,0,0,0,0,45,กก,กกสามเหลี่ยม
45699,พัทลุง,7.6678439999999997,100.067694,นาชลประทาน,ก่อนเก็บเกี่ยว,กข.81,0,0,0,0,0,0,0,0,0,0,0,0,0,0,0,0,5.556,3.8889999999999998,8.8889999999999993,0,0,0,0,0,0,0,0,0,0,0,0,0,5,หญ้า,หญ้าข้าวนก
45698,พัทลุง,7.6672038999999996,100.06798670000001,นาชลประทาน,ก่อนเก็บเกี่ยว,กข.81,0,0,0,0,0,0,0,0,0,0,0,0,0,0,0,0,2.0830000000000002,7.9169999999999998,2.0830000000000002,0,0,0,0,0,0,0,0,0,0,0,0,0,20,กก,กกสามเหลี่ยม
45707,พัทลุง,7.5613760000000001,100.11901,นาน้ำฝน,ก่อนเก็บเกี่ยว,สังข์หยดพัทลุง,0,0,0,0,0,0,0,0,0,0,0,0,0,0,0,0,3.54,0,5.31,0,0,0,0,13.115,0,0,0,0,0,0,0,0,5,หญ้า,ข้าวนก
45707,พัทลุง,7.5608409999999999,100.11897399999999,นาน้ำฝน,ก่อนเก็บเกี่ยว,สังข์หยดพัทลุง,0,0,0,0,0,0,0,0,0,0,0,0,0,0,0,0,3.7429999999999999,0,10.16,0,0,0,0,18.367000000000001,0,0,0,0,0,0,0,0,5,หญ้า,หญ้าตีนนก
45707,พัทลุง,7.5611439999999996,100.119484,นาน้ำฝน,ก่อนเก็บเกี่ยว,สังข์หยดพัทลุง,0,0,0,0,0,0,0,0,0,0,0,0,0,0,0,0,0,0,9.5540000000000003,0,0,0,0,0,0,0,0,0,0,0,0,0,20,พืชใบเลี้ยงคู่ใบกว้าง,เทียนนา
45707,พัทลุง,7.557156,100.095561,นาน้ำฝน,ก่อนเก็บเกี่ยว,เล็บนกปัตตานี,0,0,0,0,0,0,0,0,0,0,0,0,0,0,0,0,0,0,8.3330000000000002,0,0,0,0,14,0,0,0,0,0,0,0,0,5,หญ้า,หญ้าข้าวนก
45707,พัทลุง,7.5566459999999998,100.090699,นาน้ำฝน,ก่อนเก็บเกี่ยว,เล็บนกปัตตานี,0,0,0,0,0,0,0,0,0,0,0,0,0,0,0,0,0,0,7.0629999999999997,0,0,0,0,9.859,0,0,0,0,0,0,0,0,5,หญ้า,หญ้าแดง
45707,พัทลุง,7.5748319999999998,100.080555,นาน้ำฝน,ก่อนเก็บเกี่ยว,เล็บนกปัตตานี,0,0,0,0,0,0,0,0,0,0,0,0,0,0,0,0,0,0,8.2569999999999997,0,0,0,0,20,0,0,0,0,0,0,0,0,45,พืชใบเลี้ยงคู่ใบกว้าง,ตาลปัตรฤาษี
45674,เชียงราย,19.854975,99.794606999999999,นาชลประทาน,ระยะกล้า,ไม่ทราบพันธุ์ข้าว,0,0,0,0,0,0,0,0,0,0,0,0,0.1,0,0,0,0,0,7.89,0,0,0,0,0,0,0,0,0,0,0,0,0,3.33,หญ้า
45674,เชียงราย,19.858229999999999,99.800935999999993,นาชลประทาน,ระยะกล้า,ไม่ทราบพันธุ์ข้าว,0,0.1,0,0,0,0,0,0,0,0,0,0,0,0,0,0,0,0,1.82,0,0,0,0,0,0,0,0,0,0,0,0,0,1.67,หญ้า
45674,เชียงราย,19.819808999999999,99.773401000000007,นาชลประทาน,ระยะกล้า,ไม่ทราบพันธุ์ข้าว,0,0,0,0,0,0,0,0,0,0,0,0,0.1,0,0,0,0,0,0,0,0,0,0,0,0,0,0,0,0,0,0,0,0
45674,เชียงราย,19.609953000000001,99.702811999999994,นาชลประทาน,ระยะกล้า,ไม่ทราบพันธุ์ข้าว,0,0,0,0,0,0,0,0,0,0,0,0,0,0,0,0,0,0,6.98,0,0,0,0,0,0,0,0,0,0,0,0,0,1.67,พืชใบเลี้ยงคู่ใบกว้าง
45677,พะเยา,19.430185000000002,99.790246999999994,นาชลประทาน,ระยะกล้า,กข79,0,0,0,0,0,0,0,0,0,0,0,0,0,0,0,0,0,0,3.9,1.95,0,0,0,0,0,0,0,0,0,0,0,0,0
45677,พะเยา,19.428370999999999,99.780861999999999,นาชลประทาน,ระยะกล้า,ไม่ทราบพันธุ์ข้าว,0,0,0,0,0,0,0,0,0,0,0,0,0,0,0,0,0,0,1.51,0,0,0,0,0,0,0,0,0,0,0,0,0,0
45677,พะเยา,19.137160000000002,99.875791000000007,นาชลประทาน,ระยะกล้า,ไม่ทราบพันธุ์ข้าว,0,0,0,0,0,0,0,0,0,0,0,0,0,0,0,0,0,0,7.78,0,0,0,0,0,0,0,0,0,0,0,0,0,0
45677,พะเยา,19.137356,99.887304,นาชลประทาน,ระยะกล้า,ไม่ทราบพันธุ์ข้าว,0,0.1,0,0,0,0,0,0,0,0,0,0,0,0,0,0,0,0,0.33,0,0,0,0,0,0,0,0,0,0,0,0,0,0
45677,พะเยา,19.183271000000001,99.961326999999997,นาชลประทาน,ระยะกล้า,ไม่ทราบพันธุ์ข้าว,0,0,0,0,0,0,0,0,0,0,0,0,0,0,0,0,0,0,1.06,0,0,0,0,0,0,0,0,0,0,0,0,0,3.33,กก,หนวดปลาดุก
45677,พะเยา,19.184083999999999,99.952110000000005,นาชลประทาน,ระยะกล้า,กข79,0,0,0,0,0,0,0,0,0,0,0,0,0,0,0,0,0,0,1.3,0,0,0,0,0,0,0,0,0,0,0,0,0,3.33,กก,หนวดปลาดุก
45677,พะเยา,19.219899000000002,99.975078999999994,นาชลประทาน,ระยะกล้า,ไม่ทราบพันธุ์ข้าว,0,0,0,0,0,0,0,0,0,0,0,0,0,0,0,0,0,0,1.2,0,0,0,0,0,0,0,0,0,0,0,0,0,0
45677,พะเยา,19.226016999999999,99.974062000000004,นาชลประทาน,ระยะกล้า,ไม่ทราบพันธุ์ข้าว,0,0,0,0,0,0,0,0,0,0,0,0,0,0,0,0,0,0,4.26,0,0,0,0,0,0,0,0,0,0,0,0,0,0
45686,ลำปาง,18.396941999999999,99.596906000000004,นาชลประทาน,ระยะกล้า,สันป่าตอง 1,0,0,0,0,0,0,0,0,0,0,0,0,0,0,0,0,0,0,9.32,0,0,0,0,0,0,0,0,0,0,0,0,0,3.33,หญ้า
45686,ลำปาง,18.397386999999998,99.592696000000004,นาชลประทาน,ระยะกล้า,สันป่าตอง 1,0,0.2,0,0,0,0,0,0,0,0,0,0,0,0,0,0,0,0,4.3499999999999996,0,0,0,0,0,0,0,0,0,0,0,0,0,3.33,หญ้า
45686,ลำปาง,18.396256999999999,99.589263000000003,นาชลประทาน,ระยะกล้า,สันป่าตอง 1,0,0,0,0,0,0,0,0,0,0,0,0,0,0,0,0,0,0,0,0,0,0,0,0,0,0,0,0,0,0,0,0,0
45686,ลำปาง,18.383262999999999,99.600010400000002,นาชลประทาน,ระยะกล้า,สันป่าตอง 1,0,0,0,0,0,0,0,0,0,0,0,0,0,0,0,0,0,0,1.68,0,0,0,0,0,0,0,0,0,0,0,0,0,3.33,หญ้า
45687,เชียงราย,19.589421000000002,99.720431000000005,นาชลประทาน,แตกกอ,ก.วก.2,0,0.3,0,0,0,0,1.51,0,0,0,0,0,0,0,0,0,0,0,1.67,0,0,0,0,0,0,0,0,0,0,0,0,0,0
45687,เชียงราย,19.522078,99.734549000000001,นาชลประทาน,ระยะกล้า,ไม่ทราบพันธุ์ข้าว,0,0.1,0,0,0,0,0,0,0,0,0,0,0,0,0,0,0,0,0,0,0,0,0,0,0,0,0,0,0,0,0,0,1.67,หญ้า
45687,เชียงราย,19.524609999999999,99.733086,นาชลประทาน,แตกกอ,ไม่ทราบพันธุ์ข้าว,0,0,0,0,0,0,0,0,0,0,0,0,0,0,0,0,0,0,1.6,0,0,0,4.05,0,0,0,0,0,0,0,0,0,3.33,หญ้า
45692,นครพนม,17.496865,104.10066500000001,นาชลประทาน,ระยะกล้า,CP888,0,0,0,0,0,0,0,0,0,0,0,0,0,0,0,0,0,0,6.75,0,0,0.36,0,0,0,0,0,0,0,0,0,0,0
45692,นครพนม,17.497392999999999,104.10244899999999,นาชลประทาน,ระยะกล้า,Cp888,0,0,0,0,0,0,0,0,0,0,0,0,0,0,0,0,0,0,1.59,0,0,0.26,0,0,0,0,0,0,0,0,0,0,0
45692,นครพนม,17.497085999999999,104.102879,นาชลประทาน,ระยะกล้า,Cp888,0,0,0,0,0,0,0,0,0,0,0,0,0,0,0,0,0,0,3.3,0,0,0.24,0,0,0,0,0,0,0,0,0,0,0
45692,นครพนม,17.647127999999999,104.19877700000001,นาชลประทาน,ระยะกล้า,พิษณุโลก,0,0,0,0,0,0,0,0,0,0,0,0,0,0,0,0,0,0,2.23,0,0,0,0,0,0,0,0,0,0,0,0,0,5
45692,นครพนม,17.647038999999999,104.19812400000001,นาชลประทาน,ระยะกล้า,พิษณุโลก,0,0,0,0,0,0,0,0,0,0,0,0,0,0,0,0,0,0,2,0,0,0,0,0,0,0,0,0,0,0,0,0,5
45692,นครพนม,17.608485999999999,104.23976999999999,นาชลประทาน,ระยะกล้า,กข10,0,0,0,0,0,0,0,0,0,0,0,0,0,0,0,0,0,0,10.42,0,0,1.19,0,0,0,0,0,0,0,0,0,0,0
45692,นครพนม,17.606421999999998,104.23362,นาชลประทาน,ระยะกล้า,ข้าวเหนียว,0,0,0,0,0,0,0,0,0,0,0,0,0,0,0,0,0,0,0.77,0,0,0,0,0,0,0,0,0,0,0,0,0,0
45693,นครพนม,17.104413999999998,104.609396,นาชลประทาน,ระยะกล้า,กข12,0,0,0,0,0,0,0,0,0,0,0,0,0,0,0,0,0,0,3.48,0,0,0,0,0,0,0,0,0,0,0,0,0,0
45693,นครพนม,17.104023999999999,104.609475,นาชลประทาน,ระยะกล้า,กข22,0,0,0,0,0,0,0,0,0,0,0,0,0,0,0,0,0,0,0.91,0,0,0.61,0,0,0,0,0,0,0,0,0,0,0
45693,นครพนม,14.602399999999999,104.54500400000001,นาชลประทาน,ระยะกล้า,ข้าวเหนียว,0,0,0,0,0,0,0,0,0,0,0,0,0,0,0,0,0,0,1.06,0,0,0,0,0,0,0,0,0,0,0,0,0,80,หญ้า,แห้วหมู
45693,นครพนม,17.602298000000001,104.545101,นาชลประทาน,ระยะกล้า,ข้าวเหนียว,0,0,0,0,0,0,0,0,0,0,0,0,0,0,0,0,0,0,5.92,0,0,0.33,0,0,0,0,0,0,0,0,0,0,80,หญ้า,แห้วหมู
45693,นครพนม,17.602018000000001,104.54564000000001,นาชลประทาน,ระยะกล้า,ข้าวเหนียว,0,0,0,0,0,0,0,0,0,0,0,0,0,0,0,0,0,0,6.19,0,0,0,0,0,0,0,0,0,0,0,0,0,80,หญ้า,แห้วหมู
45694,สกลนคร,17.271004999999999,103.96150400000001,นาชลประทาน,ระยะกล้า,เล้าแตก,0,0,0,0,0,0,0,0,0,0,0,0,0,0,0,0,0,0,4.51,0,0,2.46,0,0,0,0,0,0,0,0,0,0,0
45694,สกลนคร,17.272303000000001,103.961775,นาชลประทาน,ระยะกล้า,เล้าแตก,0,0,0,0,0,0,0,0,0,0,0,0,0,0,0,0,0,0,0.33,0,0,0,0,0,0,0,0,0,0,0,0,0,5,กก,หนวดปลาดุก
45694,สกลนคร,17.284866999999998,103.96150400000001,นาชลประทาน,ระยะกล้า,เล้าแตก,0,21,0,0,0,0,0,0,0,0,0,0,0,0,0,0,0,0,2.04,0,0,0,0,0,0,0,0,0,0,0,0,0,0
45694,สกลนคร,17.284790000000001,103.95518,นาชลประทาน,ระยะกล้า,กข22,0,0,0,0,0,0,0,0,0,0,0,0,0,0,0,0,0,0,0.24,0,0,0,0,0,0,0,0,0,0,0,0,0,0
45694,สกลนคร,17.184597,103.960221,นาชลประทาน,ระยะกล้า,กข22,0,0,0,0,0,0,0,0,0,0,0,0,0,0,0,0,0,0,0.44,0,0,0,0,0,0,0,0,0,0,0,0,0,0
45694,สกลนคร,17.285340000000001,103.96002,นาชลประทาน,ระยะกล้า,เล้าแตก,0,0,0,0,0,0,0,0,0,0,0,0,0,0,0,0,0,0,1.76,0,0,0,0,0,0,0,0,0,0,0,0,0,0
45695,สกลนคร,17.356387000000002,103.760611,นาชลประทาน,ระยะกล้า,กข22,0,9,0,0,0,0,0,0,0,0,0,0,0,0,0,0,0,0,0,0,0,0,0,0,0,0,0,0,0,0,0,0,0
45695,สกลนคร,17.360007,103.755002,นาชลประทาน,ระยะกล้า,กข22,0,0,0,0,0,0,0,0,0,0,0,0,0,0,0,0,0,0,1.62,0,0,0.65,0,0,0,0,0,0,0,0,0,0,0
45695,สกลนคร,17.345996,103.760516,นาชลประทาน,ระยะกล้า,กข22,0,0,0,0,0,0,0,0,0,0,0,0,0,0,0,0,0,0,0.5,0,0,0,0,0,0,0,0,0,0,0,0,0,0
45695,สกลนคร,17.340381000000001,103.770636,นาชลประทาน,ระยะกล้า,เขี้ยวงู,0,22,0,0,0,0,0,0,0,0,0,0,0,0,0,0,0,0,0,0,0,0,0,0,0,0,0,0,0,0,0,0,0
45695,สกลนคร,17.340381000000001,103.770636,นาชลประทาน,ระยะกล้า,กข22,0,0,0,0,0,0,0,0,0,0,0,0,0,0,0,0,0,0,0.28999999999999998,0,0,0.28999999999999998,0,0,0,0,0,0,0,0,0,0,0
45695,สกลนคร,17.353242999999999,103.77884,นาชลประทาน,ระยะกล้า,กข22,0,0,0,0,0,0,0,0,0,0,0,0,0,0,0,0,0,0,0.32,0,0,0,0,0,0,0,0,0,0,0,0,0,0
45684,พิจิตร,16.640778000000001,100.278977,นาชลประทาน,แตกกอ,ไม่ทราบพันธุ์ข้าว,0,0,0,6.62,0,0,0,0.61,0,0.49,0,0,0,0,0,0,0,0,20.09,0,0,0,0,0,0,0,0,0,0,0,0,0,0
45684,พิจิตร,16.640854000000001,100.278989,นาชลประทาน,แตกกอ,ไม่ทราบพันธุ์ข้าว,0,0,0.56999999999999995,3.22,0,0,0,0,0,0.95,0,0,0,0,0,0,0,0,19.510000000000002,9.4700000000000006,0,1.1399999999999999,0,0,0,0,0,0,0,0,0,0,0
45684,พิจิตร,16.636129,100.270929,นาชลประทาน,แตกกอ,ไม่ทราบพันธุ์ข้าว,0,0,0,5.17,0,0,0,0,0,0.67,0,0,0,0,0,0,0,0,11.17,7.83,0.17,1.01,0,0,0,0,0,0,0,0,0,0,0
45684,พิจิตร,16.633548999999999,100.265489,นาชลประทาน,แตกกอ,ไม่ทราบพันธุ์ข้าว,0,0,0,3.87,0,0,0,0,0,0,0,0,0,0,0,0,0,0,0,10.25,0,0,0,0,0,0,0,0,0,0,0,0,0
45684,พิจิตร,16.631143000000002,100.262677,นาชลประทาน,แตกกอ,ไม่ทราบพันธุ์ข้าว,0,0,0,0,0,0,0,2.11,0,0.51,0,0,0,0,0,0,0,0,5.68,0,0,0,0,0,0,0,0,0,0,0,0,0,10
45684,พิจิตร,16.62846,100.261668,นาชลประทาน,แตกกอ,ไม่ทราบพันธุ์ข้าว,0,0,0,0,0,0,0,1.1399999999999999,0,0,0,0,0,0,0,0,0,0,4.67,0,0,0,0,0,0,0,0,0,0,0,0,0,5
45684,พิจิตร,16.627185000000001,100.26915700000001,นาชลประทาน,แตกกอ,ไม่ทราบพันธุ์ข้าว,0,0,0,5.58,0,0,0,0,0,0,0,0,0,0,0,0,0,0,0,3.84,0,0,0,0,0,0,0,0,0,0,0,0,0
45684,พิจิตร,16.689931999999999,100.30508500000001,นาชลประทาน,ออกรวง,ไม่ทราบพันธุ์ข้าว,0,0,0,6.08,0,0,0,0,0,0.68,0,0,0,0,0,0,0,0,4.05,6.76,0.95,1.08,0,18.920000000000002,0,0,0,0,0,0,0,0,0
45684,พิจิตร,16.684353000000002,100.340603,นาชลประทาน,แตกกอ,ไม่ทราบพันธุ์ข้าว,0,0,0,5.93,0,0,0,0.64,0,0.96,0,0,0,0,0,0,0,0,8.17,3.69,0,0.96,0,0,0,0,0,0,0,0,0,0,0
45684,พิจิตร,16.689468000000002,100.339198,นาชลประทาน,แตกกอ,ไม่ทราบพันธุ์ข้าว,0,0,0,0,0,0,0,0,0,1.54,0,0,0,0,0,0,0,0,0,2.59,1.52,0,0,0,0,0,0,0,0,0,0,0,0
45684,พิจิตร,16.691739999999999,100.340872,นาชลประทาน,แตกกอ,ไม่ทราบพันธุ์ข้าว,0,0,0,2.67,0,0,0,0,0,2.35,0,0,0,0,0,0,0,0,0,3.21,0,0,0,0,0,0,0,0,0,0,0,0,0
45684,พิจิตร,16.690988999999998,100.335443,นาชลประทาน,แตกกอ,ไม่ทราบพันธุ์ข้าว,0,0,0,0,0,0,0,0,0,0,0,0,0,0,0,0,0,0,2.76,11.51,0,0,0,0,0,0,0,0,0,0,0,0,0
45684,พิจิตร,16.692993000000001,100.336462,นาชลประทาน,แตกกอ,ไม่ทราบพันธุ์ข้าว,0,0,0,0.87,0,0,0,0,0,0,0,0,0,0,0,0,0,0,7.54,0,0,0,0,0,0,0,0,0,0,0,0,0,10
45684,พิจิตร,16.682202,100.346451,นาชลประทาน,แตกกอ,ไม่ทราบพันธุ์ข้าว,0,0,0,2.67,0,0,0,0,0,0,0,0,0,0,0,0,0,0,2.14,8.4700000000000006,0,1.1100000000000001,0,0,0,0,0,0,0,0,0,0,20
45684,พิจิตร,16.677309999999999,100.349186,นาชลประทาน,แตกกอ,ไม่ทราบพันธุ์ข้าว,0,0,0.14000000000000001,2.57,0,0,0,2.1,0,3.6,0,0,0,0,0,0,0,0,6.75,0,0.31,4.67,0,0,0,0,0,0,0,0,0,0,0
45715,พิจิตร,16.562279,100.094902,นาชลประทาน,แตกกอ,ไม่ทราบพันธุ์ข้าว,0,0,0,0,0,0,0,0.81,0,0,7.46,0,0,0,0,0,0,0,4.4400000000000004,0,0,0.6,0,0,0,0,0,0,0,0,0,0,0
45715,พิจิตร,16.55829,100.096222,นาชลประทาน,แตกกอ,ไม่ทราบพันธุ์ข้าว,0,0,0,9.18,0,0,0,1.1299999999999999,0,0.14000000000000001,0,0,0,0,0,0,0,0,20.059999999999999,4.66,0.42,6.21,0,0,0,0,0,0,0,0,0,0,0
45715,พิจิตร,16.549168999999999,100.104822,นาชลประทาน,แตกกอ,ไม่ทราบพันธุ์ข้าว,0,0,0,5.5,0,0,0,0,0,0,0.83,0,0,0,0,0,0,0,0,0,0,3.83,0,0,0,0,0,0,0,0,0,0,0
45715,พิจิตร,16.544034,100.128165,นาชลประทาน,แตกกอ,ไม่ทราบพันธุ์ข้าว,0,0,0,3.14,0,0,0,0.65,0,0.39,0.13,0,0,0,0,0,0,0,7.46,17.93,0,0.79,0,0,0,0,0,0,0,0,0,0,0
45715,พิจิตร,16.534573000000002,100.141688,นาชลประทาน,แตกกอ,ไม่ทราบพันธุ์ข้าว,0,0,0,3.83,0,0,0,0.73,0,0.18,1.46,0,0,0,0,0,0,0,12.04,3.65,0,0,0,0,0,0,0,0,0,0,0,0,0
45715,พิจิตร,16.556425000000001,100.098123,นาชลประทาน,แตกกอ,ไม่ทราบพันธุ์ข้าว,0,0,0,3.75,0,0,0,0.98,0,0.76,2.72,0,0,0,0,0,0,0,12.72,0.72,0,0,0,0,0,0,0,0,0,0,0,0,0
45715,พิจิตร,16.549842999999999,100.10447499999999,นาชลประทาน,แตกกอ,ไม่ทราบพันธุ์ข้าว,0,0,0.18,0,0,0,0,3.72,0,2.2400000000000002,0,0,0,0,0,0,0,0,2.71,10.57,0.47,0,0,0,0,0,0,0,0,0,0,0,0
45715,พิจิตร,16.547663,100.10673800000001,นาชลประทาน,แตกกอ,ไม่ทราบพันธุ์ข้าว,0,0,0,0,0,0,0,5.14,0,1.68,0,0,0,0,0,0,0,0,10.19,2.13,0,0,0,0,0,0,0,0,0,0,0,0,0
45715,พิจิตร,16.545832000000001,100.10341200000001,นาชลประทาน,แตกกอ,ไม่ทราบพันธุ์ข้าว,0,0,1.44,0,0,0,0,1.48,0,0.47,0,0,0,0,0,0,0,0,3.16,0.27,0.71,0.82,0,0,0,0,0,0,0,0,0,0,0
45715,พิจิตร,16.54429,100.125696,นาชลประทาน,แตกกอ,ไม่ทราบพันธุ์ข้าว,0,0,0,0,0,0,0,1.56,0,0.44,0,0,0,0,0,0,0,0,6.15,0.37,0,0,0,0,0,0,0,0,0,0,0,0,0
45715,พิจิตร,16.522727,100.125338,นาชลประทาน,แตกกอ,ไม่ทราบพันธุ์ข้าว,0,0,0,0,0,0,0,1.01,0,0,0,0,0,0,0,0,0,0,2.4500000000000002,0,0.47,0.87,0,0,0,0,0,0,0,0,0,0,0
45715,พิจิตร,16.522357,100.12051,นาชลประทาน,แตกกอ,ไม่ทราบพันธุ์ข้าว,0,0,0,2.59,0,0,0,0,0,1.65,0,0,0,0,0,0,0,0,0,4.18,0,0,0,0,0,0,0,0,0,0,0,0,0
45715,พิจิตร,16.521080999999999,100.117935,นาชลประทาน,แตกกอ,ไม่ทราบพันธุ์ข้าว,0,0,0,0,0,0,0,1.75,0,0,0,0,0,0,0,0,0,0,5.98,0,0,0,0,0,0,0,0,0,0,0,0,0,20
45715,พิจิตร,16.532395999999999,100.083624,นาชลประทาน,แตกกอ,ไม่ทราบพันธุ์ข้าว,0,0,0.17,0,0,0,0,2.5299999999999998,0,0.55000000000000004,0,0,0,0,0,0,0,0,4.29,0,0,0,0,0,0,0,0,0,0,0,0,0,10
45715,พิจิตร,16.529834999999999,100.08127399999999,นาชลประทาน,แตกกอ,ไม่ทราบพันธุ์ข้าว,0,0,0,0,0,0,0,0.77,0,0,0,0,0,0,0,0,0,0,7.51,0,0,0.92,0,0,0,0,0,0,0,0,0,0,0
45713,เชียงราย,19.532661000000001,99.727637999999999,นาชลประทาน,แตกกอ,ไม่ทราบพันธุ์ข้าว,0,0,0,0,0,0,8.56,0,0,0,0,0,0,0,0,0,0,0,0.31,0.61,0,0,0,0,0,0,0,0,0,0,0,0,0
45713,เชียงราย,19.534873000000001,99.734950999999995,นาชลประทาน,แตกกอ,ไม่ทราบพันธุ์ข้าว,0,0,0,0,0,0,0,0,0,0,0,0,0,0,0,0,0,0,0,0,0,0,0,0,0,0,0,0,0,0,0,0,5,หญ้า
45716,แพร่,18.026381000000001,100.08809100000001,นาชลประทาน,แตกกอ,สันป่าตอง 1,0,0,0,0,0,0,0,0,0,0,0,0,0,0,0,0,0,0,7.69,0,0,0,0,0,0,0,0,0,0,0,0,0,3.33,กก
45716,แพร่,18.024771999999999,100.09482199999999,นาชลประทาน,แตกกอ,สันป่าตอง 1,0,0,0,0,0,0,0,0,0,0,0,0.3,0,0,0,0,0,0,15.61,3.9,0,0,0,0,0,0,0,0,0,0,0,0,8.33,กก
45716,แพร่,18.247226000000001,100.23195200000001,นาชลประทาน,แตกกอ,ไม่ทราบพันธุ์ข้าว,0,0,0,0,0,0,0,0,0,0,0,0.2,0,0,0,0,0,0,12.41,3.29,0,0,0,0,0,0,0,0,0,0,0,0,5,หญ้า
45716,แพร่,18.253843,100.236458,นาชลประทาน,แตกกอ,ไม่ทราบพันธุ์ข้าว,0,0,0,0,0,0,0,0,0,0,0,0.1,0.1,0,0,0,0,0,28.3,2.98,0,0,0,0,0,0,0,0,0,0,0,0,5,หญ้า
45716,แพร่,18.267171999999999,100.203052,นาชลประทาน,ตั้งท้อง,ไม่ทราบพันธุ์ข้าว,0,0,0,0,0,0,0,0,0,0,0,0,0,0,0,0,0,0,29.85,0,0,0,0,0,0,0,0,0,0,0,0,0,5,พืชใบเลี้ยงคู่ใบกว้าง,ผักปอดนา
45432,พระนครศรีอยุธยา,14.406588060000001,100.65374869999999,นาชลประทาน,ระยะกล้า,ไม่ทราบพันธุ์ข้าว,0,0,2.2200000000000002,0,8.89,0,0,0,0,0,0,0,0,0,0,0,0,0,0,0,0,0,0,0,0,0,0,0,0,0,0,0,0
45432,พระนครศรีอยุธยา,14.468728,100.49845500000001,นาชลประทาน,แตกกอ,ไม่ทราบพันธุ์ข้าว,0,0,0,0,0,0,2.75,0,0,72.16,0,0,0,0,0,0,0,0,0,0,0,0,0,0,0,0,0,0,0,0,0,0,0
45432,พระนครศรีอยุธยา,14.468728,100.49845500000001,นาชลประทาน,แตกกอ,ไม่ทราบพันธุ์ข้าว,0,0,0,0,0,0,0,1.85,0,52.96,0,0,0,0,0,0,0,0,0,0,0,0,0,0,0,0,0,0,0,0,0,0,0
45432,พระนครศรีอยุธยา,14.468728,100.49845500000001,นาชลประทาน,แตกกอ,ไม่ทราบพันธุ์ข้าว,0,0,0,0,0,0,2.2200000000000002,0,0,7.62,0,0,0,0,0,0,0,0,0,0,0,0,0,0,0,0,0,0,0,0,0,0,0
45432,สุพรรณบุรี,14.508608000000001,99.972802000000001,นาชลประทาน,ระยะกล้า,ไม่ทราบพันธุ์ข้าว,0,0,0,0,0,0,6.36,0,0,17.27,0,0,0,0,0,0,0,0,0,0,0,2.73,0,0,0,0,0,0,0,0,0,0,0
45432,สุพรรณบุรี,14.517504300000001,99.970557999999997,นาชลประทาน,แตกกอ,ไม่ทราบพันธุ์ข้าว,0,0,0,0,0,0,2.15,0,0,12,0,0,0,0,0,0,0,0,0,0,0,0,0,0,0,0,0,0,0,0,0,0,0
45610,ฉะเชิงเทรา,13.867708,101.144564,นาชลประทาน,ระยะกล้า,ไม่ทราบพันธุ์ข้าว,0,0,0,0,0,0,0,0.3,0,0,0,0,0,0,0,0,0,0,0.6,0,0,0,0,0,0,0,0,0,0,0,0,0,0
45615,สระบุรี,14.454516,100.85077,นาชลประทาน,ออกรวง,ไม่ทราบพันธุ์ข้าว,0,0,0,0,0.97,0,0,0,0,5.78,0,0,0,0,0,0,0,0,0.72,0,0,0,0,42.72,0,0,0,0,0,0,0,0,5,หญ้า,หญ้าแดง
45615,สระบุรี,14.46055,100.859336,นาชลประทาน,ก่อนเก็บเกี่ยว,กข79,0,0,0,0,0,0,0,0,0,4.12,0,0,0,0,0,0,0,0,10.11,0,0,0,0,70.27,0,0,0,21.62,0,0,0,0,3.33,หญ้า,หญ้าแดง
45615,สระบุรี,14.460947000000001,100.860001,นาชลประทาน,ระยะกล้า,ไม่ทราบพันธุ์ข้าว,0,0,0,0,0,0,0,0,0,0,0,0,0,0,0,0,0,0,0,0,0,0,0,0,0,0,0,0,0,0,0,0,5,ผักบุ้ง ผักปอดนา
45729,เชียงราย,20.201627999999999,99.864393000000007,นาชลประทาน,แตกกอ,ไม่ทราบพันธุ์ข้าว,0,0,0,0,0,0,0,0,0,0,0,0,0,0,0,0,0,0,4.5,0,0,0,0,0,0,0,0,0,0,0,0,0,5,พืชใบเลี้ยงคู่ใบกว้าง,ผักปอดนา
45729,เชียงราย,20.201082,99.866226999999995,นาชลประทาน,แตกกอ,ไม่ทราบพันธุ์ข้าว,0,0,0,0,0,0,10.119999999999999,0,0,0,0,0,0,0,0,0,0,0,2.89,0,0,0,0,0,0,0,0,0,0,0,0,0,0
45729,เชียงราย,20.248864999999999,99.916169999999994,นาชลประทาน,แตกกอ,ไม่ทราบพันธุ์ข้าว,0,0,0,0,0,0,0,0,0,0,0,0,0,0,0,0,0,0,0,20.67,0,0,0,0,0,0,0,0,0,0,0,0,5,พืชใบเลี้ยงคู่ใบกว้าง,เทียนนา
45729,เชียงราย,20.287839999999999,99.937775999999999,นาชลประทาน,แตกกอ,ไม่ทราบพันธุ์ข้าว,0,0,0,0,0,0,0,0,0,0,0,0,0,0,0,0,0,0,2.2000000000000002,3.57,0,0,0,0,0,0,0,0,0,0,0,0,36.67,กก,หนวดปลาดุก
45729,เชียงราย,20.291550000000001,99.939143999999999,นาชลประทาน,แตกกอ,ไม่ทราบพันธุ์ข้าว,0,0,0,0,0,0,0,0,0,0,0,0,0,0,0,0,0,0,5.98,5.16,0,0,0,0,0,0,0,0,0,0,0,0,1.67,หญ้า
45729,เชียงราย,20.295838,99.927622,นาชลประทาน,แตกกอ,ไม่ทราบพันธุ์ข้าว,0,0,0,0,0,0,0.16,0,0,0,0,0,0,0,0,0,0,0,1.41,0,0,0,0,0,0,0,0,0,0,0,0,0,0
45729,เชียงราย,20.338594000000001,99.984162999999995,นาชลประทาน,แตกกอ,ไม่ทราบพันธุ์ข้าว,0,0,0,0,0,0,0,0,0,0,0,0,0,0,0,0,0,0,1.81,6.04,0,0,0,0,0,0,0,0,0,0,0,0,0
45729,เชียงราย,20.339659999999999,99.988828999999996,นาชลประทาน,แตกกอ,ไม่ทราบพันธุ์ข้าว,0,0,0,0,0,0,2.12,0,0,0,0,0,0,0,0,0,0,0,3.07,0,0,0,0,0,0,0,0,0,0,0,0,0,3.33,หญ้า
45729,เชียงราย,20.298417000000001,99.990223,นาชลประทาน,ตั้งท้อง,ไม่ทราบพันธุ์ข้าว,0,0,0,0,0,0,0,0,0,0,0,0,0,0,0,0,0,0,0.28000000000000003,8.4499999999999993,0,0,0,0,0,0,0,0,0,0,0,0,1.67,หญ้า
45729,เชียงราย,20.289995999999999,99.994788999999997,นาชลประทาน,แตกกอ,ไม่ทราบพันธุ์ข้าว,0,0,0,0,0,0,0,0,0,0,0,0,0,0,0,0,0,0,0,20.41,0,0,0,0,0,0,0,0,0,0,0,0,5,กก,หนวดปลาดุก
45615,สระบุรี,14.459305000000001,100.86575999999999,นาชลประทาน,ออกรวง,กข79,0,2.5,0,0,0,0,0,0,0,0,0,0,0,0,0,0,0,0.69,20.69,0,0,0,0,87.5,0.83,0,0,11.67,0,0,0,0,0
45615,สระบุรี,14.556141,100.784684,นาชลประทาน,ระยะกล้า,ไม่ทราบพันธุ์ข้าว,0,3.75,0,0,0,0,0,0,0,0,0,0,0,0,0,0,0,0,0,0,0,0,0,0,0,0,0,0,0,0,0,0,0
45615,สระบุรี,14.556053,100.78548000000001,นาชลประทาน,ระยะกล้า,ไม่ทราบพันธุ์ข้าว,0,1.18,0,0,0,0,0,0,0,0,0,0,0,0,0,0,0,0,0,0,0,0,0,0,0,0,0,0,0,0,0,0,0
45615,สระบุรี,14.604381999999999,100.77708800000001,นาชลประทาน,ระยะกล้า,ไม่ทราบพันธุ์ข้าว,0,1.19,0,0,0,0,0,0,0,0,0,0,0,0,0,0,17.86,0,23.21,0,0,0,0,58.33,0,0,0,0,0,0,0,0,1.67,พืชใบเลี้ยงคู่ใบกว้าง,ผักบุ้ง
45615,สระบุรี,14.606237,100.779847,นาชลประทาน,ระยะกล้า,ไม่ทราบพันธุ์ข้าว,0,6.9,0,0,0,0,0,0,0,0.43,0,0,0,0,0,0,0,0,14.22,0,0,0,0,0,0,0,0,0,0,0,0,0,3.33,กก,กก
45615,ลพบุรี,15.053288999999999,100.583045,นาชลประทาน,ระยะกล้า,ไม่ทราบพันธุ์ข้าว,0,2.99,0,0,0,0,0,0,0,0,0,0,0,0,0,0,0,0,3.36,0,0,0,0,0,0,0,0,0,0,0,0,0,0
45615,ลพบุรี,15.053070999999999,100.582947,นาชลประทาน,ออกรวง,ปทุมธานี 1,0,0,0,0,0,0,0,0,0,4.57,0,0,0,0,0,0,0,0,0,0,0,0,0,0,0,0,0,0,0,0,0,0,0
45616,ลพบุรี,14.9379034,100.6120647,นาชลประทาน,ระยะกล้า,ไม่ทราบพันธุ์ข้าว,0,0,0,0,0,0,0,0,0,1.2,0,0,0,0,0,0,0,0,9.64,0,0,0,0,0,0,0,0,0,0,0,0,0,5,กก,แห้วหมู
45616,สระบุรี,14.937638099999999,100.608653,นาชลประทาน,ก่อนเก็บเกี่ยว,กข61,0,0,0,0,0,0,0,0,0,4.5,0,0,0,0,0,0,4.5,0,60.36,0,38.74,0,0,97.3,0,0,0,0.9,0,0,0,0,5,หญ้า,หญ้าข้าวนก
45616,ลพบุรี,14.949113000000001,100.622232,นาชลประทาน,ระยะกล้า,ไม่ทราบพันธุ์ข้าว,0,5,0,0,0,0,0,0,0,0,0,0,0,0,0,0,0,0,0.75,0,0,0,0,0,0,0,0,0,0,0,0,0,0
45616,นครสวรรค์,15.085706999999999,100.38500999999999,นาชลประทาน,ระยะกล้า,ไม่ทราบพันธุ์ข้าว,0,2.86,0,0,0,0,0,2.5,0,1.79,0,0,0,0,0,0,0,0,5.71,0,0,0,0,0,0,0,0,0,0,0,0,0,0
45616,ชัยนาท,15.240925000000001,100.22819699999999,นาชลประทาน,แตกกอ,ไม่ทราบพันธุ์ข้าว,0,0,0,0,0,0,0,2.4500000000000002,0,0,0,0,0,0,0,0,0,0,2.4500000000000002,0,0,0,0,0,0,0,0,0,0,0,0,0,5,กก,กก
45735,เชียงราย,19.898088000000001,99.946312000000006,นาชลประทาน,ตั้งท้อง,กข43,0,0,2.5299999999999998,0,0,0,0,0,0,0.38,0.1,0.9,0,0,0,0,0,0,8.73,0,0,0,0,0,0,0,0,0,0,0,0,0,5,กก
45616,ชัยนาท,15.201916000000001,100.241935,นาชลประทาน,ออกรวง,ไม่ทราบพันธุ์ข้าว,0,0,0,0,0,0,0,0,0,3.15,0,0,0,0,0,0,16.14,4.72,0,0,0,11.81,0,0,0,0,0,0,0,0,0,0,0
45621,นครนายก,14.355425,101.10175,นาชลประทาน,ก่อนเก็บเกี่ยว,กข85,0,0,0,0,0,0,0,0,0,18.41,0,0,0,0,0,0,0,9.9499999999999993,0,0,0,0,0,11.94,1.49,0,0,0,0,0,0,0,3.33,หญ้า,หญ้าข้าวนก
45621,นครนายก,14.356567999999999,101.095623,นาชลประทาน,ก่อนเก็บเกี่ยว,กข85,0,0,0,0,0,0,0,0,0,4.26,0,0,0,0,0,0,0,0,10.64,0,0.43,0,0,25.45,0,0,0,0.91,0,0,0,0,3.33,หญ้า,หญ้าข้าวนก
45621,นครนายก,14.351881000000001,101.09311700000001,นาชลประทาน,ก่อนเก็บเกี่ยว,กข85,0,0,0,0,0,0,0,0,0,1.6,0,0,0,0,0,0,0,0,0,0,0.8,0,0,28.99,0,0,1.45,0,0,0,0,0,0
45621,นครนายก,14.347326000000001,101.09101699999999,นาชลประทาน,ก่อนเก็บเกี่ยว,กข85,0,0,0,0,0,0,0,4.29,0,0,0,0,0,0,0,0,0,0,0,0,0,0,0,0,0,0,0,0,0,0,0,0,0
45621,นครนายก,14.338927,101.08824300000001,นาชลประทาน,ก่อนเก็บเกี่ยว,กข85,0,0,0,0,2.5,0,0,0,0,0,0,0,0,0,0,0,0,0,0,0,0,0,0,3.75,0,0,0,0,0,0,0,0,5,พืชใบเลี้ยงคู่ใบกว้าง,ผักบุ้ง 
45621,นครนายก,14.323779999999999,101.082487,นาชลประทาน,ระยะกล้า,ไม่ทราบพันธุ์ข้าว,0,1,0,0,0,0,0,0.47,0,0,0,0,0,0,0,0,0,0,0,0,0,0,0,0,0,0,0,0,0,0,0,0,0
45621,นครนายก,14.272815,101.038792,นาชลประทาน,ออกดอก,ไม่ทราบพันธุ์ข้าว,0,0,0,0,1.68,0,0,0,0,2.52,0,0,0,0,0,0,0,0,0,34.450000000000003,2.94,0,0,0,0,0,0,0,0,0,0,0,1.67,หญ้า,หญ้าข้าวนก
45621,นครนายก,14.249784999999999,101.300712,นาชลประทาน,ตั้งท้อง,ไม่ทราบพันธุ์ข้าว,0,0,0,0,0,0,0,0,0,0,0,0,0,0,0,0,0,0,16.670000000000002,0,0,0,0,0,0,0,0,0,0,0,0,0,10,หญ้า,หญ้าข้าวนก	
45621,นครนายก,14.236651999999999,101.015455,นาชลประทาน,แตกกอ,ไม่ทราบพันธุ์ข้าว,0,0,0,0,0,0,0,0,0,0,0,0,0,0,0,0,0,0,0.71,13.93,0,0,0,0,0,0,0,0,0,0,0,0,0
45622,นครนายก,14.210823,101.09004950000001,นาชลประทาน,ระยะกล้า,ไม่ทราบพันธุ์ข้าว,0,0,0,0,0,0,0,0,0,0,0,0,0,0,0,0,0,0,5.42,0,0,0,0,0,0,0,0,0,0,0,0,0,3.33,กก,แห้วหมู
45622,นครนายก,14.198624000000001,100.071967,นาชลประทาน,ระยะกล้า,ไม่ทราบพันธุ์ข้าว,0,0,0,0,0,0,0,0,0,0,0,0,0,0,0,0,0,0,0,0,0,0,0,0,0,0,0,0,0,0,0,0,5,หญ้า
45622,นครนายก,14.167551,101.054851,นาชลประทาน,ระยะกล้า,ไม่ทราบพันธุ์ข้าว,0,0,0,0,0,0,0,0,0,0.36,0,0,0,0,0,0,0,0,0,0,0,0,0,0,0,0,0,0,0,0,0,0,0
45622,นครนายก,14.068974000000001,101.03381899999999,นาชลประทาน,ระยะกล้า,ไม่ทราบพันธุ์ข้าว,0,0,0,0,0,0,0,0,0,1.02,0,0,0,0,0,0,0,0,0,0,0,0,0,0,0,0,0,0,0,0,0,0,5,กก,แห้วหมู	
45622,นครนายก,14.061069,101.03437700000001,นาชลประทาน,ระยะกล้า,ไม่ทราบพันธุ์ข้าว,0,0,0,0,0,0,0,0,0,2.14,0,0,0,0,0,0,0,0,0,0,0,0,0,0,0,0,0,0,0,0,0,0,0
45622,นครนายก,14.059728,101.025796,นาชลประทาน,ระยะกล้า,ไม่ทราบพันธุ์ข้าว,0,1,0,0,0,0,0,0,0,0,0,0,0,0,0,0,0,0,0,0,0,0,0,0,0,0,0,0,0,0,0,0,0
45622,นครนายก,14.045782000000001,101.021837,นาชลประทาน,แตกกอ,ไม่ทราบพันธุ์ข้าว,0,0,20.83,0,0,0,0,0,0,6.34,0,0,0,0,0,0,0,0,0,0,0,0,0,0,0,0,0,0,0,0,0,0,3.33,พืชใบเลี้ยงคู่ใบกว้าง
45622,นครนายก,14.030962000000001,101.004887,นาชลประทาน,ระยะกล้า,กข57,0,0,5.95,0,0,0,0,0,0,0,0,0,0,0,0,0,0,0,0,0,0,0,0,0,0,0,0,0,0,0,0,0,1.67,กก,กกสามเหลี่ยม
45622,นครนายก,14.029783,101.986991,นาชลประทาน,ระยะกล้า,กข57,0,0,0,0,0,0,0,0,0,0.54,0,0,0,0,0,0,0,0,0.81,0,0,0,0,0,0,0,0,0,0,0,0,0,0
45622,นครนายก,14.029482,100.971491,นาชลประทาน,แตกกอ,ไม่ทราบพันธุ์ข้าว,0,0,7.41,0,0,0,0,0.36,0,0.36,0,0,0,0,0,0,0,0,5.07,2.9,0,0,0,0,0,0,0,0,0,0,0,0,3.33,พืชใบเลี้ยงคู่ใบกว้าง,ผักปอดนา
45622,นครนายก,13.919369,100.943855,นาชลประทาน,แตกกอ,กข79,0,0,7.14,0,0,0,0,0.27,0,6.25,0,0,0,0,0,0,0,0,0,0,0,0,0,0,0,0,0,0,0,0,0,0,43.33,กก,กกขนาก
45622,นครนายก,13.911134000000001,100.94274799999999,นาชลประทาน,แตกกอ,กข79,0,0,0,5.43,0,0,0,1.2,0,9.58,0,0,0,0,0,0,0,0,0,0,0,0,0,0,0,0,0,0,0,0,0,0,5,หญ้า,หญ้าข้าวนก
45622,นครนายก,13.895763000000001,100.94122400000001,นาชลประทาน,ระยะกล้า,กข85,0,0,0,0,0,0,0,0,0,0,0,0,0,0,0,0,0,0,1.81,0,0,0,0,0,0,0,0,0,0,0,0,0,0
45622,นครนายก,13.846988,100.94010299999999,นาชลประทาน,ออกดอก,กข82,0,0,0,0,0,0,0,0,0,3.36,0,0,0,0,0,0,0,2.94,3.78,0,0,0,0,2.75,0,0,0,0,0,0,0,0,5,หญ้า,หญ้าดอกขาว
45622,นครนายก,13.860398999999999,100.94312499999999,นาชลประทาน,ระยะกล้า,กข9,0,0,0,0,0,0,0,0,0,0,0,0,0,0,0,0,0,0,0,0,0,0,0,0,0,0,0,0,0,0,0,0,3.33,พืชใบเลี้ยงคู่ใบกว้าง,ผักปอดนา
45625,สุพรรณบุรี,14.65316,100.136912,นาชลประทาน,แตกกอ,กข87,0,0,0,0,0,0,0,7.47,0,0.32,0,0,0,0,0,0,0,0,11.04,3.57,0,0,0,0,0,0,0,0,0,0,0,0,5,พืชใบเลี้ยงคู่ใบกว้าง,ผักปอดนา
45624,ชัยนาท,15.22706642,100.2427132,นาชลประทาน,แตกกอ,กข85,0,0,0,0,0,0,0,0,0,0,0,0,0,0,0,0,0,0,11.79,11.79,0,0,0,0,0,0,0,0,0,0,0,0,3.33,หญ้า,หญ้าข้าวนก
45624,ชัยนาท,15.22651355,100.24297989999999,นาชลประทาน,แตกกอ,กข81,0,3,0,0,0,0,0,2.2599999999999998,0,2.0699999999999998,0,0,0,0,0,0,0,0,14.88,2.0699999999999998,0,4.33,0,0,0,0,0,0,0,0,0,0,5,กก,หนวดปลาดุก
45624,ชัยนาท,14.03955,100.147317,นาชลประทาน,ตั้งท้อง,กข85,0,0,0,0,0,0,0,0,0,6.95,0,0,0,0,0,0,0,0,0.45,0,0,0,0,0,0,0,0,0,0,0,0,0,5,กก,หนวดปลาดุก
45624,ชัยนาท,15.03962331,100.147386,นาชลประทาน,แตกกอ,กข41,0,0,0,0,0,0,0,0.56999999999999995,0,3.13,0,0,0,0,0,0,0,0,6.53,4.26,0,0,0,0,0,0,0,0,0,0,0,0,1.67,หญ้า,หญ้าข้าวนก
45624,สิงห์บุรี,14.80943669,100.34607370000001,นาชลประทาน,แตกกอ,กข85,0,0,0,0,0,0,0,1.55,0,5.88,0,0,0,0,0,0,0,0,6.5,0,0,0,0,0,0,0,0,0,0,0,0,0,0
45624,สิงห์บุรี,14.80943669,100.34607370000001,นาชลประทาน,แตกกอ,ปทุมธานี 1,0,0,0,0,0,0,0,0,0,0,0,0,0,0,0,0,0,0,0.77,0,0,0,0,0,0,0,0,0,0,0,0,0,0
45629,กาญจนบุรี,14.114687999999999,99.702063999999993,นาชลประทาน,ก่อนเก็บเกี่ยว,ปทุมธานี 1,0,0,0,0,2.41,0,0,0,0,0.6,0,0,0,0,0,0,0,0,32.53,0,0,0,0,46.99,0,0,0,0,0,0,0,0,3.33,หญ้า,หญ้าข้าวนก
45625,อ่างทอง,14.61289066,100.3296545,นาชลประทาน,แตกกอ,กข71,0,0,0,0,0,0,0,0.32,0,1.61,0,0,0,0,0,0,0,0,8.06,0,0,0,0,0,0,0,0,0,0,0,0,0,5,หญ้า,หญ้าข้าวนก
45625,อ่างทอง,14.612209719999999,100.32859209999999,นาชลประทาน,ออกรวง,กข57,0,0,0,0,0,0,0,0,0,3.16,0,0,0,0,0,0,0,0,11.71,0,0,0,0,0,0,0,0,0,0,0,0,0,45,หญ้า,หญ้าข้าวนก
45625,อ่างทอง,14.702830759999999,100.2834007,นาชลประทาน,แตกกอ,กข51,0,0,0,0,0,0,0,1.52,0,0,0,0,0,0,0,0,0,0,5.78,0,0,0,0,0,0,0,0,0,0,0,0,0,0
45625,พระนครศรีอยุธยา,14.39945867,100.6547719,นาชลประทาน,ระยะกล้า,กข41,0,0,0,0,0,0,0,0,0,2.17,0,0,0,0,0,0,0,0,2.9,0,0,0,0,0,0,0,0,0,0,0,0,0,0
45629,กาญจนบุรี,14.11495,99.701736999999994,นาชลประทาน,ออกรวง,ปทุมธานี 1,0,0,0,0,0,0,0,0,0,0.53,0,0,0,0,0,0,0,0,83.16,0,0,0,0,55.79,0,0,6.32,0,0,0,0,0,6.67,หญ้า,หญ้าแดง
45625,พระนครศรีอยุธยา,14.374573509999999,100.68713270000001,นาชลประทาน,แตกกอ,กข61,0,0,0,0,0,0,0,0,0,1.94,0,0,0,0,0,0,0,0,3.61,0,1.39,0,0,0,0,0,0,0,0,0,0,0,0
45629,กาญจนบุรี,14.114687999999999,99.702063999999993,นาชลประทาน,ก่อนเก็บเกี่ยว,ปทุมธานี 1,0,0,0,0,2.41,0,0,0,0,0.6,0,0,0,0,0,0,0,0,32.53,0,0,0,0,46.99,0,0,0,0,0,0,0,0,3.33,หญ้า,หญ้าข้าวนก
45629,กาญจนบุรี,14.111877,99.701097000000004,นาชลประทาน,ก่อนเก็บเกี่ยว,กข85,0,0,0,0,0,0,0,0,0,2.86,0,0,0,0,0,0,0,0,85,0,0,0,0,35.369999999999997,0,0,1.22,0,0,0,0,0,3.33,หญ้า,ข้าวดีด
45629,กาญจนบุรี,14.066053,99.645060999999998,นาชลประทาน,ออกดอก,ไม่ทราบพันธุ์ข้าว,0,0,0,0,0,0,0,0,0,1.49,0,0,0,0,0,0,0,0,46.77,0,0,0,0,8.57,0,0,0,0,0,0,0,0,10,หญ้า,หญ้าดอกขาว
45629,กาญจนบุรี,14.111525,99.702691000000002,นาชลประทาน,ก่อนเก็บเกี่ยว,กข79,0,0,0,0,0,0,0,0,0,0,0,0,0,0,0,0,0,0,71.430000000000007,0,0,0,0,55.1,0,0,0,0,0,0,0,0,0
45629,กาญจนบุรี,14.09605,99.700357999999994,นาชลประทาน,ออกรวง,กข79,0,0,0,0,0,0,0,0,0,14.71,0,0,0,0,0,0,0,0,68.819999999999993,0,0,0,0,50.59,0,0,0,0,0,0,0,0,5,หญ้า,ข้าวดีด
45629,กาญจนบุรี,14.092268000000001,99.702455,นาชลประทาน,ออกรวง,กข85,0,0,0,0,0,0,0,0,0,14.77,0,0,0,0,0,0,27.84,0,90.34,0,0,0,0,84.09,0,0,0,0,0,0,0,0,3.33,พืชใบเลี้ยงคู่ใบกว้าง,หญ้าข้าวนก
45629,กาญจนบุรี,14.0595,99.675893000000002,นาชลประทาน,ก่อนเก็บเกี่ยว,ไม่ทราบพันธุ์ข้าว,0,0,0,0,0,0,0,0,0,1.27,0,0,0,0,0,0,0,0,74.05,0,0,0,0,32.909999999999997,0,0,0,0,0,0,0,0,3.33,พืชใบเลี้ยงคู่ใบกว้าง,หญ้าข้าวนก
45629,กาญจนบุรี,14.066203,99.645169999999993,นาชลประทาน,ออกรวง,กข85,0,0,0,0,0,0,0,0,0,8.2200000000000006,0,0,0,0,0,0,0,0,68.489999999999995,0,0,0,0,82.19,0,0,0,0,0,0,0,0,5,หญ้า,หญ้าดอกขาว
45629,กาญจนบุรี,14.066053,99.645060999999998,นาชลประทาน,ออกดอก,ไม่ทราบพันธุ์ข้าว,0,0,0,0,0,0,0,0,0,1.49,0,0,0,0,0,0,0,0,46.77,0,0,0,0,8.57,0,0,0,0,0,0,0,0,10,หญ้า,หญ้าดอกขาว
45629,กาญจนบุรี,13.947734000000001,99.601590999999999,นาชลประทาน,ก่อนเก็บเกี่ยว,ปทุมธานี 1,0,0,0,0,0,0,0,0,0,0,0,0,0,0,0,0,0,0,40.79,0,0,0,0,57.89,0,0,0,0,0,0,0,0,45,หญ้า,หญ้าแดง
45629,กาญจนบุรี,13.896976,99.484441000000004,นาชลประทาน,แตกกอ,ปทุมธานี 1,0,0,0,12.35,0,0,0,0,0,4.26,0,0,0,0,0,0,0,0,21.28,0.43,0,2.13,0,0,0,0,0,0,0,0,0,0,0
45629,ราชบุรี,13.783294,99.839374000000007,นาชลประทาน,ก่อนเก็บเกี่ยว,กข85,0,0,0,0,0,0,0,0,0,35.369999999999997,0,0,0,0,0,0,0,0,0,0,0,0,0,92.68,6.1,0,0,0,0,0,0,0,20,หญ้า,หญ้าดอกขาว
45630,ราชบุรี,13.726587,99.840950000000007,นาชลประทาน,ก่อนเก็บเกี่ยว,กข85,0,0,0,0,0,0,0,0,0,2.94,0,0,0,0,0,0,2.21,0,41.91,0,0,0,0,69.12,0,0,0,0,0,0,0,0,1.67,พืชใบเลี้ยงคู่ใบกว้าง,ผักปอดนา
45630,ราชบุรี,13.713058,99.813111000000006,นาชลประทาน,ก่อนเก็บเกี่ยว,ปทุมธานี 1,0,0,0,0,0,0,0,0,0,0,0,0,0,0,0,0,0,0,16.920000000000002,0,0,0,0,53.85,0,0,0,0,0,0,0,0,5,หญ้า,หญ้าดอกขาว
45638,ราชบุรี,13.645275,99.756922000000003,นาชลประทาน,ก่อนเก็บเกี่ยว,กข85,0,0,0,0,0,0,0,0,0,3.29,0,0,0,0,0,0,0,0,28.95,0,34.869999999999997,0,0,69.739999999999995,0,0,0,0,0,0,0,0,0
45638,ราชบุรี,13.459490000000001,99.804801999999995,นาชลประทาน,ออกดอก,ไม่ทราบพันธุ์ข้าว,0,0,0,0,0,0,0,0,0,1.64,0,0,0,0,0,0,0,0,34.43,0,0,0,0,7.69,0,0,0,0,0,0,0,0,45,หญ้า,หญ้าดอกขาว
45638,ราชบุรี,13.480040000000001,99.823841000000002,นาชลประทาน,ออกดอก,ไม่ทราบพันธุ์ข้าว,0,0,0,0,0,0,0,0,0,0.76,0,0,0,0,0,0,0,0,6.82,0,0.51,0,0,16.13,0,0,0,0,0,0,0,0,15,หญ้า,หญ้าข้าวนก
45638,ฉะเชิงเทรา,13.707784,101.29435599999999,นาชลประทาน,ระยะกล้า,กข85,0,0,0,0,0,0,8.66,0.52,0,0,0,0,0,0,0,0,0,0,2.36,0.26,0,0,0,0,0,0,0,0,0,0,0,0,1.67,หญ้า,หญ้าลิเก
45638,ฉะเชิงเทรา,13.70786,101.29237999999999,นาชลประทาน,ระยะกล้า,5451,0,0,0,0,0,0,5.86,0.21,0,2.2999999999999998,0,0,0,0,0,0,0,0,3.35,0.63,0,0,0,0,0,0,0,0,0,0,0,0,1.67,กก
45638,นครนายก,14.153912,101.255968,นาชลประทาน,ระยะกล้า,กข85,0,0,0,0,0,0,0,1.82,0,0,0,0,0,0,0,0,0,0,15.91,0,0.91,0,0,0,0,0,0,0,0,0,0,0,5,พืชใบเลี้ยงคู่ใบกว้าง,ผักปอดนา
45639,นครนายก,14.234120000000001,101.275395,นาชลประทาน,ออกรวง,ไม่ทราบพันธุ์ข้าว,0,0,0,0,0,0,0,0,0,8.56,0,0,0,0,0,0,0,0,8.9499999999999993,0,0.39,0,0,57.14,0,0,0,0,0,0,0,0,3.33,หญ้า,หญ้ารังนก
45639,นครนายก,14.232752,101.25666699999999,นาชลประทาน,ออกรวง,ไม่ทราบพันธุ์ข้าว,0,0,0,0,0,0,0,0,0,1.95,0,0,0,0,0,0,0,0,5.84,0,0,0,0,0,0,0,0,0,0,0,0,0,0
45639,นครนายก,14.227175000000001,101.25833,นาชลประทาน,ออกรวง,ไม่ทราบพันธุ์ข้าว,0,0,0,0,0,0,0,0.8,0,2.93,0,0,0,0,0,0,0,0,0,2.39,7.18,0,0,29.82,0,0,0,0,0,0,0,0,10,หญ้า,หญ้าข้าวนก
45639,นครนายก,14.237800999999999,101.268795,นาชลประทาน,ระยะกล้า,ไม่ทราบพันธุ์ข้าว,0,1,0,0,0,0,0,0,0,0,0,0,0,0,0,0,0,0,7.87,0.52,0,0,0,0,0,0,0,0,0,0,0,0,5,กก,หนวดปลาดุก
45644,ปทุมธานี,14.043354000000001,100.471009,นาชลประทาน,ระยะกล้า,ไม่ทราบพันธุ์ข้าว,14.93,1,2.99,0,0,0,0,0,0,0,0,0,0,0,0,0,0,0,0,0,0,0,0,0,0,0,0,0,0,0,0,0,0
45644,ปทุมธานี,14.073392,100.438999,นาชลประทาน,ระยะกล้า,ไม่ทราบพันธุ์ข้าว,0,1,0,0,0,0,0,1.05,0,0,0,0,0,0,0,0,0,0,0.7,0,0,0,0,0,0,0,0,0,0,0,0,0,0
45644,ปทุมธานี,14.083963000000001,100.423436,นาชลประทาน,ระยะกล้า,ไม่ทราบพันธุ์ข้าว,0,0,0,0,0,0,0,0.85,0,0,0,0,0,0,0,0,0,0,1.99,0,0,0,0,0,0,0,0,0,0,0,0,0,0
45644,ปทุมธานี,14.083963000000001,100.423436,นาชลประทาน,ระยะกล้า,ไม่ทราบพันธุ์ข้าว,0,2,0,0,0,0,0.86,0.86,0,0.56999999999999995,0,0,0,0,0,0,0,0,0,0,0,0,0,0,0,0,0,0,0,0,0,0,33.33,หญ้า,หญ้ารังนก
45644,ปทุมธานี,14.088853,100.41851200000001,นาชลประทาน,แตกกอ,กข61,0,0,0,0,0,0,0,0,0,1.98,0,0,0,0,0,0,0,0,6.19,0,0,0,0,0,0,0,0,0,0,0,0,0,16.670000000000002,พืชใบเลี้ยงคู่ใบกว้าง,ผักปอดนา
45644,ปทุมธานี,14.059616,100.367546,นาชลประทาน,แตกกอ,ไม่ทราบพันธุ์ข้าว,0,1,6.19,0,0,0,0,0,0,0,0,0,0,0,0,0,0,0,0,0,0,0,0,0,0,0,0,0,0,0,0,0,1.67,หญ้า,หญ้าดอกขาว
45644,ปทุมธานี,13.97035528,100.7041141,นาชลประทาน,ตั้งท้อง,ไม่ทราบพันธุ์ข้าว,0,0,0,0,0,0,0,0,0,0,0,0,0,0,0,0,0,0,0,0,0,0,0,0,0,0,0,0,0,0,0,0,3.33,พืชใบเลี้ยงคู่ใบกว้าง,ผักปอดนา
45644,ปทุมธานี,13.964909,100.70431000000001,นาชลประทาน,ออกรวง,ไม่ทราบพันธุ์ข้าว,0,0,0,0,0,0,0,3.27,0,5.61,0,0,0,0,0,0,0,0,0,0,0,0,0,0,0,0,0,0,0,0,0,0,5,หญ้า,หญ้าดอกขาว
45644,นครนายก,13.972599000000001,101.01214299999999,นาชลประทาน,ก่อนเก็บเกี่ยว,ไม่ทราบพันธุ์ข้าว,4.12,0,1.03,3.09,0,0,0,0.52,0,9.2799999999999994,0,0,0,0,0,0,0,0,8.25,0,0,0,0,15.46,0,0,0,0,0,0,0,0,0
45644,ฉะเชิงเทรา,13.935632,101.05038999999999,นาชลประทาน,ก่อนเก็บเกี่ยว,กข95,0,0,0,0,0,0,0,0,0,0.67,0,0,0,0,0,0,1.34,1.68,5.37,0,0,2.68,0,3.36,0,0,0,0,0,0,0,0,3.33,หญ้า
45642,นครสวรรค์,15.623737999999999,100.028325,นาชลประทาน,แตกกอ,กข85,0,3.53,0,0,0,0,0,1.25,0,0.93,0,0,0,0,0,0,0,0,4.9800000000000004,6.23,0,0,0,0,0,0,0,0,0,0,0,0,0
45645,ฉะเชิงเทรา,13.787614,101.174786,นาชลประทาน,ออกรวง,ไม่ทราบพันธุ์ข้าว,0,0,0,0,3.13,0,0,0,0,2.08,0,0,0,0,0,0,0,0,1.56,0,0,0,0,8.33,0,0,0,0,0,0,0,0,21.67,กก,หนวดปลาดุก
45645,ปราจีนบุรี,13.957254000000001,101.2325,นาชลประทาน,แตกกอ,ไม่ทราบพันธุ์ข้าว,0,0,0,0,0,0,0,1.28,0,1.71,0,0,0,0,0,0,0,0,2.56,0,0,0,0,0,0,0,0,0,0,0,0,0,1.67,หญ้า,หญ้าข้าวนก
45643,นครสวรรค์,15.367115,99.883808000000002,นาชลประทาน,แตกกอ,กข85,0,0,0,0,0,0,0,0,0,0,0,0,0,0,0,0,0,0,21.56,0,0,0,0,0,0,0,0,0,0,0,0,0,10,หญ้า,หญ้าข้าวนก
45642,นครสวรรค์,15.625393000000001,100.031155,นาชลประทาน,แตกกอ,กข85,0,1.1200000000000001,0,0,0,0,0,0,0,1.21,0,0,0,0,0,0,0,0,0,46.83,0,0,0,0,0,0,0,0,0,0,0,0,3.33,พืชใบเลี้ยงคู่ใบกว้าง,หนวดปลาดุก
45642,นครสวรรค์,15.623737999999999,100.028325,นาชลประทาน,แตกกอ,กข85,0,3.53,0,0,0,0,0,1.25,0,0.93,0,0,0,0,0,0,0,0,4.9800000000000004,6.23,0,0,0,0,0,0,0,0,0,0,0,0,0
45642,นครสวรรค์,15.628686999999999,100.028294,นาชลประทาน,แตกกอ,ข้าวหอมปทุม,0,0,0,0,0,0,0,0,0,3.42,0,0,0,0,0,0,0,0,1.99,0,0,0,0,0,0,0,0,0,0,0,0,0,1.67,พืชใบเลี้ยงคู่ใบกว้าง,ผักปอดนา
45642,นครสวรรค์,15.497608,100.02334399999999,นาชลประทาน,ออกรวง,กข85,0,0,0,0,0,0,0,0,0,1.03,0,0,0,0,0,0,0,0,23.08,0,0,7.18,0,76.62,0,0,0,0,0,0,0,0,3.33,หญ้า,หญ้าดอกขาว
45643,นครสวรรค์,15.551589999999999,100.061547,นาชลประทาน,แตกกอ,หอมปทุม,0,1.25,0,0,0,0,0,0,0,0.86,0,0,0,0,0,0,0,0,6,0,0,0,0,0,0,0,0,0,0,0,0,0,5,หญ้า,หญ้าข้าวนก
45643,นครสวรรค์,15.367115,99.883808000000002,นาชลประทาน,แตกกอ,กข85,0,0,0,0,0,0,0,0,0,0,0,0,0,0,0,0,0,0,21.56,0,0,0,0,0,0,0,0,0,0,0,0,0,10,หญ้า,หญ้าข้าวนก
45643,อุทัยธานี,15.376796000000001,99.798675000000003,นาชลประทาน,ออกรวง,กข85,0,0,0,0,0,0,0,0,0.5,2.0099999999999998,0,0,0,0,0,0,0,0,1.51,0,1.01,54.77,0,32.94,4.71,0,0,5.88,0,0,0,0,1.67,พืชใบเลี้ยงคู่ใบกว้าง,ผักบุ้ง
45643,อุทัยธานี,15.377034999999999,99.798973000000004,นาชลประทาน,ออกรวง,กข41,0,0,0,10.14,0,0,0,0,0,2.9,0,0,0,0,0,0,0,0,37.68,0,0,0,0,82.61,0,0,0,2.9,0,0,0,0,5,หญ้า,หญ้าข้าวนก
45643,อุทัยธานี,15.376777000000001,99.798692000000003,นาชลประทาน,แตกกอ,8881,0,0,0,0,0,0,0,0,0,0,0,0,0,0,0,0,0,0,4.7,0,0.34,0,0,0,0,0,0,0,0,0,0,0,0
45643,อุทัยธานี,15.377034999999999,99.798973000000004,นาชลประทาน,แตกกอ,สาวบ้านแต้ (ข้าวเจ้า),0,0,0,0,0,0,0,0.39,0,0.39,0,0,0,0,0,0,0,0,22.05,0,0.39,0,0,0,0,0,0,0,0,0,0,0,3.33,หญ้า,หญ้าข้าวนก
45643,อุทัยธานี,15.393017,99.723602999999997,นาชลประทาน,แตกกอ,กข43,0,0,0,0,0,0,0,0,0,0,0,0,0,0,0,0,0,0,15.43,0,0,0,0,0,0,0,0,0,0,0,0,0,6.67,กก,หนวดปลาดุก
45643,อุทัยธานี,15.42286,99.615075000000004,นาชลประทาน,ออกรวง,กข61,0,0,0,0,0,0,0,0,0,0,0,0,0,0,0,0,0,0,59.67,0,0,0,0,44.44,0,0,0,1.39,0,0,0,0,13.33,หญ้า,หญ้าข้าวนก
45715,พัทลุง,7.5500920000000002,99.708555000000004,นาชลประทาน,ก่อนเก็บเกี่ยว,กข79,0,0,0,0,0.90100000000000002,0,0,0,0,0,0,0,0,0,0,0,10.704000000000001,0.28199999999999997,0,0,0,0,0,0,0,0,0,0,0,0,0,0,0
45715,ตรัง,7.5503109999999998,99.708162999999999,นาชลประทาน,ก่อนเก็บเกี่ยว,กข79,0,0,0,0,0,0,0,0,0,0,0,0,0,0,0,0,0,0,0,0,0,0,0,0,0,0,0,0,0,0,0,0,1.6666700000000001,พืชใบเลี้ยงคู่ใบกว้าง,โสนคางคก
45715,ตรัง,7.5506140000000004,99.708624,นาชลประทาน,ก่อนเก็บเกี่ยว,กข79,0,0,0,0,0,0,0,0,0,0,0,0,0,0,0,0,0,0,0,0,0,0,0,0,0,0,0,0,0,0,0,0,0
45715,ตรัง,7.540718,99.709410000000005,นาชลประทาน,ก่อนเก็บเกี่ยว,เบายอดม่วง,0,0,0,0,2.0550000000000002,0,0,0,0,0,0,0,0,0,0,0,0.49299999999999999,0,0.49299999999999999,0,0,0,0,0,0,0,0,0,0,0,0,0,0
45715,ตรัง,7.539898,99.70872,นาน้ำฝน,ออกรวง,กข79,0,0,0,0,0,0,0,0,0,0,0,0,0,0,0,0,0,0,0,0,0,0,0,0,0,0,0,0,0,0,0,0,0
45715,ตรัง,7.5345829999999996,99.708904000000004,นาชลประทาน,ออกรวง,สังข์หยดพัทลุง,0,0,0,0,2.5910000000000002,0,0,0,0,0,0,0,0,0,0,0,0.75900000000000001,0,0,0.50600000000000001,0,0,0,0,0,0,0,0,0,0,0,0,0
45715,สงขลา,7.8106090000000004,100.242537,นาชลประทาน,แตกกอ,กข41,0,0,0,0,0,0,0,0,0,0,0,0,0,0,0,0,1.095,0,0.73,0,0,0,0,0,0,0,0,0,0,0,0,0,3.3333300000000001,หญ้า,หญ้าข้าวนก
45715,สงขลา,7.8163,100.241649,นาชลประทาน,แตกกอ,กข41,0,0,0,0,0,0,0,0,0,0,0,0,0,0,0,0,0,0,0,0,0,0,0,0,0,0,0,0,0,0,0,0,3.3333300000000001,หญ้า,หญ้าข้าวนก
45743,เชียงใหม่,19.874793,99.142640999999998,นาชลประทาน,ออกดอก,ไม่ทราบพันธุ์ข้าว,0,0,0,0,0,0,0,0,0,0,0,0.2,0,0,0,0,0,0,0,3.24,0,0,0,0,0,0,0,0,0,0,0,0,0
45743,เชียงใหม่,19.875933,99.144727000000003,นาชลประทาน,ออกดอก,ไม่ทราบพันธุ์ข้าว,0,0,0,0,0,0,0,0,0,0.28000000000000003,0,0,0,0,0,0,0,0,3.47,0.42,0,0,0,0,0,0,0,0,0,0,0,0,5,กก,หนวดปลาดุก
45743,เชียงใหม่,19.848807999999998,99.048287999999999,นาชลประทาน,แตกกอ,ไม่ทราบพันธุ์ข้าว,0,0,0,0,0,0,0,0,0,0,0,0,0,0,0,0,0,0,12,0,0,0,0,0,0,0,0,0,0,0,0,0,1.67,กก,หนวดปลาดุก
45743,เชียงใหม่,19.846506999999999,99.055364999999995,นาชลประทาน,ตั้งท้อง,ไม่ทราบพันธุ์ข้าว,0,0,0,0,0,0,0,0,0,0,0,0,0,0,0,0,0,0,2.89,0,0,0,0,0,0,0,0,0,0,0,0,0,0
45743,เชียงราย,19.249801000000001,99.512009000000006,นาชลประทาน,แตกกอ,ไม่ทราบพันธุ์ข้าว,0,0,0,0,0,0,0,0,0,0,0,0.3,0.1,0,0,0,0,0,0.68,0.85,0,0,0,0,0,0,0,0,0,0,0,0,5,หญ้า
45743,เชียงราย,19.295826000000002,99.508510999999999,นาชลประทาน,แตกกอ,ไม่ทราบพันธุ์ข้าว,0,0,0,0,0,0,0,0,0,0,0,0.4,0,0,0,0,0,0,4.68,0,0,0,0,0,0,0,0,0,0,0,0,0,3.33,หญ้า
45744,เชียงราย,19.535913999999998,99.718312999999995,นาชลประทาน,ตั้งท้อง,สันป่าตอง 1,7.06,0,0,0,0,0,0,0,0,0,0,0,0,0,0,0,0,0,0,11.29,0,0,0,0,0,0,0,0,0,0,0,0,5,หญ้า
45743,พัทลุง,7.7580090000000004,100.091252,นาน้ำฝน,แตกกอ,กข41,0,0,0,0,0,0,0,0,0,0,0,0,0,0,0,0,0,0,2.6320000000000001,0,0,0,0,0,0,0,0,0,0,0,0,0,28.333300000000001,กก,กกสามเหลี่ยม
45743,พัทลุง,7.7526130000000002,100.064412,นาน้ำฝน,ออกดอก,กข41,0,0,0,0,0,0,0,0,0,0,0,0,0,0,0,0,2.7570000000000001,0,1.2869999999999999,0,0,0,0,0,0,0,0,0,0,0,0,0,0
45743,พัทลุง,7.7488989999999998,100.069872,นาน้ำฝน,แตกกอ,กข41,0,0,0,0,0,0,0,0,0,0,0,0,0,0,0,0,0.27200000000000002,0,2.9969999999999999,0,0,0,0,0,0,0,0,0,0,0,0,0,1.6666700000000001,หญ้า,หญ้าข้าวนก
45743,พัทลุง,7.7481299999999997,100.070615,นาน้ำฝน,ตั้งท้อง,กข41,0,0,0,0,0,0,0,0,0,1.623,0,0,0,0,0,0,0,0,1.948,0,0,0,0,0,0,0,0,0,0,0,0,0,20,กก,หนวดปลาดุก
45743,พัทลุง,7.686992,100.118976,นาชลประทาน,ออกรวง,454,0,0,0,0,0.70399999999999996,0,0,0,0,0,0,0,0,0,0,0,0,0,0.215,0,0,0,0,0.70399999999999996,0,0,0,0,0,0,0,0,30,กก,กกสามเหลี่ยม
45743,พัทลุง,7.6880090000000001,100.11872700000001,นาชลประทาน,ออกรวง,กข41,0,0,0,0,0,0,0,0,0,0,0,0,0,0,0,0,0,0.53200000000000003,0.53200000000000003,0,0,0,0,0,0,0,0,0,0,0,0,0,16.666699999999999,หญ้า,หญ้าแดง
45743,พัทลุง,7.6891350000000003,100.119016,นาชลประทาน,ตั้งท้อง,กข41,0,0,0,0,0,0,0,0,0,0,0,0,0,0,0,0,0.314,0,0,0,0,0,0,0,0,0,0,0,0,0,0,0,5,กก,กกสามเหลี่ยม
45743,พัทลุง,7.6897289999999998,100.18138999999999,นาชลประทาน,ตั้งท้อง,กข41,0,0,0,0,0,0,0,0,0,0,0,0,0,0,0,0,0,0,0.50800000000000001,0,0,0,0,0,0,0,0,0,0,0,0,0,68.333299999999994,หญ้า,หญ้าข้าวนก
45743,พัทลุง,7.6903079999999999,100.119753,นาชลประทาน,ตั้งท้อง,กข41,0,0,0,0,0,0,0,0,0,1.875,0,0,0,0,0,0,0,0,1.25,0.625,0,0,0,0,0,0,0,0,0,0,0,0,15,หญ้า,หญ้าข้าวนก
45743,พัทลุง,7.6922030000000001,100.120811,นาชลประทาน,แตกกอ,กข41,0,0,0,0,0,0,0,0,0,0,0,0,0,0,0,0,0,0,0,0,0,0,0,0,0,0,0,0,0,0,0,0,15,กก,กกสามเหลี่ยม
45743,พัทลุง,7.6915389999999997,100.111305,นาชลประทาน,แตกกอ,กข41,0,0,0,0,0,0,0,0,0,0,0,0,0,0,0,0,0,0,0,0,0,0,0,0,0,0,0,0,0,0,0,0,20,หญ้า,หญ้าข้าวนก
45743,พัทลุง,7.6900979999999999,100.111203,นาน้ำฝน,แตกกอ,กข41,0,0,0,0,0,0,0,0,0,1,0,0,0,0,0,0,0,0,2,0.33300000000000002,0,0,0,0,0,0,0,0,0,0,0,0,3.3333333000000001,หญ้า,หญ้าดอกขาว
45743,พัทลุง,7.7527749999999997,100.094284,นาน้ำฝน,ตั้งท้อง,กข81,0,0,0,0,0,0,0,0,0,0,0,0,0,0,0,0,0,0,11.298999999999999,0,0,0,0,0,0,0,0,0,0,0,0,0,35,หญ้า,หญ้าพุ่มพวง
45743,พัทลุง,7.7552029999999998,100.092472,นาน้ำฝน,ออกดอก,กข81,0,0,0,0,0,0,0,0,0,0,0,0,0,0,0,0,0,0,6.6890000000000001,0,0,0,0,0,0,0,0,0,0,0,0,0,80,หญ้า,"หญ้าดอกขาว,หญ้าพุ่มพวง"
45743,พัทลุง,7.7573920000000003,100.092101,นาน้ำฝน,ออกดอก,กข81,0,0,0,0,0,0,0,0,0,0,0,0,0,0,0,0,0.45900000000000002,0,8.4860000000000007,0,0,0,0,0,0,0,0,0,0,0,0,0,1.6666669999999999,หญ้า,หญ้าข้าวนก
45743,พัทลุง,7.7578909999999999,100.088303,นาชลประทาน,ตั้งท้อง,กข41,0,0,0,0,0,0,0,0,0,0.25600000000000001,0,0,0,0,0,0,0.51300000000000001,0,2.0510000000000002,0,0.25600000000000001,0,0,0,0,0,0,1.2050000000000001,0,0,0,0,1.6666669999999999,กก,หนวดปลาดุก
45744,นครศรีธรรมราช,8.1139880000000009,100.102915,นาชลประทาน,แตกกอ,กข11,0,0,0,0,0,0,0,0,0,0,0,0,0,0,0,0,0,0,12.471,0,0,0,0,0,0,0,0,0,0,0,0,0,1.6666669999999999,หญ้า,หญ้าข้าวนก
45744,นครศรีธรรมราช,8.1142369999999993,100.103802,นาชลประทาน,แตกกอ,กข111,0,0,0,0,0,0,0,0,0,0.89900000000000002,0,0,0,0,0,0,0,0,13.034000000000001,0,0,0,0,0,0,0,0,0,0,0,0,0,1.6666669999999999,หญ้า,หญ้าข้าวนก
45744,นครศรีธรรมราช,8.1538950000000003,100.133335,นาชลประทาน,ออกดอก,กข61,0,0,0,0,0,0,0,0,0,0.70199999999999996,0,0,0,0,0,0,0,0,7.3680000000000003,0,0,0,0,0,0,0,0,0,0,0,0,0,36.666699999999999,หญ้า,หญ้าดอกขาว
45744,นครศรีธรรมราช,8.1689530000000001,100.135955,นาชลประทาน,ออกรวง,กข61,0,0,0,0,0,0.96199999999999997,0,0,0,0,0,0,0,0,0,0,0,0,0,0,0,0,0,2.8849999999999998,0,0,0,0,0,0,0,0,45,หญ้า,หญ้าข้าวนก
45744,นครศรีธรรมราช,8.2004099999999998,100.153702,นาน้ำฝน,ออกรวง,กข41,0,0,0,0,0.84,0,0,0,0,0,0,0,0,0,0,0,0,0,0,0,0,0,0,0,0,0,0,0,0,0,0,0,3.3333300000000001,กก,กกสามเหลี่ยม
45744,นครศรีธรรมราช,8.1993899999999993,100.15349500000001,นาน้ำฝน,ออกรวง,กข41,0,0,0,0,1.667,0,0,0,0,0,0,0,0,0,0,0,0,0,0.55600000000000005,0,0,0,0,0,0,0,0,0,0,0,0,0,48.333300000000001,หญ้า,หญ้าข้าวนก
45744,นครศรีธรรมราช,8.1994690000000006,100.15295500000001,นาน้ำฝน,ออกรวง,กข41,0,0,0,0,1.4490000000000001,0,0,0,0,0,0,0,0,0,0,0,0.24199999999999999,0,0.96599999999999997,0,0,0,0,1.4490000000000001,0,0,0,0,0,0,0,0,68.333299999999994,หญ้า,หญ้าข้าวนก
45757,พัทลุง,7.6694250000000004,100.12397300000001,นาชลประทาน,ออกรวง,กข61,0,0,0,0,0,0,0,0,0,0,0,0,0,0,0,0,0,0,7.3529999999999998,0,0,0,0,0,0,0,0,0,0,0,0,0,45,หญ้า,หญ้าพุ่มพวง
45757,พัทลุง,7.669251,100.12302099999999,นาชลประทาน,ออกรวง,กข61,0,0,0,0,0,0,0,0,0,0,0,0,0,0,0,0,0,0,3.86,0,0,0,0,0,0,0,0,0,0,0,0,0,45,หญ้า,พุ่มพวง
45757,พัทลุง,7.7382479999999996,100.104116,นาชลประทาน,ออกรวง,กข61,0,0,0,0,0,0,0,0,0,0,0,0,0,0,0,0,0,0,1.506,0,0,0,0,0,0,0,0,0,0,0,0,0,20,หญ้า,หญ้าข้าวนก
45757,พัทลุง,7.7386039999999996,100.103781,นาชลประทาน,ออกรวง,กข61,0,0,0,0,0,0,0,0,0,0,0,0,0,0,0,0,0,0,1.333,0,0,0,0,0,0,0,0,0,0,0,0,0,36.666699999999999,กก,กกสามเหลี่ยม
45757,พัทลุง,7.7383179999999996,100.103251,นาชลประทาน,ออกรวง,กข61,0,0,0,0,0,0,0,0,0,0,0,0,0,0,0,0,0,0,5.5750000000000002,0,0,0,0,0,0,0,0,0,0,0,0,0,45,หญ้า,หญ้าพุ่มพวง
45757,พัทลุง,7.739401,100.098496,นาชลประทาน,ออกรวง,กข61,0,0,0,0,0,0,0,0,0,0,0,0,0,0,0,0,0,0,4.5830000000000002,0,0,0,0,6.452,0,0,0,0,0,0,0,0,20,กก,กกสามเหลี่ยม
45757,พัทลุง,7.7389239999999999,100.09212599999999,นาชลประทาน,ออกรวง,กข61,0,0,0,0,0,0,0,0,0,0,0,0,0,0,0,0,0,0,2.6139999999999999,0,0,0,0,3.7970000000000002,0,0,0,0,0,0,0,0,10,หญ้า,หญ้ากระดูกไก่
45757,พัทลุง,7.7384969999999997,100.089474,นาชลประทาน,ออกรวง,กข61,0,0,0,0,0,0,0,0,0,0,0,0,0,0,0,0,0,0,2.3359999999999999,0,0,0,0,6.6669999999999998,0,0,0,0,0,0,0,0,5,หญ้า,หญ้าพุ่มพวง
45757,พัทลุง,7.7528589999999999,100.09279600000001,นาชลประทาน,ออกรวง,กข61,0,0,0,0,0,0,0,0,0,0,0,0,0,0,0,0,0,0,1.7070000000000001,0,0,0,0,6.41,0,0,0,0,0,0,0,0,5,กก,กกสามเหลี่ยม
45757,พัทลุง,7.7573509999999999,100.092063,นาชลประทาน,ออกรวง,กข61,0,0,0,0,0,0,0,0,0,0,0,0,0,0,0,0,0,0,3.38,0,0,0,0,4.9020000000000001,0,0,0,0,0,0,0,0,5,หญ้า,หญ้ากระดูกไก่
45765,พะเยา,19.391468,99.805449999999993,นาชลประทาน,ออกดอก,ไม่ทราบพันธุ์ข้าว,0,0,0,0,0,0,0,0,0,0,0,0,0,0,0,0,0,0,28.94,0,0,0,0,0,0,0,0,0,0,0,0,0,5,กก,กกสามเหลี่ยม
45765,พะเยา,19.385021999999999,99.807096000000001,นาชลประทาน,ก่อนเก็บเกี่ยว,ไม่ทราบพันธุ์ข้าว,0,0,0,0,0,0,0,0,0,0,0,0,0,0,0,0,0,0,7.82,0,0,0,0,34.479999999999997,0,0,0,0,0,0,0,0,5,กก,กกสามเหลี่ยม
45765,พะเยา,19.292705999999999,99.819505000000007,นาชลประทาน,ก่อนเก็บเกี่ยว,ไม่ทราบพันธุ์ข้าว,0,0,0,0,0,0,0,0,0,0,0,0,0,0,0,0,0,0,0,30.72,0,0,0,59.79,0,16.489999999999998,0,0,0,0,0,0,5,กก,หนวดปลาดุก
45765,พะเยา,19.204215000000001,99.849519000000001,นาชลประทาน,ออกดอก,ไม่ทราบพันธุ์ข้าว,2.2599999999999998,0,0,0,0,0,0,0,0,0,0,0,0,0,0,0,0,0,0,21.5,0,0,0,0,0,0,0,0,0,0,0,0,5,หญ้า
45779,แพร่,18.293565999999998,100.196624,นาชลประทาน,ก่อนเก็บเกี่ยว,ไม่ทราบพันธุ์ข้าว,0,0,0,0,0,0.2,0,0,0,0,0,0,0,0,0,0,0,0,16.670000000000002,0,0,32.76,0,45.98,0,2.2999999999999998,0,0,0,0,0,0,20,กก,หนวดปลาดุก
45779,แพร่,18.354991999999999,100.189593,นาชลประทาน,ก่อนเก็บเกี่ยว,ไม่ทราบพันธุ์ข้าว,2.67,0,0,0,0,0,0,0,0,0,0,0,0,0,0,0,0,0,5.33,0,0,30.67,0,44,0,6.67,0,0,0,0,0,0,10,กก,หนวดปลาดุก
45779,แพร่,18.355160000000001,100.19225400000001,นาชลประทาน,ก่อนเก็บเกี่ยว,ไม่ทราบพันธุ์ข้าว,4,0,0,0,0,0,0,0,0,0,0,0,0,0,0,0,0,0,8.67,0,0,55.33,0,82.67,0,12,0,0,0,0,0,0,10,กก,หนวดปลาดุก
45733,พัทลุง,7.6645690000000002,100.124836,นาชลประทาน,แตกกอ,กข61,0,1,0,0,0,0,0,0,0,0,0,0,0,0,0,0,0,0,1,0,0,0,0,0,0,0,0,0,0,0,0,0,60,หญ้า,หญ้้าไม้กวาด
45733,พัทลุง,7.6647670000000003,100.124904,นาชลประทาน,แตกกอ,กข61,0,0,0,0,0,0,0,0,0,0,0,0,0,0,0,0,0,0,0,0,0,0,0,0,0,0,0,0,0,0,0,0,40,กก,กกสามเหลี่ยม
45733,พัทลุง,7.66899,100.125756,นาชลประทาน,แตกกอ,กข61,0,0,0,0,0,0,0,0,0,0,0,0,0,0,0,0,0,0,2,0,0,0,0,0,0,0,0,0,0,0,0,0,40,กก,กกสามเหลี่ยม
45733,พัทลุง,7.6675800000000001,100.1237789,นาชลประทาน,แตกกอ,กข81,0,5,0,0,0,0,0,0,0,3,0,0,0,0,0,0,0,0,5,0,0,0,0,0,0,0,0,0,0,0,0,0,40,หญ้า,หญ้าข้าวนก
45733,พัทลุง,7.6679190000000004,100.12391700000001,นาชลประทาน,แตกกอ,กข81,0,3,0,0,0,0,0,0,0,0,0,0,0,0,0,0,0,0,0,0,0,0,0,0,0,0,0,0,0,0,0,0,60,กก,หญาข้าวนก
45733,พัทลุง,7.7382099999999996,100.103595,นาชลประทาน,แตกกอ,กข81,0,0,0,0,0,0,0,0,0,0,0,0,0,0,0,0,0,0,5,0,0,0,0,0,0,0,0,0,0,0,0,0,40,หญ้า,หญ้าข้าวนก
45733,พัทลุง,7.7382099999999996,100.103595,นาชลประทาน,แตกกอ,กข81,0,0,0,0,0,0,0,0,0,5,0,0,0,1,0,0,0,0,2,0,0,0,0,0,0,0,0,0,0,0,0,0,30,กก,กกขนาบ
45733,พัทลุง,7.7386650000000001,100.100516,นาชลประทาน,แตกกอ,กข81,0,0,0,0,0,0,0,0,0,0,0,0,0,0,0,0,0,0,0,0,0,0,0,0,0,0,0,0,0,0,0,0,50,หญ้า,หญ้าหนวดปลาดุก
45733,พัทลุง,7.7389125999999999,100.0976854,นาชลประทาน,ตั้งท้อง,กข79,0,0,0,0,0,3,0,0,0,0,0,0,0,0,0,0,0,0,0,0,0,0,0,0,0,0,0,0,0,0,0,0,80,หญ้า,ข้าวนก
45733,พัทลุง,7.7383889999999997,100.092538,นาชลประทาน,ออกดอก,กข79,0,0,0,0,0,0,0,0,0,0,0,0,0,0,0,0,0,0,23,0,0,0,0,0,0,0,0,0,0,0,0,0,50,หญ้า,หญ้าข้าวนก
45733,พัทลุง,7.7389285000000001,100.09278500000001,นาชลประทาน,ออกรวง,กข79,0,0,0,0,0,0,0,0,0,0,0,0,0,0,0,0,0,0,0,0,0,0,0,12,0,0,0,0,0,0,0,0,60,หญ้า,หญ้าข้าวนก
45730,สงขลา,7.8514724999999999,100.24753440000001,นาชลประทาน,ออกรวง,กข79,0,0,0,0,0,0,0,0,0,0,0,0,0,0,0,0,0,0,0,0,0,0,0,0,0,0,0,0,0,0,0,0,60,หญ้า,หญ้าข้าวนก
45730,สงขลา,7.8417284,100.2627305,นาชลประทาน,ตั้งท้อง,กข61,0,0,0,0,0,0,0,0,0,0,0,0,0,0,0,0,0,0,5,0,0,0,0,0,0,0,0,0,0,0,0,0,80,กก,กกสามเหลี่ยม
45785,พังงา,7.2058070000000001,100.223314,นาชลประทาน,ระยะกล้า,กข 79,0,0,0,0,0,0,0,0,0,0,0,0,0,0,0,0,0,0,0,0,0,0,0,0,0,0,0,0,0,0,0,0,0,พืชใบเลี้ยงคู่ใบกว้าง,ตาลปัตรฤาษี
45785,พัทลุง,7.2052050000000003,100.225713,นาชลประทาน,ระยะกล้า,กข 79,0,0,0,0,0,0,0,0,0,0,0,0,0,0,0,0,0,0,0,0,0,0,0,0,0,0,0,0,0,0,0,0,1.6666700000000001,พืชใบเลี้ยงคู่ใบกว้าง,ผักแว่น
45785,พัทลุง,7.205184,100.222087,นาชลประทาน,ระยะกล้า,กข 79,0,0,0,0,0,0,0,0,0,0,0,0,0,0,0,0,0,0,0,0,0,0,0,0,0,0,0,0,0,0,0,0,1.6666700000000001,หญ้า,ผักแว่น
45785,พัทลุง,7.232977,100.29473,นาชลประทาน,แตกกอ,กข 79,0,0,0,0,0,0,0,0,0,0,0,0,0,0,0,0,0,0,1.351,0,0,0,0,0,0,0,0,0,0,0,0,0,15,หญ้า,หญ้าดอกขาว/ตาลปัตรฤาษี
45785,พัทลุง,7.2326280000000001,100.29591000000001,นาชลประทาน,แตกกอ,กข 79,0,0,0,0,0,0,0,0,0,0,0,0,0,0,0,0,0,0,2.6880000000000002,0,0,0,0,0,0,0,0,0,0,0,0,0,80,หญ้า,หญ้าดอกขาว/เทียนนา/กกสามเหลี่ยม
45785,พัทลุง,7.2364449999999998,100.297648,นาชลประทาน,แตกกอ,กข 79,0,0,0,0,0,0,0,0,0,0,0,0,0,0,0,0,0,0,1.802,0,0,0,0,0,0,0,0,0,0,0,0,0,0,หญ้า,ผักปอดนา/ตาลปัตรฤาษี
45785,พัทลุง,7.6953969999999998,100.106656,นาชลประทาน,ตั้งท้อง,กข 81,0,0,0,0,0,0,0,0,0,0,0,0,0,0,0,0,0,0,2.694,0,0,0,0,0,0,0,0,0,0,0,0,0,23.333300000000001,หญ้า,หญ้าข้าวนก/หญ้าพุ่มพวง/กกสามเหลี่ยม
45785,พัทลุง,7.6926449999999997,100.106295,นาชลประทาน,ออกรวง,กข 81,0,0,0,0,0,0,0,0,0,0,0,0,0,0,0,0,0,0,1.196,0,0,0,0,11.111000000000001,0,0,0,0,0,0,0,0,10,หญ้า,หญ้าข้าวหาง/ผักปอดนา/กกสามเหลี่ยม
45785,พัทลุง,7.6951520000000002,100.101786,นาชลประทาน,ออกรวง,กข 81,0,0,0,0,0,0,0,0,0,0,0,0,0,0,0,0,0,0,3.2469999999999999,0,0,0,0,14.754,0,0,0,0,0,0,0,0,68.333299999999994,หญ้า,ข้าวหาง/กกสามเหลี่ยม
45785,พัทลุง,7.692704,100.101382,นาชลประทาน,ออกรวง,กข 81,0,0,0,0,0,0,0,0,0,0,0,0,0,0,0,0,0,0,1.583,0,0,0,0,5.1470000000000002,0,0,0,0,0,0,0,0,36.666699999999999,หญ้า,หญ้าข้าวนก/ตาลปัตรฤาษี/กกสามเหลี่ยม
45785,พัทลุง,7.6934250000000004,100.080474,นาชลประทาน,ออกรวง,กข 81,0,0,0,0,0,0,0,0,0,0,0,0,0,0,0,0,0,0,1.147,0,0,0,0,8.5709999999999997,0,0,0,0,0,0,0,0,10,หญ้า,หญ้าพุ่มพวง/หญ้าดอกขาว/กกสามเหลี่ยม
45785,พัทลุง,7.7008539999999996,100.080842,นาชลประทาน,ก่อนเก็บเกี่ยว,กข 81,0,0,0,0,2.8570000000000002,4.2859999999999996,0,0,0,0,0,0,0,0,0,0,0,0,8.9610000000000003,1.075,0,0,0,7.2069999999999999,0,0,0,0,0,0,0,0,28.333300000000001,หญ้า,หญ้าพุ่มพวง
45733,พัทลุง,7.7388649999999997,100.09079199999999,นาชลประทาน,แตกกอ,กข81,0,2,0,0,0,0,0,0,0,5,0,0,0,0,0,0,0,0,0,0,0,0,0,0,0,0,0,0,0,0,0,0,50,หญ้า,หญ้าข้าวนก
45733,พัทลุง,7.7019570000000002,100.07995200000001,นาชลประทาน,แตกกอ,กข79,0,7,0,0,0,0,0,0,0,10,0,0,0,0,0,0,0,0,0,0,0,0,0,0,0,0,0,0,0,0,0,0,40,หญ้า,หญ้าข้าวนก
45793,พัทลุง,7.6394349999999998,100.150119,นาชลประทาน,ก่อนเก็บเกี่ยว,กข81,0,0,0,0,0,0,0,0,0,0,0,0,0,0,0,0,0,0,10,0,0,5,0,10,0,0,0,0,0,0,0,0,80,หญ้า,หญ้าข้าวนก
45793,พัทลุง,7.6388499999999997,100.15018499999999,นาชลประทาน,ก่อนเก็บเกี่ยว,กข81,0,0,0,0,0,0,0,0,0,0,0,0,0,0,0,0,0,0,10,5,0,0,0,0,0,0,0,0,0,0,0,0,90,หญ้า,หญ้าข้าวนก
45793,พัทลุง,7.6396629999999996,100.14984,นาชลประทาน,ก่อนเก็บเกี่ยว,กข81,0,0,0,0,0,0,0,0,0,0,0,0,0,0,0,0,0,0,20,0,0,0,0,0,0,0,0,0,0,0,0,0,90,หญ้า,หญาข้าวนก
45793,พัทลุง,7.6953800000000001,100.106347,นาชลประทาน,ก่อนเก็บเกี่ยว,กข29,0,0,0,0,0,0,0,0,0,0,0,0,0,0,0,0,0,0,50,0,0,0,0,20,0,0,0,0,0,0,0,0,70,หญ้า,หญ้าข้าวนก
45800,นครศรีธรรมราช,8.1086690000000008,100.09754700000001,นาชลประทาน,ก่อนเก็บเกี่ยว,กข79,0,0,0,0,0,3,0,0,0,0,0,0,0,0,0,0,5,1,10,0,0,2,0,10,1,0,0,0,0,0,0,0,50,หญ้า,หญ้าเดือยไก่
45800,นครศรีธรรมราช,8.1598989999999993,100.17763100000001,นาชลประทาน,ก่อนเก็บเกี่ยว,กข79,0,0,0,0,10,2,0,0,0,0,0,0,0,0,0,0,0,0,10,0,0,5,0,20,0,0,0,0,0,0,0,0,60,กก,หนวดปลาดุก
45800,นครศรีธรรมราช,8.1606939999999994,100.178567,นาชลประทาน,ก่อนเก็บเกี่ยว,กข81,0,0,0,0,20,0,0,0,0,0,0,0,0,0,0,0,2,0,30,0,0,1,0,10,0,0,0,0,0,0,0,0,40,กก,กกสามเหลี่ยม
45800,นครศรีธรรมราช,8.1588890000000003,100.17797400000001,นาชลประทาน,ก่อนเก็บเกี่ยว,กข79,0,0,0,0,4,0,0,0,0,0,0,0,0,0,0,0,0,0,30,0,0,0,0,10,0,0,0,0,0,0,0,0,60,หญ้า,หญ้าเดือยไก่
45800,นครศรีธรรมราช,8.1607330000000005,100.178051,นาชลประทาน,ออกรวง,กข81,0,0,0,0,10,0,0,0,0,0,0,0,0,0,0,0,10,0,30,0,0,10,0,40,0,0,0,0,0,0,0,0,45,หญ้า,หญ้าข้าวนก
45800,นครศรีธรรมราช,8.0840150000000008,100.25708400000001,นาชลประทาน,ออกรวง,ปทุมธานี 1,0,0,10,0,0,10,0,0,0,0,0,0,0,0,0,0,10,1,20,0,0,1,0,20,0,0,0,0,0,0,0,0,10,หญ้า,ข้าววัชพืช
45800,นครศรีธรรมราช,8.0835240000000006,100.25616100000001,นาชลประทาน,ออกรวง,ปทุมธานี 1,0,0,0,0,10,20,0,0,0,0,0,0,0,0,0,0,30,5,35,0,0,1,0,30,0,0,0,0,0,0,0,0,20,หญ้า,ข้าววัชพืช
45800,นครศรีธรรมราช,8.0827360000000006,100.25602000000001,นาชลประทาน,ออกรวง,ปทุมธานี 1,0,0,0,0,10,10,0,0,0,0,0,0,0,0,0,0,0,0,1,0,0,1,0,12,0,0,0,0,0,0,0,0,20,กก,กกสามเหลียม
45800,นครศรีธรรมราช,8.0838950000000001,100.25803500000001,นาชลประทาน,ออกรวง,กข79,0,0,0,0,30,0,0,0,0,0,0,0,0,0,0,0,20,10,20,0,0,2,0,10,0,0,0,0,0,0,0,0,30,กก,กกสามเหลี่ยม
45800,นครศรีธรรมราช,8.0838140000000003,100.258081,นาชลประทาน,ออกรวง,กข79,0,0,0,0,15,10,0,0,0,0,0,0,0,0,0,0,10,1,20,0,0,0,0,20,1,0,0,0,0,0,0,0,10,หญ้า,หญ้าข้าวนก
45800,นครศรีธรรมราช,8.0707199999999997,100.259494,นาชลประทาน,ก่อนเก็บเกี่ยว,ปทุมธานี 1,0,0,0,0,0,0,0,0,0,0,0,0,0,0,0,0,10,1,2,0,0,0,0,10,0,0,0,0,0,0,0,0,20,หญ้า,หญ้าข้าวนก
45800,นครศรีธรรมราช,8.0706330000000008,100.259615,นาชลประทาน,ก่อนเก็บเกี่ยว,ปทุมธานี 1,0,0,0,0,10,0,0,0,0,0,0,0,0,0,0,0,10,5,10,0,0,10,0,20,0,0,0,0,0,0,0,0,30,หญ้า,หญ้าข้าวนก
45800,นครศรีธรรมราช,8.0706330000000008,100.259615,นาชลประทาน,ก่อนเก็บเกี่ยว,ปทุมธานี 1,0,0,0,0,10,0,0,0,0,0,0,0,0,0,0,0,50,1,10,0,0,0,0,10,0,0,0,0,0,0,0,0,10,หญ้า,หญ้าข้าวนก
45800,นครศรีธรรมราช,8.0706959999999999,100.259742,นาชลประทาน,ก่อนเก็บเกี่ยว,ปทุมธานี 1,0,0,0,0,10,0,0,0,0,0,0,0,0,0,0,0,30,0,5,0,0,1,0,10,0,0,0,0,0,0,0,0,10,หญ้า,หญ้าข้าวนก
45800,นครศรีธรรมราช,8.0704650000000004,100.259438,นาชลประทาน,ก่อนเก็บเกี่ยว,ปทุมธานี 1,0,0,0,0,0,0,0,0,0,0,0,0,0,0,0,0,40,1,10,0,0,1,0,15,0,0,0,0,0,0,0,0,10,หญ้า,หญ้าข้าวนก
45806,อุทัยธานี,15.383520000000001,100.07165999999999,นาชลประทาน,แตกกอ,กข41,0,0,0.81599999999999995,0,0,0,0,0.91900000000000004,0,0.10199999999999999,1,0,0,0,0,0,0,0.10199999999999999,0.30599999999999999,0,0.20399999999999999,0,0,0,0,0,0,0,0,0,0,0,23.33,กก,กกขนาก
45806,อุทัยธานี,15.389239999999999,100.09269,นาชลประทาน,แตกกอ,กข41,0,0,0,0,0,0,0,6.0609999999999999,0,0,1,0,0,0,0,0,0,0,1.347,0,0.33700000000000002,0,0,0,0,0,0,0,0,0,0,0,5,พืชใบเลี้ยงคู่ใบกว้าง,ผักปอดนา
45806,อุทัยธานี,15.38405,99.783720000000002,นาชลประทาน,ตั้งท้อง,กข85,0,0,0,0,0,0,0,5.6289999999999996,0,2.3180000000000001,0,0,0,0,0,0,0,0,7.6159999999999997,0,1.9870000000000001,0,0,0,0,0,0,0,0,0,0,0,5,กก,กกขนาก
45806,อุทัยธานี,15.37738,99.759529999999998,นาชลประทาน,แตกกอ,กข41,14.952999999999999,0,0,0,0,0,0,2.1429999999999998,0,0.23799999999999999,0,0,0,0,0,0,0,0,3.81,0,1.19,0,0,0,0,0,0,0,0,0,0,0,1.67,กก,กกขนาก
45806,อุทัยธานี,15.39054,99.729659999999996,นาชลประทาน,แตกกอ,กข79,0,0,2.7269999999999999,0,0,0,0,4.1980000000000004,0,0.247,0,0,0,0,0,0,0,0,0.247,5.1849999999999996,0.247,0,0,0,0,0,0,0,0,0,0,0,0
45806,อุทัยธานี,15.39536,99.718860000000006,นาชลประทาน,แตกกอ,กข79,0,0,0,0,0,0,0,9.4969999999999999,0,0,0,0,0,0,0,0,0,0,0.27900000000000003,1.117,2.5139999999999998,0,0,0,0,0,0,0,0,0,0,0,1.67,พืชใบเลี้ยงคู่ใบกว้าง,ผักบุ้ง
45806,อุทัยธานี,15.41536,99.687560000000005,นาชลประทาน,ตั้งท้อง,กข85,0,0,1.2050000000000001,0,0,0,0,7.0990000000000002,0,0.309,0,0,0,0,0,0,0,0,2.4689999999999999,0.92600000000000005,1.5429999999999999,0,0,0,0,0,0,0,0,0,0,0,1.67,พืชใบเลี้ยงคู่ใบกว้าง,ผักบุ้ง
45806,อุทัยธานี,15.340590000000001,99.646240000000006,นาชลประทาน,ตั้งท้อง,กข85,0,0,0.752,0,0,0,0,2.569,0,0.39500000000000002,0,0,0,0,0,0,0,0,0.19800000000000001,0.39500000000000002,0.98799999999999999,0,0,0,0,0,0,0,0,0,0,0,1.67,หญ้า,หญ้าข้าวนก
45806,อุทัยธานี,15.332549999999999,99.641829999999999,นาชลประทาน,ตั้งท้อง,กข85,0,0,1.6850000000000001,0,0,0,0,2.95,0,0,0,0,0,0,0,0,0,0,1.77,0.14699999999999999,0.14699999999999999,0,0,0,0,0,0,0,0,0,0,0,5,พืชใบเลี้ยงคู่ใบกว้าง,ผักปอดนา
45806,อุทัยธานี,15.31734,99.645930000000007,นาชลประทาน,ตั้งท้อง,กข85,0,0,3.1850000000000001,0,0,0,0,5.5279999999999996,0,0.33500000000000002,0,0,0,0,0,0,0,0,2.5129999999999999,0,0.16800000000000001,0,0,0,0,0,0,0,0,0,0,0,3.33,พืชใบเลี้ยงคู่ใบกว้าง,ผักปอดนา
45819,พัทลุง,7.7094129999999996,100.062156,นาชลประทาน,แตกกอ,หอมปทุม,0,0,0,0,0,0,0,0,0,0,0,0,0,0,0,0,0,0,19.036000000000001,0,0,0,0,0,0,0,0,3.9220000000000002,0,0,0,0,23.333300000000001,หญ้า,ปอดนา/กกสามเหลี่ยม/หนวดปลาดุก
45819,พัทลุง,7.7104879999999998,100.061618,นาชลประทาน,ตั้งท้อง,หอมปทุม,0,0,0,0,0,0,0,0,0,0,0,0,0,0,0,0,0,0,21.103000000000002,0,0,0,0,0,0,0,0,0,0,0,0,0,0,-
45819,พัทลุง,7.6872309999999997,99.986040000000003,นาชลประทาน,ก่อนเก็บเกี่ยว,กข81,0,0,0,0,2.198,0,0,0,0,0,0,0,0,0,0,0,0,0,13.936999999999999,0,0,0,0,24.175999999999998,0,0,0,0,0,0,0,0,36.666699999999999,หญ้า,เทียนนา/หญ้าพุ่มพวง
45819,พัทลุง,7.6864759999999999,99.986378999999999,นาชลประทาน,ก่อนเก็บเกี่ยว,กข81,0,0,0,0,2.0830000000000002,0,0,0,0,0,0,0,0,0,0,0,0,0,14.676,0,0,3.4129999999999998,0,18.75,0,0,0,0,0,0,0,0,15,หญ้า,พุ่มพวง/เทียนนา
45819,พัทลุง,7.7139509999999998,100.02922700000001,นาชลประทาน,ก่อนเก็บเกี่ยว,กข81,0,0,0,0,8.3330000000000002,5.2080000000000002,0,0,0,0,0,0,0,0,0,0,0,0,15.209,0,0,0,0,51.042000000000002,0,0,0,0,0,0,0,0,31.666699999999999,หญ้า,พุ่มพวง
45819,พัทลุง,7.7111200000000002,100.031336,นาชลประทาน,ก่อนเก็บเกี่ยว,กข81,0,0,0,0,3,5,0,0,0,0,0,0,0,0,0,0,0,0,22.989000000000001,0,0,0,0,33,0,0,0,0,0,0,0,0,15,หญ้า,เทียนนา/หญ้ากระดูกไก่/พุ่มพวง
45819,พัทลุง,7.7109350000000001,100.028694,นาชลประทาน,ก่อนเก็บเกี่ยว,กข81,0,0,0,0,0,0,0,0,0,0,0,0,0,0,0,0,1.754,0,10.526,0,0,0,0,18.094999999999999,0,0,0,0,0,0,0,0,1.6666700000000001,หญ้า,พุ่มพวง
45819,พัทลุง,7.7110200000000004,100.025656,นาชลประทาน,ก่อนเก็บเกี่ยว,กข81,0,0,0,0,2.222,1.111,0,0,0,0,0,0,0,0,0,0,0,0,7.1429999999999998,0,0,0,0,20,0,0,0,0,0,0,0,0,8.3333300000000001,หญ้า,พุ่มพวง/ปอดนา
45819,พัทลุง,7.7115320000000001,100.037539,นาชลประทาน,ออกรวง,กข81,0,0,0,0,1.1759999999999999,0,0,0,0,0,0,0,0,0,0,0,0,0,16.114000000000001,0,0,0,0,57.646999999999998,0,0,0,0,0,0,0,0,15,กก,พุ่มพวง/ปอดนา/กกสามเหลี่ยม/หนวดปลาดุก
45819,พัทลุง,7.7100049999999998,100.042967,นาชลประทาน,ออกรวง,กข81,0,0,0,0,0.96199999999999997,0,0,0,0,0,0,0,0,0,0,0,0,0,16.437999999999999,0,0,0,0,44.231000000000002,0,0,0,0,0,0,0,0,15,กก,กกสามเหลี่ยม
45821,พัทลุง,7.6327660000000002,100.05478600000001,นาชลประทาน,แตกกอ,กข5451,0,0,0,0,0,0,0,0,0,0,0,0,0,0,0,0,0,0,2.4710000000000001,7.7949999999999999,0,0,0,0,0,0,0,0,0,0,0,0,3.3333300000000001,กก,กกขนาก/หนวดปลาดุก
45821,พัทลุง,7.6321019999999997,100.053096,นาชลประทาน,แตกกอ,กข5451,0,0,0,0,0,0,0,0,0,2.9239999999999999,0,0,0,0,0,0,0,0,1.5589999999999999,2.9239999999999999,0,0,0,0,0,0,0,0,0,0,0,0,5,กก,ผักบุ้ง/ปอดนา/กกสามเหลี่ยม/หนวดปลาดุก
45828,พัทลุง,7.7459189999999998,99.991870000000006,นาชลประทาน,ตั้งท้อง,กข79,0,0,1,0,0,2,0,0,0,1,0,0,0,0,0,0,90,0,1,0,0,0,0,0,0,0,0,0,0,0,0,0,10,กก,กกสามเหลี่ยม
45828,สกลนคร,17.281815000000002,104.092479,นาชลประทาน,ระยะกล้า,กข15,0,0,0,0,0,0,0,0,0,0,0,0,0,0,0,0,0,0,0,1.59,0,0,0,0,0,0,0,0,0,0,0,0,0
45831,สกลนคร,7.2937289999999999,104.061421,นาชลประทาน,ระยะกล้า,ขาวดอกมะลิ105,0,0,0,0,0,0,0,0,0,0,0,0,0,1,0,0,0,0,1.32,0.33,0,0,0,0,0,0,0,0,0,0,0,0,0
45831,สกลนคร,17.293825999999999,104.061463,นาชลประทาน,ระยะกล้า,กข6,0,0,0,0,0,0,0,0,0,0,0,0,0,0,0,0,0,0,0.55000000000000004,2.2000000000000002,0,0,0,0,0,0,0,0,0,0,0,0,5,พืชใบเลี้ยงคู่ใบกว้าง,เทียนนนา
45831,สกลนคร,17.319562999999999,104.03356599999999,นาน้ำฝน,ระยะกล้า,กข6,0,0,0,0,0,0,0,0,0,0,0,0,0,0,0,0,0,0,0.65,1.08,0,0,0,0,0,0,0,0,0,0,0,0,0
45831,สกลนคร,17.316963000000001,104.023397,นาน้ำฝน,ระยะกล้า,อีแดงเล้าแตก,0,0,0,0,0,0,0,0,0,0,0,0,0,0,0,0,0,0,0,0.53,0,0,0,0,0,0,0,0,0,0,0,0,0
45831,สกลนคร,17.316869000000001,104.023354,นาน้ำฝน,ระยะกล้า,กข6,0,0,0,0,0,0,0,0,0,0,0,0,0,0,0,0,0,0,0,0.25,0,0,0,0,0,0,0,0,0,0,0,0,0
45832,อุดรธานี,17.36787,103.240064,นาน้ำฝน,ระยะกล้า,กข6,0,0,0,0,0,0,0,0,0,0,0,0,0,0,0,0,0,0,1.36,2.99,0,0,0,0,0,0,0,0,0,0,0,0,0
45832,อุดรธานี,17.379175,103.24297900000001,นาน้ำฝน,ระยะกล้า,กข6,0,0,0,0,0,0,0,0,0,0,0,0,0,0,0,0,0,0,0,25,0,0,0,0,0,0,0,0,0,0,0,0,0
45832,อุดรธานี,17.379017000000001,103.243385,นาน้ำฝน,ระยะกล้า,ขาวดอกมะลิ105,0,0,0,0,0,0,0,0,0,0,0,0,0,0,0,0,0,0,1.37,10.99,0,0,0,0,0,0,0,0,0,0,0,0,0
45832,อุดรธานี,17.398215,103.182017,นาน้ำฝน,ระยะกล้า,หอมสุรินทร์,0,0,0,0,0,0,0,0,0,0,0,0,0,0,0,0,0,0,0,19.850000000000001,0,0,0,0,0,0,0,0,0,0,0,0,1.67,กก,กกทราย
45832,อุดรธานี,17.398333000000001,103.181888,นาน้ำฝน,ระยะกล้า,กข6,0,0,0,0,0,0,0,0,0,0,0,0,0,0,0,0,0,0,0,21.05,0,0,0,0,0,0,0,0,0,0,0,0,0
45832,อุดรธานี,17.398599999999998,103.161924,นาน้ำฝน,ระยะกล้า,กข6,0,0,0,0,0,0,0,0,0,0,0,0,0,0,0,0,0,0,1.47,0.28999999999999998,0,0,0,0,0,0,0,0,0,0,0,0,0
45832,อุดรธานี,17.391724,103.15901700000001,นาน้ำฝน,ระยะกล้า,กข22,0,0,0,0,0,0,0,0,0,0,0,0,0,0,0,0,0,0,0.56999999999999995,0,0,0,0,0,0,0,0,0,0,0,0,0,0
45832,อุดรธานี,17.391712999999999,103.158948,นาน้ำฝน,ระยะกล้า,กข15,0,0,0,0,0,0,0,0,0,0,0,0,0,0,0,0,0,0,3.02,4.4000000000000004,0,2.2000000000000002,0,0,0,0,0,0,0,0,0,0,0
45832,อุดรธานี,17.379038000000001,103.153409,นาน้ำฝน,ระยะกล้า,ขาวดอกมะลิ105,0,0,0,0,0,0,0,0,0,0,0,0,0,0,0,0,0,0,0,1.72,0,0,0,0,0,0,0,0,0,0,0,0,0
45832,อุดรธานี,17.771514,103.970437,นาน้ำฝน,ระยะกล้า,กข6,0,0,0,0,0,0,0,0,0,0,0,0,0,0,0,0,0,0,2.5299999999999998,1.4,0,0.28000000000000003,0,0,0,0,0,0,0,0,0,0,0
45832,อุดรธานี,17.831871,103.08536700000001,นาน้ำฝน,ระยะกล้า,กข6,0,0,0,0,0,0,0,0,0,0,0,0,0,0,0,0,0,0,2.38,0,0,0,0,0,0,0,0,0,0,0,0,0,0
45832,อุดรธานี,17.831924000000001,103.085151,นาน้ำฝน,ระยะกล้า,กข15,0,0,0,0,0,0,0,0,0,0,0,0,0,0,0,0,0,0,0.46,1.38,0,0,0,0,0,0,0,0,0,0,0,0,0
45832,อุดรธานี,17.942430000000002,103.04947799999999,นาน้ำฝน,ระยะกล้า,กข15,0,0,0,0,0,0,0,0,0,0,0,0,0,0,0,0,0,0,2.13,0,0,3.72,0,0,0,0,0,0,0,0,0,0,1.67,กก,หนวดปลาดุก
45832,หนองคาย,17.943746000000001,103.05025500000001,นาน้ำฝน,ระยะกล้า,กข12,0,0,0,0,0,0,0,0,0,0,0,0,0,0,0,0,0,0,0,19.11,0,0,0,0,0,0,0,0,0,0,0,0,0
45832,หนองคาย,17.943686,103.050415,นาน้ำฝน,ระยะกล้า,ขาวดอกมะลิ105,0,0,0,0,0,0,0,0,0,0,0,0,0,0,0,0,0,0,1.9,4.08,0,0.82,0,0,0,0,0,0,0,0,0,0,5,พืชใบเลี้ยงคู่ใบกว้าง,"เทียนนา , หนวดปลาดุก"
45832,หนองคาย,18.069766000000001,103.084394,นาน้ำฝน,ระยะกล้า,กข12,0,0,0,0,0,0,0,0,0,0,0,0,0,0,0,0,0,0,1.23,1.23,0,0,0,0,0,0,0,0,0,0,0,0,80,กก,กกทราย
45832,หนองคาย,18.073627999999999,103.08050299999999,นาน้ำฝน,ระยะกล้า,กข12,0,0,0,0,0,0,0,0,0,0,0,0,0,0,0,0,0,0,0.28999999999999998,0.87,0,0,0,0,0,0,0,0,0,0,0,0,5,พืชใบเลี้ยงคู่ใบกว้าง,เทียนนา
45833,หนองคาย,18.133178999999998,103.221918,นาน้ำฝน,ระยะกล้า,กข6,0,0,0,0,0,0,0,0,0,0,0,0,0,0,0,0,0,0,0.57999999999999996,9.01,0,0,0,0,0,0,0,0,0,0,0,0,0
45833,หนองคาย,8.1033720000000002,103.232905,นาน้ำฝน,ระยะกล้า,กข6,0,0,0,0,0,0,0,0,0,0,0,0,0,0,0,0,0,0,4.55,0.38,0,0,0,0,0,0,0,0,0,0,0,0,0
45833,หนองคาย,18.092020000000002,103.241333,นาน้ำฝน,ระยะกล้า,กข15,0,0,0,0,0,0,0,0,0,0,0,0,0,0,0,0,0,0,1.35,20.27,0,0,0,0,0,0,0,0,0,0,0,0,0
45833,หนองคาย,18.090823,103.296375,นาน้ำฝน,ระยะกล้า,กข22,0,0,0,0,0,0,0,0,0,0,0,0,0,0,0,0,0,0,1.06,2.46,0,0,0,0,0,0,0,0,0,0,0,0,0
45833,หนองคาย,18.091176000000001,103.297809,นาน้ำฝน,ระยะกล้า,กข15,0,0,0,0,0,0,0,0,0,0,0,0,0,0,0,0,0,0,1.0900000000000001,2.17,0,0,0,0,0,0,0,0,0,0,0,0,0
45833,บึงกาฬ,18.092079999999999,103.314205,นาน้ำฝน,ระยะกล้า,กข12,0,0,0,0,0,0,0,0,0,0,0,0,0,0,0,0,0,0,0,15.19,0,0,0,0,0,0,0,0,0,0,0,0,45,พืชใบเลี้ยงคู่ใบกว้าง
45833,บึงกาฬ,18.09215,103.31393799999999,นาน้ำฝน,แตกกอ,กข12,0,0,0,0,0,0,0,0,0,0,0,0,0,0,0,0,0,0,0,20.53,0,0,0,0,0,0,0,0,0,0,0,0,0
45833,บึงกาฬ,18.102148,103.33518599999999,นาน้ำฝน,ระยะกล้า,กข6,0,0,0,0,0,0,0,0,0,0,0,0,0,0,0,0,0,0,1.32,9.2100000000000009,0,0.66,0,0,0,0,0,0,0,0,0,0,0
45833,บึงกาฬ,18.219958999999999,103.346839,นาน้ำฝน,ระยะกล้า,ขาวดอกมะลิ105,0,0,0,0,0,0,0,0,0,0,0,0,0,0,0,0,0,0,5.16,8.15,0,1.0900000000000001,0,0,0,0,0,0,0,0,0,0,0
45833,บึงกาฬ,18.354379999999999,103.329086,นาน้ำฝน,ระยะกล้า,กข6,0,0,0,0,0,0,0,0,0,0,0,0,0,0,0,0,0,0,2.69,4.03,0,0,0,0,0,0,0,0,0,0,0,0,0
45833,บึงกาฬ,18.355824999999999,103.32891499999999,นาน้ำฝน,ระยะกล้า,กข6,0,0,0,0,0,0,0,0,0,0,0,0,0,0,0,0,0,0,1.32,0,0,0,0,0,0,0,0,0,0,0,0,0,3.33,หญ้า
45833,บึงกาฬ,18.355170000000001,103.32832500000001,นาน้ำฝน,แตกกอ,น่าน59,0,0,0,0,0,0,0,0,0,0,0,0,0,0,0,0,0,0,1.05,1.05,0,0,0,0,0,0,0,0,0,0,0,0,20,กก,กกทราย
45833,บึงกาฬ,18.257825,103.70018399999999,นาน้ำฝน,ระยะกล้า,กข6,0,0,0,0,0,0,0,0,0,0,0,0,0,0,0,0,0,0,0.6,5.36,0,0.6,0,0,0,0,0,0,0,0,0,0,1.67,กก,กกทราย
45833,บึงกาฬ,18.259633000000001,103.699093,นาน้ำฝน,ระยะกล้า,กข6,0,0,0,0,0,0,0,0,0,0,0,0,0,0,0,0,0,0,1.94,1.39,0,0,0,0,0,0,0,0,0,0,0,0,0
45833,บึงกาฬ,18.296493000000002,103.739965,นาน้ำฝน,ระยะกล้า,ขาวดอกมะลิ105,0,0,0,0,0,0,0,0,0,0,0,0,0,0,0,0,0,0,1.62,0,0,4.22,0,0,0,0,0,0,0,0,0,0,28.33,หญ้า,โสนคากคก
45833,บึงกาฬ,18.296776999999999,103.74021999999999,นาน้ำฝน,ระยะกล้า,กข6,0,0,0,0,0,0,0,0,0,0,0,0,0,0,0,0,0,0,2.94,1.1000000000000001,0,2.21,0,0,0,0,0,0,0,0,0,0,0
45834,นครพนม,17.998427,104.180144,นาน้ำฝน,แตกกอ,กข6,0,0,0,0,0,0,0,0,0,0,0,0,0,0,0,0,0,0,1.74,2.4300000000000002,0,0,0,0,0,0,0,0,0,0,0,0,5,พืชใบเลี้ยงคู่ใบกว้าง
45834,นครพนม,17.998646000000001,104.17998799999999,นาน้ำฝน,แตกกอ,ขาวดอกมะลิ105,0,0,0,0,0,0,0,0,0,0,0,0,0,0,0,0,0,0,1.81,0.72,0,0.72,0,0,0,0,0,0,0,0,0,0,0
45834,นครพนม,18.001189,104.172561,นาน้ำฝน,แตกกอ,กข15,0,0,0,0,0,0,0,0,0,0,0,0,0,0,0,0,0,0,1.27,1.27,0,0.95,0,0,0,0,0,0,0,0,0,0,5,พืชใบเลี้ยงคู่ใบกว้าง
45834,นครพนม,17.991799,104.195958,นาน้ำฝน,แตกกอ,กข6,0,0,0,0,0,0,0,0,0,0,0,0,0,0,0,0,0,0,0,2.0499999999999998,0,0,0,0,0,0,0,0,0,0,0,0,5,กก,กกทราย
45834,นครพนม,17.645500999999999,104.286918,นาน้ำฝน,ระยะกล้า,กข6,0,0,0,0,0,0,3.29,0,0,0,0,0,0,0,0,0,0,0,0.33,0.33,0,0,0,0,0,0,0,0,0,0,0,0,0
45834,นครพนม,17.64555,104.28606000000001,นาน้ำฝน,ระยะกล้า,ขาวดอกมะลิ105,0,0,0,0,0,0,5.86,0,0,0,0,0,0,0,0,0,0,0,1.17,0,0,0,0,0,0,0,0,0,0,0,0,0,0
45834,นครพนม,17.555783000000002,104.325829,นาน้ำฝน,แตกกอ,กข6,0,0,0,0,0,0,0,0,0,0,0,0,0,0,0,0,0,0,1.61,0.81,0.4,0,0,0,0,0,0,0,0,0,0,0,0
45834,นครพนม,17.556018000000002,104.326003,นาน้ำฝน,แตกกอ,ขาวดอกมะลิ105,0,0,0,0,0,0,0,0,0,0,0,0,0,0,0,0,0,0,1.95,0,0,2.34,0,0,0,0,0,0,0,0,0,0,0
45835,นครพนม,16.947309000000001,104.522634,นาน้ำฝน,ระยะกล้า,กข15,0,0,0,0,0,0,0,0,0,0,0,0,0,0,0,0,0,0,0,15.66,0,0,0,0,0,0,0,0,0,0,0,0,0
45835,นครพนม,16.925498000000001,104.63224099999999,นาน้ำฝน,ระยะกล้า,กข12,0,0,0,0,0,0,3.12,0,0,0,0,0,0,0,0,0,0,0,0.31,0.94,0,0,0,0,0,0,0,0,0,0,0,0,0
45835,นครพนม,17.092455999999999,104.757381,นาน้ำฝน,ระยะกล้า,กข6,0,0,0,0,0,0,0,0,0,0,0,0,0,0,0,0,0,0,0,20.89,0,0,0,0,0,0,0,0,0,0,0,0,5,กก,หนวดปลาดุก
45835,นครพนม,17.094282,104.75435899999999,นาน้ำฝน,ระยะกล้า,ขาวดอกมะลิ105,0,0,0,0,0,0,0,0,0,0,0,0,0,0,0,0,0,0,0.28999999999999998,15.23,0,0,0,0,0,0,0,0,0,0,0,0,80,กก,กกทราย
45835,นครพนม,17.112390999999999,104.73146300000001,นาน้ำฝน,ระยะกล้า,กข15,0,0,0,0,0,0,0,0,0,0,0,0,0,0,0,0,0,0,0,7.69,0,0,0,0,0,0,0,0,0,0,0,0,0
45835,นครพนม,17.151249,104.72372300000001,นาน้ำฝน,ระยะกล้า,กข6,0,0,0,0,0,0,0,0,0,0,0,0,0,0,0,0,0,0,0.89,0.6,0,0,0,0,0,0,0,0,0,0,0,0,0
45827,สกลนคร,17.072292000000001,104.287604,นาน้ำฝน,แตกกอ,ขาวดอกมะลิ105,0,0,0,0,0,0,0,0,0,2.5,0,0,0,0,0,0,0,0,0,21.75,0,0,0,0,0,0,0,0,0,0,0,0,0
45827,สกลนคร,17.397048999999999,103.82574700000001,นาน้ำฝน,ระยะกล้า,กข15,0,0,0,0,0,0,0,0,0,0,0,0,0,0,0,0,0,0,0,2.87,0,0,0,0,0,0,0,0,0,0,0,0,0
45827,สกลนคร,17.776858000000001,103.91858000000001,นาน้ำฝน,ระยะกล้า,กข6,0,0,0,0,0,0,0,0,0,0,0,0,0,0,0,0,0,0,0,25,0,0,0,0,0,0,0,0,0,0,0,0,0
45834,บุรีรัมย์,14.85148,103.29738,นาน้ำฝน,ระยะกล้า,ขาวดอกมะลิ 105,0,0,0,0,0,0,0,0,0,1.79,0,0,0,0,0,0,0,0,0,30.36,0,0,0,0,0,0,0,0,0,0,0,0,15,กก,กกทราย
45834,สุรินทร์,14.96921,103.47488,นาน้ำฝน,ระยะกล้า,ขาวดอกมะลิ 105,0,0,0,0,0,0,0,0,6.67,0,0,0,0,0,0,0,0,0,2.2200000000000002,0,0,0,0,0,0,0,0,0,0,0,0,0,36.67,หญ้า,หนวดปลาดุก
45835,ศรีสะเกษ,14.64794,104.13672,นาน้ำฝน,ระยะกล้า,ขาวดอกมะลิ 105,0,0,0,0,0,0,0,0,7.5,0,0,0,0,0,0,0,0,0,0,0,0,0,0,0,0,0,0,0,0,0,0,0,10,หญ้า
45841,ชัยภูมิ,15.91689,102.09877,นาน้ำฝน,ระยะกล้า,กข6,0,0,0,0,0,0,26,0,0,0,0,0,0,0,0,0,0,0,0,0,0,0,0,0,0,0,0,0,0,0,0,0,5,พืชใบเลี้ยงคู่ใบกว้าง,เซ่งใบมน
45694,นครพนม,17.422138,104.215023,นาน้ำฝน,ระยะกล้า,กข6,0,0,0,0,0,0,0,0,0,0,0,0,0,0,0,0,0,0,0,12.9,1.88,0,0,0,0,0,0,0,0,0,0,4,68.33,พืชใบเลี้ยงคู่ใบกว้าง
45694,นครพนม,17.42286,104.21484,นาน้ำฝน,ระยะกล้า,กข15,0,0,0,0,0,0,0,0,0,0,0,0,0,0,0,0,0,0,0,24.73,2.72,0,0,0,0,0,0,0,0,0,0,0,0
45835,นครพนม,17.140853,104.738111,นาน้ำฝน,ระยะกล้า,กข,0,0,0,0,0,0,0,0,0,0,0,0,0,0,0,0,0,0,0,12.64,1.97,0,0,0,0,0,0,0,0,0,0,0,80,กก,กกทราย
45835,นครพนม,17.140851999999999,104.738114,นาน้ำฝน,ระยะกล้า,ขาวดอกมะลิ105,0,0,0,0,0,0,0,0,0,0,0,0,0,0,0,0,0,0,0,4.49,0,0,0,0,0,0,0,0,0,0,0,0,5,หญ้า
45826,ชัยนาท,15.193759999999999,100.14245,นาชลประทาน,แตกกอ,กข41,0,0,0,0,0,0,0,0,0,0.875,0,0,0,0,0,0,0,0,6.9969999999999999,0,0.58299999999999996,0,0,0,0,0,0,0,0,0,0,0,15,พืชใบเลี้ยงคู่ใบกว้าง,เทียนนา
45826,ชัยนาท,15.19279,100.14618,นาชลประทาน,แตกกอ,กข41,1.25,0,0,0,0,0,0,0,0,2.5,0,0,0,0,0,0,0,0,5.9379999999999997,0,0.625,0,0,0,0,0,0,0,0,0,0,0,5,กก,แห้วหมู
45826,ชัยนาท,15.19125,100.15133,นาชลประทาน,แตกกอ,กข85,0,0,11.465,0,0,0,0,1.274,0,0,0,0,0,0,0,0,0,0,0,0,1.4330000000000001,0,0,0,0,0,0,0,0,0,0,0,3.3330000000000002,พืชใบเลี้ยงคู่ใบกว้าง,ผักปอดนา
45826,ชัยนาท,15.18805,100.14991999999999,นาชลประทาน,ตั้งท้อง,กข41,0,0,0,0,0,0,0,1.748,0,1.399,0,0,0,0,0,0,0,0,0,0,6.6429999999999998,0,0,0,0,0,0,0,0,0,0,0,5,หญ้า,หญ้าข้าวนก
45826,ชัยนาท,15.17657,100.16788,นาชลประทาน,แตกกอ,กข85,0,0,0,0,0,0,0,0,0,0,0,0,0,0,0,0,0,0,0,0,0,0,0,0,0,0,0,0,0,0,0,0,3.3330000000000002,กก,หนวดปลาดุก
45826,ชัยนาท,15.13415,100.18805999999999,นาชลประทาน,แตกกอ,กข85,0,0,2.3969999999999998,0,0,0,0,0,0,0,0,0,0,0,0,0,0,0,0,0,0.51400000000000001,0,0,0,0,0,0,0,0,0,0,0,0
45826,ชัยนาท,15.081469999999999,100.21850999999999,นาชลประทาน,แตกกอ,กข107,0,0,2.198,0,0,0,0,0,0,0,0,0,0,0,0,0,0,0,0,0,0.26200000000000001,0,0,0,0,0,0,0,0,0,0,0,13.333,กก,หนวดปลาดุก
45826,ชัยนาท,15.06564,100.27042,นาชลประทาน,แตกกอ,กข41,0,0,12.5,0,0,0,0,2.9609999999999999,0,1.139,0,0,0,0,0,0,0,0,0,0,0,0,0,0,0,0,0,0,0,0,0,0,0
45826,ชัยนาท,15.05011,100.25397,นาชลประทาน,แตกกอ,ปทุมธานี 1,0,0,33.121000000000002,0,0,0,0,1.0840000000000001,0,1.238,0,0,0,0,0,0,0,0,0.155,0,0.31,0,0,0,0,0,0,0,0,0,0,0,0
45826,ชัยนาท,15.08236,100.15031,นาชลประทาน,แตกกอ,กข85,0,0,3.226,0,0,0,0,0,0,0,0,0,0,0,0,0,0,0,0,0,0.379,0,0,0,0,0,0,0,0,0,0,0,1.667,กก,แห้วหมู
45792,เชียงราย,19.588332999999999,100.07333,นาชลประทาน,ระยะกล้า,ไม่ทราบพันธุ์ข้าว,0,0,0,0,0,0,0,0,0,0,0,0,0,0,0,0,0,0,8.77,0,0,0,0,0,0,0,0,0,0,0,0,0,3.33,หญ้า
45792,เชียงราย,19.587499999999999,100.07388899999999,นาชลประทาน,ระยะกล้า,ไม่ทราบพันธุ์ข้าว,0,0,0,0,0,0,0,0,0,0,0,0,0,0,0,0,0,0,0,0,0,0,0,0,0,0,0,0,0,0,0,0,3.33,กก
45799,เชียงราย,20.412222,99.910556,นาชลประทาน,ออกรวง,ไม่ทราบพันธุ์ข้าว,3.61,0,0,0,0,0.1,0,0,0,0,0,0,0,0,0,0,0,0,18.38,0,0,0,0,15.66,0,0,0,0,0,0,0,0,5,หญ้า
45799,เชียงราย,20.363333000000001,99.916944000000001,นาชลประทาน,ออกรวง,ไม่ทราบพันธุ์ข้าว,0,0,0,0,0,0,0,0,0,0,0,0,0,0,0,0,0,0,18.489999999999998,0,0,0,0,52.33,0,0,0,0,0,0,0,0,5,หญ้า
45799,เชียงราย,20.243230000000001,99.946543000000005,นาชลประทาน,ออกรวง,ไม่ทราบพันธุ์ข้าว,0,0,0,0,0,0.1,0,0,0,0,0,0,0,0,0,0,0,0,0,0,0,0,0,40.18,0.89,0,0,0,0,0,0,0,10,หญ้า
45821,เชียงราย,19.516126,99.737584999999996,นาชลประทาน,แตกกอ,ไม่ทราบพันธุ์ข้าว,0,0.1,0,0,0,0,0,0,0,0,0,0,0,0,0,0,0,0,0,21.9,0,0,0,0,0,0,0,0,0,0,0,0,3.33,พืชใบเลี้ยงคู่ใบกว้าง,ผักปอดนา
45821,เชียงราย,19.519898000000001,99.780197999999999,นาชลประทาน,ระยะกล้า,ไม่ทราบพันธุ์ข้าว,0,0,0,0,0,0,0,0,0,0,0,0,0,0,0,0,0,0,0,0,0,0,0,0,0,0,0,0,0,0,0,0,0
45821,เชียงราย,19.520423000000001,99.767195999999998,นาชลประทาน,ระยะกล้า,ไม่ทราบพันธุ์ข้าว,0,0.4,0,0,0,0,0,0,0,0,0,0,0,0,0,0,0,0,0,0,0,0,0,0,0,0,0,0,0,0,0,0,0
45826,พะเยา,19.318725000000001,99.794831000000002,นาชลประทาน,แตกกอ,ไม่ทราบพันธุ์ข้าว,0,0,0,0,0,0,0,0,0,0,0,0,0,0,0,0,0,0,0,8.8800000000000008,0,0,0,0,0,0,0,0,0,0,0,0,3.33,หญ้า,หญ้าข้าวนก
45826,พะเยา,19.293706,99.818618999999998,นาชลประทาน,แตกกอ,ไม่ทราบพันธุ์ข้าว,0,0,0,0,0,0,0,0,0,0,0,0,0,0,0,0,0,0,0,3.81,0,0,0,0,0,0,0,0,0,0,0,0,0,กก,หนวดปลาดุก
45826,พะเยา,19.297573,99.810580999999999,นาชลประทาน,แตกกอ,ไม่ทราบพันธุ์ข้าว,0,0.1,0,0,0,0,0,0,0,0,0,0,0,0,0,0,0,0,0,5.0599999999999996,0,0,0,0,0,0,0,0,0,0,0,0,5,พืชใบเลี้ยงคู่ใบกว้าง,ผักปอดนา
45826,พะเยา,19.322543,99.794700000000006,นาชลประทาน,แตกกอ,ไม่ทราบพันธุ์ข้าว,0,0,0,0,0,0,0,0,0,0,0,0,0,0,0,0,0,0,0,2.81,0,0,0,0,0,0,0,0,0,0,0,0,5,พืชใบเลี้ยงคู่ใบกว้าง,ผักปอดนา
45826,พะเยา,19.332259000000001,99.798347000000007,นาชลประทาน,แตกกอ,ไม่ทราบพันธุ์ข้าว,0,0.4,0,0,0,0,0,0,0,0,0,0.1,0,0.1,0,0,0,0,0,0.6,0,0,0,0,0,0,0,0,0,0,0,0,5,พืชใบเลี้ยงคู่ใบกว้าง,เทียนนา
45826,พะเยา,19.335885000000001,99.804004000000006,นาชลประทาน,ระยะกล้า,ไม่ทราบพันธุ์ข้าว,0,0,0,0,0,0,0,0,0,0,0,0,0,0,0,0,0,0,0,5.92,0,0,0,0,0,0,0,0,0,0,0,0,5,กก,หนวดปลาดุก
45838,เชียงราย,19.521820000000002,99.741799999999998,นาชลประทาน,ระยะกล้า,น่าน 59,0,2.2000000000000002,0,0,0,0,12.01,0,0,0,0,0,0,0.2,0,0,0,0,0,0,0,0,0,0,0,0,0,0,0,0,0,0,1.67,หญ้า
45847,เชียงราย,19.589659999999999,99.720596,นาชลประทาน,แตกกอ,ก.วก.2,0,0.2,0,0,0,0,6.07,0,0,0,0,0,0,0,0,0,0,0,0,0,0,0,0,0,0,0,0,0,0,0,0,0,0
45841,นครราชสีมา,15.454800000000001,102.29101,นาน้ำฝน,ระยะกล้า,ขาวดอกมะลิ 105,0,0,0,0,0,0,2.78,0,13.89,0,0,0,0,0,0,0,0,0,0,0,0,0,0,0,0,0,0,0,0,0,0,0,10,หญ้า
45845,ร้อยเอ็ด,15.452920000000001,103.71183000000001,นาน้ำฝน,ระยะกล้า,ขาวดอกมะลิ 105,0,0,0,0,0,0,76.319999999999993,0,0,0,0,0,0,0,0,0,0,0,0,2.36,0,0,0,0,0,0,0,0,0,0,0,0,5,พืชใบเลี้ยงคู่ใบกว้าง,บัว
45845,ยโสธร,15.9628,104.11499000000001,นาน้ำฝน,ระยะกล้า,ขาวดอกมะลิ 105,0,0,0,0,0,0,87.18,0,0,0,0,0,0,0,0,0,0,0,0,0,0,0,0,0,0,0,0,0,0,0,0,0,0,พืชใบเลี้ยงคู่ใบกว้าง
45846,อำนาจเจริญ,15.911569999999999,104.66798,นาน้ำฝน,ระยะกล้า,ขาวดอกมะลิ 105,0,0,0,0,0,0,95.24,0,0,0,0,0,0,0,0,0,0,0,0,0,0,0,0,0,0,0,0,0,0,0,0,0,5,พืชใบเลี้ยงคู่ใบกว้าง,เทียนนา
45846,อุบลราชธานี,15.415620000000001,104.44551,นาน้ำฝน,ระยะกล้า,น่าน 59,0,0,0,0,0,0,0,0,28.57,0,0,0,0,0,0,0,0,0,0,0,0,0,0,0,0,0,0,0,0,0,0,0,0
45861,เชียงราย,20.164847000000002,99.693111000000002,ข้าวไร่ที่สูง,ระยะกล้า,อีโต,0,0,0,0,0,0,0,0,0,0,0,0,0,0,0,0,0,0,8.82,0.72,0,0,0,0,0,0,0,0,0,0,0,0,20,พืชใบเลี้ยงคู่ใบกว้าง
45861,เชียงราย,20.163657000000001,99.685736000000006,ข้าวไร่ที่สูง,แตกกอ,อีโต,0,0,0,0,0,0,0,0,0,0,0,0,0,0,0,0,0,0,0,0,0,0,0,0,0,0,0,0,0,0,0,0,10,พืชใบเลี้ยงคู่ใบกว้าง
45861,เชียงราย,20.149954000000001,99.663484999999994,ข้าวไร่ที่สูง,ระยะกล้า,ข้าวไร่พันธุ์พื้นเมือง,0,0,0,0,0,0,0,0,0,0,0,0,0,0,0,0,0,0,0,0,0,0,0,0,0,0,0,0,0,0,0,0,15,พืชใบเลี้ยงคู่ใบกว้าง
45861,เชียงราย,20.121455999999998,99.683280999999994,ข้าวไร่ที่สูง,แตกกอ,ข้าวไร่พันธุ์พื้นเมือง,0,0,0,0,0,0,0,0,0,0,0,0,0,0,0,0,0,0,1.75,0,0,0,0,0,0,0,0,0,0,0,0,0,5,พืชใบเลี้ยงคู่ใบกว้าง
45861,เชียงราย,20.115663999999999,99.673182999999995,ข้าวไร่ที่สูงขังน้ำ,แตกกอ,ไม่ทราบพันธุ์ข้าว,0,0,0,0,0,0,0,0,0,0.57999999999999996,0,2.2000000000000002,0,0,0,0,0,0,0,0,0,0,0,0,0,0,0,0,0,0,0,0,0
45861,เชียงราย,19.589746000000002,99.720791000000006,นาชลประทาน,แตกกอ,ก.วก.2,0,0,0,0,0,0,9.84,0,0,0,0,2,0,0,0,0,0,0,0,0,0,0,0,0,0,0,0,0,0,0,0,0,0
45855,สุราษฎร์ธานี,9.3787249999999993,99.204233000000002,นาชลประทาน,ระยะกล้า,กข43,0,0,0,0,0,0,0,0,0,0,0,0,0,0,0,0,0,0,0,0,0,0,0,0,0,0,0,0,0,0,0,0,5,หญ้า,เทียนนา
45855,สุราษฎร์ธานี,9.3787249999999993,99.204233000000002,นาชลประทาน,ระยะกล้า,กข43,0,0,0,0,0,0,0,0,0,0,0,0,0,0,0,0,0,0,0,0,0,0,0,0,0,0,0,0,0,0,0,0,3,พืชใบเลี้ยงคู่ใบกว้าง,ผักแว่น
45855,สุราษฎร์ธานี,9.3786210000000008,99.204607999999993,นาชลประทาน,ระยะกล้า,กข43,0,0,0,0,0,0,0,0,0,0,0,0,0,0,0,0,0,0,0,0,0,0,0,0,0,0,0,0,0,0,0,0,1,กก,มีนกพิราบและนกเป็ดน้ำ
45855,สุราษฎร์ธานี,9.3788529999999994,99.204295999999999,นาชลประทาน,ระยะกล้า,กจ79,0,0,0,0,0,0,0,0,0,0,0,0,0,0,0,0,0,0,1,0,0,0,0,0,0,0,0,0,0,0,0,0,1,หญ้า,ตอนกกลางวันมีนกพิราบตอนกลางคืนมีนกเป้ดน้ำ
45855,สุราษฎร์ธานี,9.3786900000000006,99.203885999999997,นาชลประทาน,ระยะกล้า,ปทุมธานี 1,0,0,0,0,0,0,0,0,0,0,0,0,0,0,0,0,0,0,0,0,0,0,0,0,0,0,0,0,0,0,0,0,1,หญ้า,ตอนกลางวันมีฝูงนกพิราบมาจิกกินเมล็ดพันผธุ์ข้าวกลางคืนมีฝูงนกเป็ดน้ำ
45855,สุราษฎร์ธานี,9.3793799999999994,99.203974000000002,นาชลประทาน,ระยะกล้า,ปทุมธานี 1,0,0,0,0,0,0,0,0,0,0,0,0,0,0,0,0,0,0,0,0,0,0,0,0,0,0,0,0,0,0,0,0,1,กก,ตอนกลางวันมีนกพิราบตอนกลางคืนมีนกเป็ดน้ำ
45855,สุราษฎร์ธานี,9.3794149999999998,99.204330999999996,นาชลประทาน,ระยะกล้า,กข79,0,0,0,0,0,0,0,0,0,0,0,0,0,0,0,0,0,0,0,0,0,0,0,0,0,0,0,0,0,0,0,0,1,กก,นกพิราบมีเป็นผูง
45855,สุราษฎร์ธานี,9.3786769999999997,99.205195000000003,นาชลประทาน,ระยะกล้า,ปทุมธานี 1,0,0,0,0,0,0,0,0,0,0,0,0,0,0,0,0,0,0,0,0,0,0,0,0,0,0,0,0,0,0,0,0,2,พืชใบเลี้ยงคู่ใบกว้าง,ผักแว่น
45855,สุราษฎร์ธานี,9.3786339999999999,99.205825000000004,นาชลประทาน,แตกกอ,กข79,0,0,0,0,0,0,0,0,0,0,0,0,0,0,0,0,0,0,0,0,0,0,0,0,0,0,0,0,0,0,0,0,0,กก,กกขนาก  
45855,สุราษฎร์ธานี,9.377535,99.204858000000002,นาชลประทาน,แตกกอ,กข43,0,0,0,0,0,0,0,0,0,0,0,0,0,0,0,0,0,0,0,0,0,0,0,0,0,0,0,0,0,0,0,0,1,หญ้า,หญ้าตีนกา
45855,สุราษฎร์ธานี,9.3770439999999997,99.204926,นาชลประทาน,แตกกอ,กข43,0,0,0,0,0,0,0,0,0,0,0,0,0,0,0,0,0,0,0,0,0,0,0,0,0,0,0,0,0,0,0,0,0,หญ้า,หญ้าหนวดปลาดุก
45855,สุราษฎร์ธานี,9.3745180000000001,99.203543999999994,นาชลประทาน,ระยะกล้า,กข43,0,0,0,0,0,0,0,0,0,0,0,0,0,0,0,0,0,0,0,0,0,0,0,0,0,0,0,0,0,0,0,0,0,กลางวันมีนกพิราบเยอะกลางคืนมีนกเป็ดน้ำ
45835,ตรัง,7.5514365999999997,99.699525600000001,นาชลประทาน,ระยะกล้า,ไม่ทราบพันธุ์ข้าว,0,0,0,0,0,0,0,0,0,0,0,0,0,0,0,0,0,0,0,0,0,0,0,0,0,0,0,0,0,0,0,0,0
45835,ตรัง,7.5787589999999998,99.693181999999993,นาชลประทาน,ระยะกล้า,ไม่ทราบพันธุ์ข้าว,0,0,0,0,0,0,0,0,0,0,0,0,0,0,0,0,0,0,0,0,0,0,0,0,0,0,0,0,0,0,0,0,10,พืชใบเลี้ยงคู่ใบกว้าง,ตาลปัตรฤษี
45720,อุตรดิตถ์,17.203177,100.04779499999999,นาชลประทาน,แตกกอ,ไม่ทราบพันธุ์ข้าว,0,0,0.64,0,0,0,0,0.38,0,0.38,0,0,0,0,0,0,0.13,0,5,12.56,0,0,0,0,0,0,0,0,0,0,0,0,0
45720,อุตรดิตถ์,17.19969,100.03138300000001,นาชลประทาน,ออกรวง,ไม่ทราบพันธุ์ข้าว,0,0,0,3.09,0,0,0,0,0,0.54,2.02,0,0,0,0,0,0,0,9.5399999999999991,4.84,0,1.08,0,0.02,0,0,0,0,0,0,0,0,0
45720,อุตรดิตถ์,17.19444,100.025986,นาชลประทาน,แตกกอ,ไม่ทราบพันธุ์ข้าว,0,0,0,12.22,0,0,0,0,0,0,1.1100000000000001,0,0,0,0,0,0,0,12.04,13.15,0,0,0,0,0,0,0,0,0,0,0,0,0
45720,อุตรดิตถ์,17.197896,99.992219000000006,นาชลประทาน,แตกกอ,ไม่ทราบพันธุ์ข้าว,0,0,0,2.27,0,0,0,0,0,0,0,3.84,0,0,0,0,0,0,4.12,0,0,0,0,0,0,0,0,0,0,0,0,0,0
45720,อุตรดิตถ์,17.205689,99.983891,นาชลประทาน,แตกกอ,ไม่ทราบพันธุ์ข้าว,0,0,0,0,0,0,0,0,0,0,0,0,0,0,0,0,0,0,8.4499999999999993,0,0,1.27,0,0,0,0,0,0,0,0,0,0,0
45720,อุตรดิตถ์,17.210588999999999,99.988086999999993,นาชลประทาน,แตกกอ,ไม่ทราบพันธุ์ข้าว,0,0,2.14,0,0,0,0,0,0,0.78,1.42,0,0,0,0,0,0,0,0,3.48,0,0.95,0,0,0,0,0,0,0,0,0,0,0
45720,อุตรดิตถ์,17.225137,99.987829000000005,นาชลประทาน,แตกกอ,ไม่ทราบพันธุ์ข้าว,0,0,0,4.71,0,0,0,1.97,0,1.48,2.41,0,0,0,0,0,0,0,5.73,0,0,0,0,0,0,0,0,0,0,0,0,0,0
45720,อุตรดิตถ์,17.232961,99.983846999999997,นาชลประทาน,แตกกอ,ไม่ทราบพันธุ์ข้าว,0,0,0,2.14,0,0,0,0,0,0,0.91,0,0,0,0,0,0,0,7.26,0,0,0,0,0,0,0,0,0,0,0,0,0,0
45720,อุตรดิตถ์,17.189032999999998,100.025526,นาชลประทาน,แตกกอ,กข95,0,0,0,5.34,0,0,0,2.86,0,1.56,1.77,0,0,0,0,0,0,0,6.9,3.77,0,0.26,0,0,0,0,0,0,0,0,0,0,0
45720,อุตรดิตถ์,17.193154,100.005979,นาชลประทาน,แตกกอ,ไม่ทราบพันธุ์ข้าว,0,0,0,0.67,0,0,0,0.33,0,0,0.33,0,0,0,0,0,0,0,10.33,0,0,1.67,0,0,0,0,0,0,0,0,0,0,0
45720,อุตรดิตถ์,17.194780999999999,99.998091000000002,นาชลประทาน,แตกกอ,ไม่ทราบพันธุ์ข้าว,0,0,0.46,1.07,0,0,0,0.91,0,1.21,0.76,0,0,0,0,0,0,0,15.55,0,0,2.13,0,0,0,0,0,0,0,0,0,0,0
45720,อุตรดิตถ์,17.246448000000001,99.977672999999996,นาชลประทาน,แตกกอ,ไม่ทราบพันธุ์ข้าว,0,0,0,0.48,0,0,0,0.69,0,0,0.61,0,0,0,0,0,0,0,11.41,0,0,2.11,0,0,0,0,0,0,0,0,0,0,0
45720,อุตรดิตถ์,17.248097000000001,99.984767000000005,นาชลประทาน,แตกกอ,ไม่ทราบพันธุ์ข้าว,0,0,0.39,2.14,0,0,0,0.86,0,0.71,0.62,0,0,0,0,0,0,0,9.1199999999999992,0,0,1.04,0,0,0,0,0,0,0,0,0,0,0
45720,อุตรดิตถ์,17.249579000000001,99.988301000000007,นาชลประทาน,แตกกอ,ไม่ทราบพันธุ์ข้าว,0,0,0,2.2599999999999998,0,0,0,0,0,0,1.37,0,0,0,0,0,0,0,6.73,0,0,0,0,0,0,0,0,0,0,0,0,0,0
45720,อุตรดิตถ์,17.254484999999999,99.989389000000003,นาชลประทาน,แตกกอ,ไม่ทราบพันธุ์ข้าว,0,0,0,0,0,0,0,0,0,2.76,1.35,0,0,0,0,0,0,0,0,3.16,0,0,0,0,0,0,0,0,0,0,0,0,0
45720,อุตรดิตถ์,17.259041,99.998054999999994,นาชลประทาน,แตกกอ,ไม่ทราบพันธุ์ข้าว,0,0,0,3.48,0,0,0,0,0,0.62,2.2400000000000002,0,0,0,0,0,0,0,2.12,0,0,0,0,0,0,0,0,0,0,0,0,0,0
45758,พิษณุโลก,17.095020000000002,100.126496,นาชลประทาน,ออกรวง,ไม่ทราบพันธุ์ข้าว,0,0,0,0,0,0,0,1.25,0,0.62,0,0,0,0,0,0,0,0,19.68,0,0.62,0,0,13.12,0,0,0,0,0,0,0,0,5,หญ้า
45758,พิษณุโลก,17.071867000000001,100.074011,นาชลประทาน,ออกรวง,ไม่ทราบพันธุ์ข้าว,0,0,0,0,0,0,0,0.44,0,0.85,0,0,0,0,0,0,0,0,28.95,0,0,0,0,14.04,0,0,0,0,0,0,0,0,5,หญ้า
45758,พิษณุโลก,17.130866999999999,100.09199,นาชลประทาน,ออกรวง,ไม่ทราบพันธุ์ข้าว,0,0,0,0,0,0,0,0.15,0,1.61,0,0,0,0,0,0,0,0,16.37,0,1.32,0,0,10.09,0,0,0,0,0,0,0,0,20,หญ้า
45758,พิษณุโลก,17.123173000000001,100.11022800000001,นาชลประทาน,ออกรวง,ไม่ทราบพันธุ์ข้าว,0,0,0,0,0,0,0,0.45,0,0,0,0,0,0,0,0,0.15,0,10.78,0,0.15,0,0,9.1300000000000008,0,0,0,0,0,0,0,0,5,หญ้า
45758,พิษณุโลก,17.119606000000001,100.11403,นาชลประทาน,ออกรวง,ไม่ทราบพันธุ์ข้าว,0,0,0,0,0,0,0,0.48,0,0.71,0,0,0,0,0,0,0,0,15.68,0,0.47,0,0,14.26,0,0,0,0,0,0,0,0,5,หญ้า
45758,พิษณุโลก,17.113990999999999,100.11483200000001,นาชลประทาน,ออกรวง,ไม่ทราบพันธุ์ข้าว,0,0,0,0,0,0,0,0.35,0,0.62,0,0,0,0,0,0,0,0,10.050000000000001,0,0,0,0,10.14,0,0,0,0,0,0,0,0,5,หญ้า
45758,พิษณุโลก,17.069852000000001,100.069249,นาชลประทาน,ออกรวง,ไม่ทราบพันธุ์ข้าว,0,0,0,0,0,0,0,0.21,0,1.47,0,0,0,0,0,0,0,0,14.64,0,1.62,0,0,11.24,0,0,0,0,0,0,0,0,20,หญ้า
45758,พิษณุโลก,17.07159,100.06907699999999,นาชลประทาน,ออกรวง,ไม่ทราบพันธุ์ข้าว,0,0,0,0,0,0,0,0.39,0,0,0,0,0,0,0,0,0,0,9.14,0,0.11,0,0,8.64,0,0,0,0,0,0,0,0,5,หญ้า
45758,พิษณุโลก,17.064229000000001,100.065021,นาชลประทาน,ออกรวง,ไม่ทราบพันธุ์ข้าว,0,0,0,0,0,0,0,0,0,0,0,0,0,0,0,0,0,0,7.92,0,0.43,0,0,7.54,0,0,0,0,0,0,0,0,5,หญ้า
45758,พิษณุโลก,17.063113999999999,100.06159700000001,นาชลประทาน,ออกรวง,ไม่ทราบพันธุ์ข้าว,0,0,0,0,0,0,0,0.39,0,0,0,0,0,0,0,0,0,0,9.14,0,0.11,0,0,8.64,0,0,0,0,0,0,0,0,5,หญ้า
45758,พิษณุโลก,17.065854000000002,100.062223,นาชลประทาน,ออกรวง,ไม่ทราบพันธุ์ข้าว,0,0,0,0,0,0,0,1.26,0,0,0,0,0,0,0,0,0,0,7.52,0,0,0,0,6.14,0,0,0,0,0,0,0,0,5,หญ้า
45758,พิษณุโลก,17.063238999999999,100.055089,นาชลประทาน,ออกรวง,ไม่ทราบพันธุ์ข้าว,0,0,0,0,0,0,0,0.51,0,0,0,0,0,0,0,0,0,0,10.28,0,0.25,0,0,8.48,0,0,0,0,0,0,0,0,5,หญ้า
45758,พิษณุโลก,17.059512000000002,100.054366,นาชลประทาน,ออกรวง,ไม่ทราบพันธุ์ข้าว,0,0,0,0,0,0,0,1.46,0,0,0,0,0,0,0,0,0,0,18.170000000000002,0,0.41,0,0,12.14,0,0,0,0,0,0,0,0,10,หญ้า
45758,พิษณุโลก,17.063953000000001,100.0479,นาชลประทาน,ออกรวง,ไม่ทราบพันธุ์ข้าว,0,0,0,0,0,0,0,0,0,1.84,0,0,0,0,0,0,0,0,12.38,0,0,0,0,5.65,0,0,0,0,0,0,0,0,5,หญ้า
45758,พิษณุโลก,17.061886000000001,100.015772,นาชลประทาน,ออกรวง,ไม่ทราบพันธุ์ข้าว,0,0,0,0,0,0,0,0,0,0,0,0,0,0,0,0,0,0,5.14,0,0,0,0,7.25,0,0,0,0,0,0,0,0,5,หญ้า
45758,สุโขทัย,17.069928000000001,99.999789000000007,นาชลประทาน,ออกรวง,ไม่ทราบพันธุ์ข้าว,0,0,0,0,0,0,0,0.61,0,0,0,0,0,0,0,0,0,0,8.14,0,0.53,0,0,8.1199999999999992,0,0,0,0,0,0,0,0,5,หญ้า
45758,สุโขทัย,17.064004000000001,99.996858000000003,นาชลประทาน,ออกรวง,ไม่ทราบพันธุ์ข้าว,0,0,0,0,0,0,0,0,0,2.34,0,0,0,0,0,0,0,0,10.85,0,0,0,0,7.41,0,0,0,0,0,0,0,0,10,หญ้า
45758,สุโขทัย,17.064012000000002,100.002236,นาชลประทาน,ออกรวง,ไม่ทราบพันธุ์ข้าว,0,0,0,0,0,0,0,0,0,1.51,0,0,0,0,0,0,0,0,10.67,0,0.48,0,0,10.24,0,0,0,0,0,0,0,0,5,หญ้า
45758,สุโขทัย,17.064081000000002,99.994175999999996,นาชลประทาน,ออกรวง,ไม่ทราบพันธุ์ข้าว,0,0,0,0,0,0,0,0,0,0,0,0,0,0,0,0,0,0,8.15,0,0.62,0,0,8.3699999999999992,0,0,0,0,0,0,0,0,5,หญ้า
45799,พิษณุโลก,16.823672999999999,100.181433,นาน้ำฝน,ระยะกล้า,ไม่ทราบพันธุ์ข้าว,0,0,0,0,0,0,0,0.94,0,0.31,0,0,0,0,0,0,0,0,8.44,0,0.31,0,0,0,0,0,0,0,0,0,0,0,0
45799,พิษณุโลก,16.823722,100.18198099999999,นาน้ำฝน,ออกรวง,ไม่ทราบพันธุ์ข้าว,0,0,0,0,0,0,0,0.37,0,0.5,0,0,0,0,0,0,3.25,0,3.12,0,0.12,0,0,6.75,0,0,0,0,0,0,0,0,5,หญ้า
45799,พิษณุโลก,16.821400000000001,100.138316,นาน้ำฝน,แตกกอ,ไม่ทราบพันธุ์ข้าว,0,0,0,0,0,0,0,0.31,0,1.87,0,0,0,0,0,0,0,0,4.0599999999999996,0,0,0,0,0,0,0,0,0,0,0,0,0,0
45799,พิษณุโลก,16.863185000000001,100.08116800000001,นาน้ำฝน,ระยะกล้า,ไม่ทราบพันธุ์ข้าว,0,0,0,0,0,0,0,3.29,0,0,0,0,0,0,0,0,0,0,2.4700000000000002,0,0,0,0,0,0,0,0,0,0,0,0,0,0
45799,สุโขทัย,17.017624999999999,99.89864,นาน้ำฝน,แตกกอ,ไม่ทราบพันธุ์ข้าว,0,0,0,0,0,0,1.33,0,0,7.58,0,0,0,0,0,0,0,0,3.12,0,0,0,0,0,0,0,0,0,0,0,0,0,5,หญ้า
45799,สุโขทัย,17.017592,99.898668000000001,นาน้ำฝน,แตกกอ,ไม่ทราบพันธุ์ข้าว,0,0,0,0,0,0,0,0.54,0,0.27,0,0,0,0,0,0,0,0,6.79,0,0,0,0,0,0,0,0,0,0,0,0,0,0
45799,สุโขทัย,17.017626,99.898584999999997,นาน้ำฝน,แตกกอ,ไม่ทราบพันธุ์ข้าว,0,0,0,0,0,0,1,0.66,0,1,0,0,0,0,0,0,0,0,0.66,0,0,0,0,0,0,0,0,0,0,0,0,0,0
45799,สุโขทัย,16.992626000000001,99.793823000000003,นาน้ำฝน,ระยะกล้า,ไม่ทราบพันธุ์ข้าว,0,ตัวเต็มวัย 1.0  ตัวเล็ก 5.11 กลุ่มไข่ 1.33/ตรม.,0,0,0,0,0,0,0,1.39,0,0,0,0,0,0,0,0,1.67,0,0,0,0,0,0,0,0,0,0,0,0,0,0
45855,สุราษฎร์ธานี,9.3745650000000005,99.203899000000007,นาชลประทาน,ระยะกล้า,ปทุมธานี 1,0,0,0,0,0,0,0,0,0,0,0,0,0,0,0,0,0,0,0,0,0,0,0,0,0,0,0,0,0,0,0,0,1,พืชใบเลี้ยงคู่ใบกว้าง,ผักแว่น
45855,สุราษฎร์ธานี,9.3745499999999993,99.204250000000002,นาชลประทาน,ระยะกล้า,ปทุมธานี 1,0,0,0,0,0,0,0,0,0,0,0,0,0,0,0,0,0,0,0,0,0,0,0,0,0,0,0,0,0,0,0,0,2,กก,ตอนกลางวันมีนกพิราบมากตอนกลางมีนกเป็ดน้ำ
45855,สุราษฎร์ธานี,9.0766570000000009,99.238354000000001,นาชลประทาน,ระยะกล้า,กข41,0,1,0,0,0,0,0,0,0,0,0,0,0,0,0,0,0,0,0,0,0,0,0,0,0,0,0,0,0,0,0,0,1,หญ้า,หญ้าหนวดปลาดุก
45855,สุราษฎร์ธานี,9.3800100000000004,99.207858999999999,นาชลประทาน,ระยะกล้า,กข41,0,0,0,0,0,0,0,0,0,0,0,0,0,0,0,0,0,0,0,0,0,0,0,0,0,0,0,0,0,0,0,0,1,กก,กกขนาก
45855,สุราษฎร์ธานี,9.3800690000000007,99.208119999999994,นาชลประทาน,ระยะกล้า,กข43,0,0,0,0,0,0,0,0,0,0,0,0,0,0,0,0,2,0,0,0,0,0,0,0,0,0,0,0,0,0,0,0,1,กก,กกขนาก
45855,สุราษฎร์ธานี,9.3797379999999997,99.207963000000007,นาชลประทาน,ระยะกล้า,กข43,0,0,0,0,0,0,0,0,0,0,0,0,0,0,0,0,0,0,0,0,0,0,0,0,0,0,0,0,0,0,0,0,1,หญ้า,หญ้าหนวดปลาดุก
45855,สุราษฎร์ธานี,9.3803730000000005,99.207722000000004,นาชลประทาน,ระยะกล้า,กข79,0,0,0,0,0,0,0,0,0,0,0,0,0,0,0,0,0,0,0,0,0,0,0,0,0,0,0,0,0,0,0,0,1,พืชใบเลี้ยงคู่ใบกว้าง,ผักบุ้ง
45855,สุราษฎร์ธานี,9.3804529999999993,99.207521999999997,นาชลประทาน,ระยะกล้า,กข79,0,0,0,0,0,0,0,0,0,0,0,0,0,0,0,0,0,0,0,0,0,0,0,0,0,0,0,0,0,0,0,0,1,พืชใบเลี้ยงคู่ใบกว้าง,ผักบุ้ง
45855,สุราษฎร์ธานี,9.3800509999999999,99.207179999999994,นาชลประทาน,ระยะกล้า,กข79,0,0,0,0,0,0,0,0,0,0,0,0,0,0,0,0,0,0,0,0,0,0,0,0,0,0,0,0,0,0,0,0,1,พืชใบเลี้ยงคู่ใบกว้าง,ผักแว่น     มีนกพิราบตอนกลางวัน กลางคืนมีนกเป็ดน้ำน้ำ
45800,สุโขทัย,16.992611,99.739744999999999,นาชลประทาน,ออกรวง,ไม่ทราบพันธุ์ข้าว,0,0,0,0,0,0,0,0.9,0,2.16,0,0,0,0,0,0,0,0,4.68,0,0.18,0,0,0.36,0,0,0,0,0,0,0,0,0
45800,สุโขทัย,16.952746999999999,99.788236999999995,นาน้ำฝน,แตกกอ,ไม่ทราบพันธุ์ข้าว,0,0,0,0,0,0,0,3.31,0,4.13,0,0,0,0,0,0,0,0,0.83,0,0,0,0,0,0,0,0,0,0,0,0,0,0
45800,สุโขทัย,16.952818000000001,99.788324000000003,นาชลประทาน,ระยะกล้า,ไม่ทราบพันธุ์ข้าว,0,0,0,0,0,0,0,3.85,0,0.43,0,0,0,0,0,0,0,0,0,0,0,0,0,0,0,0,0,0,0,0,0,0,0
45800,สุโขทัย,16.836957999999999,99.801730000000006,นาน้ำฝน,แตกกอ,ไม่ทราบพันธุ์ข้าว,0,0,0,0,0,0,0,2.74,0,1.28,0,0,0,0,0,0,0,0,3.1,0,0.73,0,0,0,0,0,0,0,0,0,0,0,0
45800,สุโขทัย,16.838498999999999,99.813955000000007,นาน้ำฝน,แตกกอ,ไม่ทราบพันธุ์ข้าว,0,0,0,0,0,0,0,0.64,0,6.62,0,0,0,0,0,0,0,5.77,1.07,0,0,0,0,0,0,0,0,0,0,0,0,0,0
45800,สุโขทัย,16.870011999999999,99.868960999999999,นาน้ำฝน,แตกกอ,ไม่ทราบพันธุ์ข้าว,0,0,0,0,0,0,0,0.84,0,0,0,0,0,0,0,0,0,0,8.2799999999999994,0,0,0.51,0,0,0,0,0,0,0,0,0,0,0
45799,พิษณุโลก,16.824245999999999,100.177026,นาน้ำฝน,ระยะกล้า,ไม่ทราบพันธุ์ข้าว,0,0,0,0,0,0,0,0.92,0,0.67,0,0,0,0,0,0,0,0,7.64,0,0.28000000000000003,0,0,0,0,0,0,0,0,0,0,0,0
45799,พิษณุโลก,16.824434,100.1739,นาชลประทาน,ออกรวง,ไม่ทราบพันธุ์ข้าว,0,0,0,0,0,0,0,0.24,0,0.83,0,0,0,0,0,0,4.67,0,2.14,0,0.27,0,0,5.82,0,0,0,0,0,0,0,0,5,หญ้า
45799,พิษณุโลก,16.828136000000001,100.12400700000001,นาน้ำฝน,แตกกอ,ไม่ทราบพันธุ์ข้าว,0,0,0,0,0,0,0,0.26,0,2.4700000000000002,0,0,0,0,0,0,0,0,5.42,0,0,0,0,0,0,0,0,0,0,0,0,0,0
45799,พิษณุโลก,16.865566000000001,100.077412,นาน้ำฝน,ระยะกล้า,ไม่ทราบพันธุ์ข้าว,0,0,0,0,0,0,0,4.53,0,0,0,0,0,0,0,0,0,0,2.71,0,0,0,0,0,0,0,0,0,0,0,0,0,0
45800,สุโขทัย,16.834401,99.810418999999996,นาน้ำฝน,แตกกอ,ไม่ทราบพันธุ์ข้าว,0,0,0,0,0,0,0,0.48,0,7.14,0,0,0,0,0,0,0,7.49,0.84,0,0,0,0,0,0,0,0,0,0,0,0,0,0
45800,สุโขทัย,16.951972000000001,99.792706999999993,นาน้ำฝน,แตกกอ,ไม่ทราบพันธุ์ข้าว,0,0,0,0,0,0,0,2.4900000000000002,0,4.7300000000000004,0,0,0,0,0,0,0,0,0.63,0,0,0,0,0,0,0,0,0,0,0,0,0,0
45800,สุโขทัย,16.869855999999999,99.872664,นาน้ำฝน,แตกกอ,ไม่ทราบพันธุ์ข้าว,0,0,0,0,0,0,0,1.76,0,0,0,0,0,0,0,0,0,0,9.27,0,0,0.8,0,0,0,0,0,0,0,0,0,0,0
45800,สุโขทัย,16.990755,99.796353999999994,นาน้ำฝน,ระยะกล้า,ไม่ทราบพันธุ์ข้าว,0,0,0,0,0,0,0,0,0,2.15,0,0,0,0,0,0,0,0,1.1599999999999999,0,0,0,0,0,0,0,0,0,0,0,0,0,0
45820,พิษณุโลก,17.083165999999999,100.183486,นาน้ำฝน,แตกกอ,กข41,0,0,0,0,0,0,3.12,0,0,0,0,0,0,0,0,0,0,0,4.8600000000000003,0,0,1.04,0,0,0,0,0,0,0,0,0,0,0
45820,พิษณุโลก,17.084893000000001,100.191231,นาน้ำฝน,แตกกอ,ไม่ทราบพันธุ์ข้าว,0,0,3.53,0,0,0,0,2.35,0,3.06,0,0,0,0,0,0,0,0,7.54,0,0,0.7,0,0,0,0,0,0,0,0,0,0,0
45820,พิษณุโลก,17.083888999999999,100.192346,นาน้ำฝน,แตกกอ,ไม่ทราบพันธุ์ข้าว,0,0,0,0,0,0,0,1.62,0,1.18,0,0,0,0,0,0,0,0.44,6.5,0,0,1.03,0,0,0,0,0,0,0,0,0,0,20,กก
45820,พิษณุโลก,17.087423999999999,100.202152,นาน้ำฝน,แตกกอ,ไม่ทราบพันธุ์ข้าว,0,0,0,0,0,0,0,0.68,0,5.27,0,0,0,0,0,0,0,0,7.33,0,0,0.91,0,0,0,0,0,0,0,0,0,0,0
45820,พิษณุโลก,17.062652,100.226856,นาน้ำฝน,แตกกอ,ไม่ทราบพันธุ์ข้าว,0,0,0,0,0,0,0,0.17,0,10.46,0,0,0,0,0,0,0,0,5.31,0,0.7,0.17,0,0,0,0,0,0,0,0,0,0,5,พืชใบเลี้ยงคู่ใบกว้าง
45821,พิษณุโลก,17.089010999999999,100.11207899999999,นาน้ำฝน,แตกกอ,ไม่ทราบพันธุ์ข้าว,0,0,0,0,0,0,0,1.81,0,3.18,0,0,0,0,0,0,0,0,3.4,0,0.45,0.45,0,0,0,0,0,0,0,0,0,0,0
45821,พิษณุโลก,17.081119000000001,100.100497,นาน้ำฝน,แตกกอ,ไม่ทราบพันธุ์ข้าว,0,0,1.36,0,0,0,0,0,0,24.77,0,0,0,0,0,0,0,0,4.3099999999999996,0,0,0.9,0,0,0,0,0,0,0,0,0,0,5,หญ้า
45821,พิษณุโลก,17.076684,100.06809800000001,นาน้ำฝน,แตกกอ,ไม่ทราบพันธุ์ข้าว,0,0,0.69,0,0,0,0,2.77,0,6.01,0,0,0,0,0,0,0,0,2.31,0,0.46,0.23,0,0,0,0,0,0,0,0,0,0,0
45821,พิษณุโลก,17.080521999999998,100.06479400000001,นาน้ำฝน,แตกกอ,ไม่ทราบพันธุ์ข้าว,0,0,1.81,0,0,0,0,2.5,0,3.63,0,0,0,0,0,0,0,0,3.18,0,0,0,0,0,0,0,0,0,0,0,0,0,5,พืชใบเลี้ยงคู่ใบกว้าง
45821,พิษณุโลก,17.081179800000001,100.057575,นาน้ำฝน,แตกกอ,ไม่ทราบพันธุ์ข้าว,0,0,1.36,0,0,0,0,0.68,0,3.18,0,0,0,0,0,0,0,0,1.59,0,0,0,0,0,0,0,0,0,0,0,0,0,0
45821,พิษณุโลก,17.089613,100.055909,นาน้ำฝน,แตกกอ,ไม่ทราบพันธุ์ข้าว,0,0,0,0,0,0,0,1.02,0,1.27,0,0,0,0,0,0,0,0,8.16,0,0,1.02,0,0,0,0,0,0,0,0,0,0,45,หญ้า
45820,พิษณุโลก,17.078253,100.10484099999999,นาน้ำฝน,แตกกอ,ไม่ทราบพันธุ์ข้าว,0,0,5.17,0,0,0,0,2.42,0,4.58,0,0,0,0,0,0,0,0,7.28,0,0,0.59,0,0,0,0,0,0,0,0,0,0,0
45820,พิษณุโลก,17.064776999999999,100.237683,นาน้ำฝน,แตกกอ,ไม่ทราบพันธุ์ข้าว,0,0,0,0,0,0,0,0.51,0,3.75,0,0,0,0,0,0,0,0,5.48,0,0,0.76,0,0,0,0,0,0,0,0,0,0,0
45820,พิษณุโลก,17.07639,100.10375999999999,นาน้ำฝน,แตกกอ,ไม่ทราบพันธุ์ข้าว,0,0,0,0,0,0,0,1.36,0,2.54,0,0,0,0,0,0,0,0,5.84,0,0,0.73,0,0,0,0,0,0,0,0,0,0,20,กก
45820,พิษณุโลก,17.060348999999999,100.22856899999999,นาน้ำฝน,แตกกอ,ไม่ทราบพันธุ์ข้าว,0,0,0,0,0,0,0,0.54,0,8.11,0,0,0,0,0,0,0,0,7.25,0,0.67,0.26,0,0,0,0,0,0,0,0,0,0,10,พืชใบเลี้ยงคู่ใบกว้าง
45821,พิษณุโลก,17.074832000000001,100.10053600000001,นาน้ำฝน,แตกกอ,ไม่ทราบพันธุ์ข้าว,0,0,0,0,0,0,0,0,0,4.3499999999999996,0,0,0,0,0,0,0,0,4.26,0,0.83,0.47,0,0,0,0,0,0,0,0,0,0,0
45821,พิษณุโลก,17.080155000000001,100.068298,นาน้ำฝน,แตกกอ,ไม่ทราบพันธุ์ข้าว,0,0,1.18,0,0,0,0,3.16,0,6.27,0,0,0,0,0,0,0,0,3.56,0,0.72,0.64,0,0,0,0,0,0,0,0,0,0,0
45821,พิษณุโลก,17.085584999999998,100.056912,นาน้ำฝน,แตกกอ,ไม่ทราบพันธุ์ข้าว,0,0,2.62,0,0,0,0,0.49,0,3.24,0,0,0,0,0,0,0,0,2.4700000000000002,0,0,0,0,0,0,0,0,0,0,0,0,0,0
45821,พิษณุโลก,17.096048,100.05789,นาน้ำฝน,แตกกอ,ไม่ทราบพันธุ์ข้าว,0,0,0,0,0,0,0,1.74,0,1.43,0,0,0,0,0,0,0,0,7.36,0,0,0.85,0,0,0,0,0,0,0,0,0,0,30,หญ้า
45821,พิษณุโลก,17.083390999999999,100.06572799999999,นาน้ำฝน,แตกกอ,ไม่ทราบพันธุ์ข้าว,0,0,1.72,0,0,0,0,3.24,0,5.82,0,0,0,0,0,0,0,0,4.1399999999999997,0,0.75,0,0,0,0,0,0,0,0,0,0,0,0
45862,พัทลุง,7.6504539999999999,100.107536,นาชลประทาน,ระยะกล้า,ไม่ทราบพันธุ์ข้าว,0,0,0,0,0,0,0,0,0,0,0,0,0,0,0,0,0,0,0,0,0,0,0,0,0,0,0,0,0,0,0,0,0,-
45862,พัทลุง,7.6817529999999996,100.090057,นาชลประทาน,ระยะกล้า,ไม่ทราบพันธุ์ข้าว,0,0,0,0,0,0,0,0,0,0,0,0,0,0,0,0,0,0,0,0,0,0,0,0,0,0,0,0,0,0,0,0,0
45862,พัทลุง,7.6533329999999999,100.090997,นาชลประทาน,ระยะกล้า,ไม่ทราบพันธุ์ข้าว,0,0,0,0,0,0,0,0,0,0,0,0,0,0,0,0,0,0,0,0,0,0,0,0,0,0,0,0,0,0,0,0,0,-
45862,พัทลุง,7.6629659999999999,100.087875,นาชลประทาน,แตกกอ,ไม่ทราบพันธุ์ข้าว,0,0,0,0,0,0,0,0,0,1.8120000000000001,0,0,0,0,0,0,0,0,0,0,0,0,0,0,0,0,0,0,0,0,0,0,0,-
45862,พัทลุง,7.6676780000000004,100.07568499999999,นาชลประทาน,ระยะกล้า,ไม่ทราบพันธุ์ข้าว,0,0,0,0,0,0,0,0,0,0,0,0,0,0,0,0,0,0,0,0,0,0,0,0,0,0,0,0,0,0,0,0,0,-
45863,นครศรีธรรมราช,8.3354587999999996,99.910998000000006,นาชลประทาน,ตั้งท้อง,ไม่ทราบพันธุ์ข้าว,0,0,0,0,0,40,0,0,0,0,0,0,0,0,0,0,0.90500000000000003,0,0.67900000000000005,0,0,0,0,0,0,0,0,0,0,0,0,0,0,-
45863,พัทลุง,7.8473839999999999,99.944924999999998,นาชลประทาน,ออกรวง,ไม่ทราบพันธุ์ข้าว,0,0,0,0,0,0,0,0,0,0,0,0,0,0,0,0,0,0,0,0,0,0,0,0,0,0,0,0,0,0,0,0,0,0
45894,กระบี่,7.7242389999999999,99.073822000000007,ข้าวไร่แซมยาพาราหรือปาล์มน้ำมัน,ระยะกล้า,ดอกข่า50,0,0,0,0,0,0,0,0,0,0,0,0,0,0,0,0,0,0,2,0,0,0,0,0,0,0,0,0,0,0,0,0,10,หญ้า,ตีนนก ตีนกา  ปากควาย   ผักเบี้ยหิน 
45863,กระบี่,7.7244080000000004,99.075130999999999,ข้าวไร่แซมยาพาราหรือปาล์มน้ำมัน,ระยะกล้า,ดอกข่า50,0,0,0,0,0,0,0,0,0,0,0,0,0,0,0,0,0,0,0,0,0,0,0,0,0,0,0,0,0,0,0,0,12,หญ้า,ตีนนก ตีนกา ปากควาย ข้าวนก
45863,กระบี่,7.7249949999999998,99.074751000000006,ข้าวไร่แซมยาพาราหรือปาล์มน้ำมัน,ระยะกล้า,ดอกข่า50,0,0,0,0,0,0,0,0,0,0,0,0,0,0,0,0,0,0,3,0,0,0,0,0,0,0,0,0,0,0,0,0,2,พืชใบเลี้ยงคู่ใบกว้าง,ผักเบี้ยหิน
45863,กระบี่,7.7266820000000003,99.075350999999998,ข้าวไร่แซมยาพาราหรือปาล์มน้ำมัน,ระยะกล้า,ดอกข่า50,0,0,0,0,0,0,0,0,0,0,0,0,0,0,0,0,0,0,0,0,0,0,0,0,0,0,0,0,0,0,0,0,14,หญ้า,หญ้าดอกขาว
45863,กระบี่,7.7241470000000003,99.084945000000005,ข้าวไร่แซมยาพาราหรือปาล์มน้ำมัน,ระยะกล้า,สังข์หยดพัทลุง,0,0,0,0,0,0,0,0,0,0,0,0,0,0,0,0,0,0,12,0,0,11,0,0,0,0,0,0,0,0,0,0,10,หญ้า,ข้าวนก  ดอกขาว  นกสีชมพู
45863,กระบี่,7.7121040000000001,99.076845000000006,ข้าวไร่แซมยาพาราหรือปาล์มน้ำมัน,ระยะกล้า,สังข์หยดพัทลุง,0,0,0,0,0,0,0,0,0,0,0,0,0,0,0,0,0,0,2,0,0,0,0,0,0,0,0,0,0,0,0,0,3,หญ้า,หญ้านกสีชมพู
45863,กระบี่,7.7122789999999997,99.078089000000006,ข้าวไร่แซมยาพาราหรือปาล์มน้ำมัน,ระยะกล้า,ดอกข่า50,0,0,0,0,0,0,0,0,0,0,0,0,0,0,0,0,0,0,2,0,0,0,0,0,0,0,0,0,0,0,0,0,10,พืชใบเลี้ยงคู่ใบกว้าง,เช่งใบมน กะเม่ง
45863,กระบี่,7.7151129999999997,99.078226000000001,ข้าวไร่แซมยาพาราหรือปาล์มน้ำมัน,ระยะกล้า,หอมหัวบอน35,0,0,0,0,0,0,0,0,0,0,0,0,0,0,0,0,0,0,5,0,0,0,0,0,0,0,0,0,0,0,0,0,10,หญ้า,หญ้านกสีชมพู  ข้าวนก
45863,กระบี่,7.7242559999999996,99.075002999999995,ข้าวไร่แซมยาพาราหรือปาล์มน้ำมัน,ระยะกล้า,หอมหัวบอน35,0,0,0,0,0,0,0,0,0,0,0,0,0,0,0,0,0,0,3,0,0,0,0,0,0,0,0,0,0,0,0,0,20,พืชใบเลี้ยงคู่ใบกว้าง,เช่งใบมน  กะเม่ง หญ้าดอกขาว
45863,กระบี่,7.7232320000000003,99.089848000000003,ข้าวไร่แซมยาพาราหรือปาล์มน้ำมัน,ระยะกล้า,หอมบัวบอน35,0,0,0,0,0,0,0,0,0,0,0,0,0,0,0,0,0,0,2,0,0,0,0,0,0,0,0,0,0,0,0,0,6,หญ้า,ดอกขาว  แห้ว ข้าวนก
45863,ตรัง,7.5742159999999998,99.654096999999993,นาน้ำฝน,ระยะกล้า,เล็บนกปัตตานี,0,0,0,0,0,0,0,0,0,0,0,0,0,0,0,0,0,0,0,0,0,0,0,0,0,0,0,0,0,0,0,0,5,กก,กกสามเหลี่ยม
45863,ตรัง,7.5739190000000001,99.655795999999995,นาน้ำฝน,ระยะกล้า,เล็บนกปัตตานี,0,0,0,0,0,0,0,0,0,0,0,0,0,0,0,0,0,0,3,0,0,0,0,0,0,0,0,0,0,0,0,0,10,กก,กก  หนวดปลาดุก 
45863,ตรัง,7.5740740000000004,99.650962000000007,นาน้ำฝน,ระยะกล้า,เล็บนกปัตตานี,0,0,0,0,0,0,0,0,0,0,0,0,0,0,0,0,0,0,2,0,0,0,0,0,0,0,0,0,0,0,0,0,2,หญ้า,ข้าวนก  หย้านกสีชมพู
45873,พัทลุง,7.6913850000000004,100.11689200000001,นาชลประทาน,ระยะกล้า,กข41,0,0,0,5,0,0,0,1,0,0,0,0,0,0,0,0,0,0,0,0,0,0,0,0,0,0,0,0,0,0,0,0,10,กก,กกขนาบ
45873,พัทลุง,7.6914230000000003,100.117233,นาชลประทาน,ระยะกล้า,กข41,0,0,0,5,0,0,0,0,0,0,0,0,0,0,0,0,0,0,0,0,0,0,0,0,0,0,0,0,0,0,0,0,10,หญ้า,ข้าวนก
45828,พัทลุง,7.7459189999999998,99.991870000000006,นาชลประทาน,ตั้งท้อง,กข79,0,0,2,0,0,0,0,0,0,0,0,0,0,0,0,0,80,3,5,0,0,5,0,0,0,0,0,0,0,0,0,0,5,กก,กกสามเหลี่ยม
45828,พัทลุง,9.3802780000000006,99.213893999999996,นาชลประทาน,ตั้งท้อง,กข79,0,0,0,0,0,0,0,0,0,0,0,0,0,0,0,0,50,0,10,0,0,0,0,0,0,0,0,0,0,0,0,0,20,หญ้า,ข้าวนก
45828,พัทลุง,9.3803049999999999,99.216048000000001,นาชลประทาน,ตั้งท้อง,กข79,0,0,0,0,0,0,0,0,0,0,0,0,0,0,0,0,40,0,1,0,0,0,0,0,0,0,0,0,0,0,0,0,12,หญ้า,หญ้าข้าวนก
45828,พัทลุง,9.3806309999999993,99.217309,นาชลประทาน,ตั้งท้อง,กข79,0,0,0,0,0,0,0,0,0,0,0,0,0,0,0,0,50,0,0,0,0,0,0,0,0,0,0,0,0,0,0,0,10,หญ้า,หญ้าข้าวนก   
45874,สงขลา,7.7886490000000004,100.2953,นาชลประทาน,ระยะกล้า,กข41,0,3,0,2,0,0,0,0,0,0,0,0,0,0,0,0,0,0,3,0,0,0,0,0,0,0,0,0,0,0,0,0,10,หญ้า,ข้าวนก
45778,สุพรรณบุรี,14.615584,100.06330800000001,นาชลประทาน,ระยะกล้า,ไม่ทราบพันธุ์ข้าว,0,0,0,0,0,0,0,0,0,0,0,0,0,0,0,0,0,0,0,0,0,0,0,0,0,0,0,0,0,0,0,0,0
45778,สุพรรณบุรี,14.915302000000001,100.098406,นาชลประทาน,ตั้งท้อง,ไม่ทราบพันธุ์ข้าว,0,0,0,0,0,0,0,0,0,10,0,0,0,0,0,0,0,0,12.89,0,0,0,0,0,0,0,0,0,0,0,0,0,5,กก,หนวดปลาดุก
45778,สุพรรณบุรี,14.615698,100.063394,นาชลประทาน,ระยะกล้า,ไม่ทราบพันธุ์ข้าว,0,0,0,0,0,0,0,0,0,0.83,0,0,0,0,0,0,0,0,69.72,0,0,0,0,0,0,0,0,0,0,0,0,0,0
45793,สิงห์บุรี,14.991526,100.32604000000001,นาชลประทาน,ระยะกล้า,ไม่ทราบพันธุ์ข้าว,0,0,0,0,0,0,0,1.44,0,0,0,0,0,0,0,0,0,0,17.79,0,0,0,0,0,0,0,0,0,0,0,0,0,5,กก,หนวดปลาดุก
45867,อุตรดิตถ์,17.263687000000001,100.05613,นาน้ำฝน,แตกกอ,ไม่ทราบพันธุ์ข้าว,0,0,0,0,0,0,1.03,4.45,0,0,0,0,0,0,0,0,0,0,3.78,0,0,0,0,0,0,0,0,0,0,0,0,0,0
45867,อุตรดิตถ์,17.265135000000001,100.05225799999999,นาน้ำฝน,แตกกอ,ไม่ทราบพันธุ์ข้าว,0,0,0,0,0,0,0,3.22,0,1.76,0,0,0,0,0,0,0,0,3.65,0,0,0,0,0,0,0,0,0,0,0,0,0,0
45867,อุตรดิตถ์,17.265006,100.059304,นาน้ำฝน,แตกกอ,ไม่ทราบพันธุ์ข้าว,0,0,0,0,0,0,2.64,7.13,0,2.14,0,0,0,0,0,0,0,0,4.68,0,0,0,0,0,0,0,0,0,0,0,0,0,0
45867,อุตรดิตถ์,17.266359000000001,100.064594,นาน้ำฝน,ออกรวง,ไม่ทราบพันธุ์ข้าว,0,0,0,0,0,0,0,0,0,5.62,0,0,0,0,0,0,0,0,4.72,0,2.0099999999999998,0.74,0,6.23,0,0,0,0,0,0,0,0,0
45867,อุตรดิตถ์,17.233839,100.047489,นาน้ำฝน,ออกรวง,ไม่ทราบพันธุ์ข้าว,0,0,0,0,0,0,0,0,0,6.53,0,0,0,0,0,0,0,0,2.4700000000000002,0,0,0,0,5.22,0,0,0,0,0,0,0,0,0
45867,อุตรดิตถ์,17.236502999999999,100.053009,นาน้ำฝน,แตกกอ,ไม่ทราบพันธุ์ข้าว,0,0,5.36,0,0,0,0,1.24,0,1.61,1.02,0,0,0,0,0,0,0,14.72,0,0,3.81,0,0,0,0,0,0,0,0,0,0,5,พืชใบเลี้ยงคู่ใบกว้าง
45867,อุตรดิตถ์,17.237753999999999,100.05094699999999,นาน้ำฝน,ระยะกล้า,ไม่ทราบพันธุ์ข้าว,0,0,0,0,0,0,3.21,0,0,0,0,0,0,0,0,0,0,0,4.3899999999999997,0,0,0,0,0,0,0,0,0,0,0,0,0,0
45867,อุตรดิตถ์,17.241246,100.050822,นาน้ำฝน,แตกกอ,ไม่ทราบพันธุ์ข้าว,0,0,0,0,0,0,0,0,0,1.1200000000000001,0,0,0,0,0,0,10.47,0,0,0,0,0.24,0,0,0,0,0,0,0,0,0,0,0
45867,อุตรดิตถ์,17.242321,100.049521,นาน้ำฝน,แตกกอ,ไม่ทราบพันธุ์ข้าว,0,0,0,0,0,0,0,0,0,0.46,0,0,0,0,0,7.65,0,0,0,0,0,0,0,0,0,0,0,0,0,0,0,0,0
45867,อุตรดิตถ์,17.242692000000002,100.046049,นาน้ำฝน,แตกกอ,ไม่ทราบพันธุ์ข้าว,0,0,1.81,0,0,0,0,0,0,5.34,0,0,0,0,0,0,19.2,0,0,0,0,0,0,0,0,0,0,0,0,0,0,0,5,หญ้า
45868,อุตรดิตถ์,17.244544999999999,100.044141,นาน้ำฝน,แตกกอ,ไม่ทราบพันธุ์ข้าว,0,0,2.38,0,0,0,0,0,0,1.26,0,0,0,0,0,0,0,0,10.43,0,0,2.14,0,0,0,0,0,0,0,0,0,0,0
45868,อุตรดิตถ์,17.235707000000001,100.053224,นาน้ำฝน,ออกรวง,ไม่ทราบพันธุ์ข้าว,0,0,0,0,0,0,0,0,0,4.1900000000000004,0,0,0,0,0,0,0,0,3.67,0,1.39,0.69,0,5.41,0.17,0,0,0,0,0,0,0,1,พืชใบเลี้ยงคู่ใบกว้าง
45868,อุตรดิตถ์,17.235817999999998,100.051119,นาน้ำฝน,แตกกอ,ไม่ทราบพันธุ์ข้าว,0,0,4.2300000000000004,0,0,0,0,0.6,0,1.81,0.8,0,0,0,0,0,0,0,12.7,0,0,3.62,0,0,0,0,0,0,0,0,0,0,3,พืชใบเลี้ยงคู่ใบกว้าง
45868,อุตรดิตถ์,17.235990999999999,100.05043499999999,นาน้ำฝน,แตกกอ,ไม่ทราบพันธุ์ข้าว,0,0,0.54,0,0,0,0,0,0,7.14,0,0,0,0,0,0,21.7,4.9400000000000004,5.49,0,1.92,2.4700000000000002,0,0,0,0,0,0,0,0,0,0,5,หญ้า
45868,อุตรดิตถ์,17.235191,100.047693,นาน้ำฝน,แตกกอ,ไม่ทราบพันธุ์ข้าว,0,0,0,0,0,0,0,0,0,0.34,0,0,0,0,0,0,14.58,0,0,0,1.04,0.17,0,0,0,0,0,0,0,0,0,0,0
45868,อุตรดิตถ์,17.256042999999998,100.060908,นาน้ำฝน,แตกกอ,ไม่ทราบพันธุ์ข้าว,0,0,0.35,0,0,0,0,0.71,0,2.85,1.96,0,0,0,0,0,0,0,4.0999999999999996,0,0.35,1.42,0,0,0,0,0,0,0,0,0,0,5,พืชใบเลี้ยงคู่ใบกว้าง
45868,อุตรดิตถ์,17.260732000000001,100.057863,นาน้ำฝน,แตกกอ,ไม่ทราบพันธุ์ข้าว,0,0,0,0,0,0,1.1599999999999999,6.72,0,0.87,0,0,0,0,0,0,0,0,2.04,0,0,0,0,0,0,0,0,0,0,0,0,0,0
45856,สุพรรณบุรี,14.908620000000001,100.10144,นาชลประทาน,แตกกอ,กข85,0,0,2.1280000000000001,0,0,0,0,2.66,0,0.26600000000000001,0,0,0,0,0,0,0,0,0.53200000000000003,0,2.3940000000000001,0,0,0,0,0,0,0,0,0,0,0,10,กก,หนวดปลาดุก
45856,สุพรรณบุรี,14.90929,100.11046,นาชลประทาน,ตั้งท้อง,กข85,0,0,17.332999999999998,0,0,0,0,3.5190000000000001,0,3.8119999999999998,3,0,0,0,0,2,0,22.581,1.466,0,2.6389999999999998,0,0,0,0,0,0,0,0,0,0,0,5,พืชใบเลี้ยงคู่ใบกว้าง,ผักปอดนา
45856,สุพรรณบุรี,14.91649,100.11591,นาชลประทาน,ระยะกล้า,กข85,0,0,1.099,0,0,0,0,0.54900000000000004,1.6479999999999999,0,0,0,0,0,0,0,0,0,0,0,0.82399999999999995,0,0,0,0,0,0,0,0,0,0,0,5,พืชใบเลี้ยงคู่ใบกว้าง,ผักปอดนา
45856,สุพรรณบุรี,14.812950000000001,100.10263999999999,นาชลประทาน,ออกรวง,ปทุมธานี 1,0,0,0,0,0,0,0,0,0,0.94299999999999995,0,0,0,0,0,0,0,0,2.83,0,0.629,0,0,6.6040000000000001,0,0,0,0,0,0,0,0,3.3330000000000002,กก,หนวดปลาดุก
45856,สุพรรณบุรี,14.752359999999999,100.11028,นาชลประทาน,ออกรวง,กข41,0,0,0,0,10.127000000000001,0,0,0,0,2.9540000000000002,0,0,0,0,0,0,0,4.8520000000000003,0,0,1.266,0,0,30.38,0,0,0,0.63300000000000001,0,0,0,0,5,หญ้า,หญ้าข้าวนก
45856,สุพรรณบุรี,14.75352,100.11461,นาชลประทาน,ตั้งท้อง,กข85,0,0,3.4089999999999998,0,0,0,0,0.56799999999999995,0,9.0909999999999993,0,0,0,0,0,0,0,0,0.56799999999999995,0,4.83,0,0,0,0,0,0,0,0,0,0,0,5,หญ้า,ข้าววัชพืช
45856,สุพรรณบุรี,14.75736,100.12662,นาชลประทาน,แตกกอ,ปทุมธานี 1,0,0,1.2050000000000001,1.2050000000000001,0,0,0,3.3730000000000002,0,0.72299999999999998,0,0,0,0,0,0,0,0,1.9279999999999999,0,12.289,0,0,0,0,0,0,0,0,0,0,0,1.667,กก,แห้วหมู
45856,สุพรรณบุรี,14.76036,100.13106999999999,นาชลประทาน,ตั้งท้อง,กข41,0,0,7.5949999999999998,0,0,0,0,2.2149999999999999,0,13.608000000000001,0,0,0,0,0,0,0,0,0,0,1.266,0,0,0,0,0,0,0,0,0,0,0,5,หญ้า,ข้าววัชพืช
45856,สุพรรณบุรี,14.77985,100.12778,นาชลประทาน,ออกรวง,กข41,0,0,0,0,1.2350000000000001,0,0,0,0,6.9960000000000004,0,0,0,0,0,0,0,0,0,0,0,0,0,32.098999999999997,0,0,0,0,0,0,0,0,5,หญ้า,หญ้าข้าวนก
45856,สุพรรณบุรี,14.80064,100.13111000000001,นาชลประทาน,ออกรวง,กข41,2.1739999999999999,0,5.4349999999999996,0,0,0,0,0.217,0,1.087,0,0,0,0,0,0,0,0,2.8260000000000001,0,2.1739999999999999,0,0,1.087,0,0,0,0,0,0,0,0,5,กก,หนวดปลาดุก
45764,ลพบุรี,15.011664,100.573258,นาชลประทาน,แตกกอ,ไม่ทราบพันธุ์ข้าว,0,0,0,0,0,0,0,8.24,0,0,0,0,0,0,0,0,0,0,3.02,0,0,0,0,0,0,0,0,0,0,0,0,0,1.67,พืชใบเลี้ยงคู่ใบกว้าง,ผักปอดนา
45770,ชัยนาท,15.228529999999999,100.179337,นาชลประทาน,ระยะกล้า,ไม่ทราบพันธุ์ข้าว,0,0,1.27,0,0,0,0,0,0,0,0,0,0,0,0,0,0,0,7.28,0,0,0,0,0,0,0,0,0,0,0,0,0,0
45770,ชัยนาท,15.228415999999999,100.17945,นาชลประทาน,ระยะกล้า,ไม่ทราบพันธุ์ข้าว,0,0,1.39,0,0,0,0,2.4300000000000002,0,0,0,0,0,0,0,0,0,0,5.21,0,0,0,0,0,0,0,0,0,0,0,0,0,0
45770,ชัยนาท,15.244044000000001,100.185874,นาชลประทาน,ระยะกล้า,ไม่ทราบพันธุ์ข้าว,0,0,1.32,0,0,0,0,0,0,0,0,0,0,0,0,0,0,0,8.74,0,0,0,0,0,0,0,0,0,0,0,0,0,0
45770,ชัยนาท,15.206598,100.18642,นาชลประทาน,ระยะกล้า,ไม่ทราบพันธุ์ข้าว,0,0,0.68,0,0,0,0,0.51,0,0,0,0,1,0,0,0,0,0,10.37,0,0,0,0,0,0,0,0,0,0,0,0,0,10,กก,หนวดปลาดุก
45839,ฉะเชิงเทรา,13.8234511,101.15640999999999,นาชลประทาน,แตกกอ,ไม่ทราบพันธุ์ข้าว,0,0,0,0,0,0,0,0.91,0,5.79,0,0,0,0,0,0,0,0,3.05,0,0,0,0,0,0,0,0,0,0,0,0,0,0
45839,ฉะเชิงเทรา,13.8377938,101.1541134,นาชลประทาน,แตกกอ,ไม่ทราบพันธุ์ข้าว,0,0,0,0,0,0,0,6.25,0,4.55,0,0,0,0,0,0,0,0,0,0,0,0,0,0,0,0,0,0,0,0,0,0,5,พืชใบเลี้ยงคู่ใบกว้าง,ผักปอดนา
45839,ฉะเชิงเทรา,13.823869999999999,101.15625,นาชลประทาน,ระยะกล้า,ไม่ทราบพันธุ์ข้าว,0,0,0,0,0,0,0,0,0,0,0,0,0,0,0,0,0,0,9.17,0,0,0,0,0,0,0,0,0,0,0,0,0,3.33,กก,แห้ววหมู
45839,ฉะเชิงเทรา,13.8234511,101.15640999999999,นาชลประทาน,ระยะกล้า,ไม่ทราบพันธุ์ข้าว,0,0,0,0,0,0,0,0,0,0,0,0,0,0,0,0,0,0,1.56,1.56,0,0,0,0,0,0,0,0,0,0,0,0,1.67,พืชใบเลี้ยงคู่ใบกว้าง,ผักปอดนา
45842,ฉะเชิงเทรา,13.753487,101.153712,นาชลประทาน,ระยะกล้า,ไม่ทราบพันธุ์ข้าว,0,0,0,0,0,0,0,0,0,0,0,0,0,0,0,0,0,0,0,0,0,0,0,0,0,0,0,0,0,0,0,0,0
45842,ฉะเชิงเทรา,13.752563,101.154411,นาชลประทาน,ระยะกล้า,ไม่ทราบพันธุ์ข้าว,0,0,0,0,0,0,0,0,0,0,0,0,0,0,0,0,0,0,0,0,0,0,0,0,0,0,0,0,0,0,0,0,3.33,กก,กกขนาก
45842,สุพรรณบุรี,14.509963000000001,99.973945000000001,นาชลประทาน,แตกกอ,ไม่ทราบพันธุ์ข้าว,0,0,0,0,0,0,0,3.38,0,5.63,0,0,0,0,0,0,0,0,0,0,0,0,0,0,0,0,0,0,0,0,0,0,1.67,หญ้า,หญ้าข้าวนก
45842,สุพรรณบุรี,14.543903999999999,99.940793999999997,นาชลประทาน,แตกกอ,5154,0,0,0,0,0,0,0,0,0,0,0,0,0,0,0,0,0,0,0,0,0,0,0,0,0,0,0,0,0,0,0,0,5,กก,แห้วหมู
45842,สุพรรณบุรี,14.544637,99.990881000000002,นาชลประทาน,ระยะกล้า,กข61,0,0,0,0,0,0,0,0,0,0,0,0,0,0,0,0,0,0,0,0,0,0,0,0,0,0,0,0,0,0,0,0,5,กก,กก
45842,สุพรรณบุรี,14.542920000000001,99.949854000000002,นาชลประทาน,ออกรวง,ไม่ทราบพันธุ์ข้าว,0,0,0,0,0,0,0,0,0,31.19,0,0,0,0,0,0,0,0,2.75,0,0,0,0,17.57,0,0,0,0,0,0,0,0,5,หญ้า,หญ้าข้าวนก
45839,ปราจีนบุรี,13.92231,101.18094000000001,นาชลประทาน,แตกกอ,ไม่ทราบพันธุ์ข้าว,0,0,0,0,0,0,0,0,0,3.11,0,0,0,0,0,0,0,0,16,0,0,0,0,0,0,0,0,0,0,0,0,0,45,หญ้า,หญ้าข้าวนก
45839,ปราจีนบุรี,13.9222906,101.1808503,นาชลประทาน,แตกกอ,ไม่ทราบพันธุ์ข้าว,0,0,0,0,0,0,0,0,0,0,0,0,0,0,0,0,0,0,0,0,0,0,0,0,0,0,0,0,0,0,0,0,15,พืชใบเลี้ยงคู่ใบกว้าง,ผักปอดนา
45839,นครนายก,13.9743703,101.11125800000001,นาชลประทาน,แตกกอ,กข85,0,1,0,0,0,0,0,0.53,0,1.6,0,0,0,0,0,0,0,0,2.93,0,0,5.87,0,0,0,0,0,0,0,0,0,0,3.33,พืชใบเลี้ยงคู่ใบกว้าง,ผักปอดนา
45839,ปราจีนบุรี,13.9746016,101.1469103,นาชลประทาน,ระยะกล้า,ไม่ทราบพันธุ์ข้าว,0,0,0,0,0,0,0,3.34,0,5.0199999999999996,0,0,0,0,0,0,0,0,0,0,0,0,0,0,0,0,0,0,0,0,0,0,5,พืชใบเลี้ยงคู่ใบกว้าง,ผักปอดนา
45846,ปราจีนบุรี,13.8990598,101.40158099999999,นาชลประทาน,แตกกอ,ไม่ทราบพันธุ์ข้าว,0,0,0,0,0,0,0,0,0,0,0,0,0,0,0,0,0,0,0,0.85,0,0,0,0,0,0,0,0,0,0,0,0,28.33,กก,กกขนาก
45846,นครนายก,14.138529999999999,101.28006999999999,นาชลประทาน,ระยะกล้า,กข67,0,0,0,0,0,0,0,0,0,0.62,0,0,0,0,0,0,0,0,5.86,0,0,0,0,0,0,0,0,0,0,0,0,0,1.67,พืชใบเลี้ยงคู่ใบกว้าง,ผักปอด
45869,ชัยนาท,15.1734311,100.097842,นาชลประทาน,ออกรวง,ไม่ทราบพันธุ์ข้าว,0,0,0,0,0,0,0,0,0,0,0,0,0,0,0,0,87.25,0,0,0,0,0,0,0,0,0,0,0,0,0,0,0,0
45869,ชัยนาท,15.172381,100.0962961,นาชลประทาน,ออกรวง,กข41,0,0,0,0,0,0,0,0,0,0,0,0,0,0,0,0,58.38,0,0,0,0,0,0,0,0,0,0,0,0,0,0,0,0
45870,เชียงราย,19.445885000000001,99.638112000000007,ข้าวนาที่สูง,ระยะกล้า,ไม่ทราบพันธุ์ข้าว,0,0,0,0,0,0,5.08,0,0,0,0,0.1,0,0,0,0,0,0,0,2.73,0,0,0,0,0,0,0,0,0,0,0,0,1.67,พืชใบเลี้ยงคู่ใบกว้าง
45870,เชียงราย,19.442772000000001,99.637012999999996,ข้าวนาที่สูง,ระยะกล้า,ไม่ทราบพันธุ์ข้าว,0,0,0,0,0,0,0,0,0,0,0,0.2,0,0,0,0,0,0,0,5.67,0,0,0,0,0,0,0,0,0,0,0,0,3.33,พืชใบเลี้ยงคู่ใบกว้าง
45877,พะเยา,19.465153999999998,100.53413,ข้าวนาที่สูง,แตกกอ,น้ำรู,0,0,0,0,0,0,0,0,0,0.24,0,1.6,0,0,0,0,0,0,0,0,0,0,0,0,0,0,0,0,0,0,0,0,3.33,พืชใบเลี้ยงคู่ใบกว้าง
45877,พะเยา,19.465700999999999,100.533952,ข้าวนาที่สูง,แตกกอ,น้ำรู,0,0,0,0,0,0,0,0,0,0,0,1.5,0,0,0,0,0,0,0,0,0,10.06,0,0,0,0,0,0,0,0,0,0,3.33,พืชใบเลี้ยงคู่ใบกว้าง
45877,พะเยา,19.472342999999999,100.46685600000001,ข้าวไร่ที่สูง,แตกกอ,ข้าวไร่พันธุ์พื้นเมือง,0,0,0,0,0,0,0,0,0,0,0,0,0,0,0,0,0,0,0,0,0,0,0,0,0,0,0,0,0,0,0,0,5,หญ้า
45877,พะเยา,19.486642,100.466345,ข้าวไร่ที่สูง,แตกกอ,ข้าวไร่พันธุ์พื้นเมือง,0,0,0,0,0,0,0,0,0,0,0,0,0,0,0,0,0,0,3.56,0,0,0,0,0,0,0,0,0,0,0,0,0,15,หญ้า
45877,พะเยา,19.487732999999999,100.466174,ข้าวไร่ที่สูง,แตกกอ,ข้าวไร่พันธุ์พื้นเมือง,0,0,0,0,0,0,0,0,0,0,0,0,0,0,0,0,0,0,1.5,0,0,0,0,0,0,0,0,0,0,0,0,0,10,พืชใบเลี้ยงคู่ใบกว้าง
45878,ตาก,17.038595000000001,98.628918999999996,ข้าวนาที่สูง,แตกกอ,ไม่ทราบพันธุ์ข้าว,0,0,0,0,0,0,0,0,0,2.33,0.3,2.6,0,0,0,0,0,0,0,0,0,0,0,0,0,0,0,0,0,0,0,0,0
45880,ตาก,17.110652999999999,98.788325,ข้าวไร่ที่สูง,แตกกอ,ข้าวไร่พันธุ์พื้นเมือง,0,0,3.36,0,0,0,0,0,0,0.5,0,0,0,0,0,0,0,0,0,0,0,0,0,0,0,0,0,0,0,0,0,0,15,พืชใบเลี้ยงคู่ใบกว้าง
45880,ตาก,17.11917,98.806884999999994,ข้าวไร่ที่สูง,แตกกอ,ข้าวไร่พันธุ์พื้นเมือง,0,0,1.27,0,0,0,0,0,0,0,0,0,0,0,0,0,0,0,1.67,0,0,0,0,0,0,0,0,0,0,0,0,0,10,พืชใบเลี้ยงคู่ใบกว้าง
45870,พะเยา,19.204654999999999,99.849801999999997,นาชลประทาน,แตกกอ,ไม่ทราบพันธุ์ข้าว,0,0,0,0,0,0,0,0,0,0,0,0.6,0,0.3,0,0,0,0,0,0,0,0,0,0,0,0,0,0,0,0,0,0,1.67,หญ้า
45877,พะเยา,19.450195000000001,100.18302,นาชลประทาน,แตกกอ,ไม่ทราบพันธุ์ข้าว,0,0,0,0,0,0,0,0,0,0,0,0,0,0,0,0,0,0,8.56,3.87,0,0,0,0,0,0,0,0,0,0,0,0,15,พืชใบเลี้ยงคู่ใบกว้าง
45877,พะเยา,19.448007,100.11477499999999,นาชลประทาน,ตั้งท้อง,ไม่ทราบพันธุ์ข้าว,0,0,0,1.61,0,0,0,0,0,0,0,0.4,0,0,0,0,0,0,0,1.29,0,0,0,0,0,0,0,0,0,0,0,0,5,หญ้า
45880,ลำปาง,18.382846000000001,99.600942000000003,นาชลประทาน,แตกกอ,ไม่ทราบพันธุ์ข้าว,0,0.1,0,0,0,0,0,0,0,0,0,2,0,0,0,0,0,0,6.25,0,0,0,0,0,0,0,0,0,0,0,0,0,3.33,พืชใบเลี้ยงคู่ใบกว้าง
45880,ลำปาง,18.384107,99.600337999999994,นาชลประทาน,ระยะกล้า,ไม่ทราบพันธุ์ข้าว,0,0.1,0,0,0,0,0,0,0,0,0,2.1,0,0,0,0,0,0,0,0,0,0,0,0,0,0,0,0,0,0,0,0,5,พืชใบเลี้ยงคู่ใบกว้าง,ผักปอดนา
45880,ลำปาง,18.840045,99.947246000000007,นาชลประทาน,แตกกอ,ไม่ทราบพันธุ์ข้าว,0,0,0,0,0,0,0,0,0,0,0,3,0,0,0,0,0,0,0,14.33,0,0,0,0,0,0,0,0,0,0,0,0,1.67,พืชใบเลี้ยงคู่ใบกว้าง
45880,ลำปาง,18.839753999999999,99.946884999999995,นาชลประทาน,แตกกอ,ไม่ทราบพันธุ์ข้าว,0,0,0,0,0,0,0,0,0,0,0,1.2,0,0,0,0,0,0,0,5.6,0,0,0,0,0,0,0,0,0,0,0,0,3.33,พืชใบเลี้ยงคู่ใบกว้าง
45771,ฉะเชิงเทรา,13.880307999999999,100.95555,นาชลประทาน,ระยะกล้า,ไม่ทราบพันธุ์ข้าว,0,0,1.2,0,0,0,0,1.75,0,0,0,0,0,0,0,0,0,0,0,0,0,0,0,0,0,0,0,0,0,0,0,0,3.33,หญ้า,หญ้าข้าวนก
45776,ชัยนาท,15.293931000000001,100.160808,นาชลประทาน,ระยะกล้า,ไม่ทราบพันธุ์ข้าว,0,0,1.92,0,0,0,0,2.4,0,0.48,0,0,0,0,0,0,0,0,11.54,0,0,0,0,0,0,0,0,0,0,0,0,0,15,หญ้า,หญ้าข้าวนก
45777,สุพรรณบุรี,14.694974,100.09189499999999,นาชลประทาน,แตกกอ,ไม่ทราบพันธุ์ข้าว,0,0,6.98,0,0,0,0,4.9400000000000004,0,0.48,0,0,0,0,0,0,0,0,33.43,0,0,0,0,0,0,0,0,0,0,0,0,0,56.67,พืชใบเลี้ยงคู่ใบกว้าง,ผักปอดนา
45777,ชัยนาท,14.987753,100.128787,นาชลประทาน,แตกกอ,ไม่ทราบพันธุ์ข้าว,0,0,1.04,0,0,0,0.26,0,0,0,0,0,0,0,0,0,0,0,13.28,0,0,0,0,0,0,0,0,0,0,0,0,0,1.67,หญ้า,หญ้าข้าวนก
45777,ชัยนาท,14.992616,100.143269,นาชลประทาน,แตกกอ,ไม่ทราบพันธุ์ข้าว,0,0,1.41,0,0,0,0,1.76,0,0,0,0,0,0,0,0,0,0,28.52,0,1.41,0,0,0,0,0,0,0,0,0,0,0,5,หญ้า,หญ้าข้าวนก
45792,พระนครศรีอยุธยา,14.598269999999999,100.5470792,นาชลประทาน,ระยะกล้า,ไม่ทราบพันธุ์ข้าว,0,0,1.41,0,0,0,0,1.06,0,0,0,0,0,0,0,0,0,0,8.8000000000000007,0.35,0,0,0,0,0,0,0,0,0,0,0,0,3.33,หญ้า,หญ้าดอกขาว
45841,สิงห์บุรี,14.983186999999999,100.35244299999999,นาชลประทาน,ออกรวง,ไม่ทราบพันธุ์ข้าว,0,0,1.08,0,0,0,0,1.72,0,1.29,0,0,0,0,0,0,0,0,11.61,0,0,0,0,0,0,0,0,0,0,0,0,0,0
45757,สิงห์บุรี,14.983015,100.35232000000001,นาชลประทาน,แตกกอ,ไม่ทราบพันธุ์ข้าว,0,0,0,0,0,0,0,0.56999999999999995,0,0,0,5,0,0,0,0,0,0,0,9.7100000000000009,0,0,0,0,0,0,0,0,0,0,0,0,0
45757,ชัยนาท,15.199134000000001,100.131117,นาชลประทาน,แตกกอ,ไม่ทราบพันธุ์ข้าว,0,0,0.86,0,0,0,0,0.65,0,0,0,0,0,0,0,0,0,0,46.34,0,0,0,0,0,0,0,0,0,0,0,0,0,0
45757,ชัยนาท,14.989710000000001,100.130728,นาชลประทาน,ตั้งท้อง,ไม่ทราบพันธุ์ข้าว,0,0,0,1.35,0,0,0,0.51,0,0,0,2,0,0,0,0,0,0,33.78,0,0,0,0,0,0,0,0,0,0,0,0,0,0
45764,ชัยนาท,14.98972,100.130579,นาชลประทาน,ตั้งท้อง,ไม่ทราบพันธุ์ข้าว,0,0,0.79,1.59,0,0,0,0.54,0,0.54,1,0,0,0,0,0,0,0,18.23,0,0,0,0,0,0,0,0,0,0,0,0,0,0
45750,ชัยนาท,14.997731999999999,100.124424,นาชลประทาน,ระยะกล้า,ไม่ทราบพันธุ์ข้าว,0,0,0,0,0,0,0,0,0,2.09,1,0,0,0,0,0,0,0,57.18,0,0,0,0,0,0,0,0,0,0,0,0,0,0
45750,สุพรรณบุรี,14.615617,100.063227,นาชลประทาน,ระยะกล้า,ไม่ทราบพันธุ์ข้าว,0,0,0.95,0,0,0,0,0.71,0,0,0,0,0,0,0,0,0,0,38.1,0,0,0,0,0,0,0,0,0,0,0,0,0,0
45750,สุพรรณบุรี,14.613330400000001,100.063834,นาชลประทาน,ระยะกล้า,ไม่ทราบพันธุ์ข้าว,0,0,0,0,0,0,0,0,0,0,0,0,0,0,0,0,0,0,36.49,0,0,0,0,0,0,0,0,0,0,0,0,0,0
45757,สุพรรณบุรี,14.616215,100.063486,นาชลประทาน,แตกกอ,ไม่ทราบพันธุ์ข้าว,0,0,4.49,0,0,0,0,0,0,0,0,0,0,0,0,0,0,0,57.08,0,0,0,0,0,0,0,0,0,0,0,0,0,0
45757,ชัยนาท,15.24765,100.275362,นาชลประทาน,ระยะกล้า,ไม่ทราบพันธุ์ข้าว,0,0,0,0,0,0,0,0,0,0,0,0,0,0,0,0,0,0,0,0,0,0,0,0,0,0,0,0,0,0,0,0,0
45757,ชัยนาท,15.2466878,100.27586599999999,นาชลประทาน,ระยะกล้า,ไม่ทราบพันธุ์ข้าว,0,3,0.63,0,0,0,0,0.63,0,0,0,0,0,0,0,0,0,0,0.63,0,0,0,0,0,0,0,0,0,0,0,0,0,0
45757,ชัยนาท,15.246427000000001,100.276025,นาชลประทาน,ระยะกล้า,ไม่ทราบพันธุ์ข้าว,0,2,1.08,0,0,0,0,1.08,0,0,0,0,0,0,0,0,0,0,0.72,0,0,0,0,0,0,0,0,0,0,0,0,0,0
45846,ปราจีนบุรี,13.899436,101.401507,นาชลประทาน,ระยะกล้า,ไม่ทราบพันธุ์ข้าว,0,0,0,0,0,0,0,0,0,0,0,0,0,0,0,0,0,0,1.36,1.0900000000000001,0,0,0,0,0,0,0,0,0,0,0,0,6.67,กก,กกขนาก
45846,ปราจีนบุรี,13.97232,101.38824,นาชลประทาน,แตกกอ,ไม่ทราบพันธุ์ข้าว,0,0,0,0,0,0,0,1.01,0,0,0,0,0,0,0,0,0,12.12,0,0,0,0,0,0,0,0,0,0,0,0,0,0,1.67,กก,หนวดปลาดุก
45869,ชัยนาท,15.1734311,100.097842,นาชลประทาน,ออกรวง,ไม่ทราบพันธุ์ข้าว,0,0,0,0,0,0,0,0,0,0,0,0,0,0,0,0,87.25,0,0,0,0,0,0,0,0,0,0,0,0,0,0,0,0
45869,ชัยนาท,15.172381,100.0962961,นาชลประทาน,ออกรวง,กข41,0,0,0,0,0,0,0,0,0,0,0,0,0,0,0,0,58.38,0,0,0,0,0,0,0,0,0,0,0,0,0,0,0,0
45877,ชัยนาท,15.175067,100.106888,นาชลประทาน,ออกรวง,ไม่ทราบพันธุ์ข้าว,0,0,0,0,0,0,0,0,0,2.38,0,0,0,0,0,0,27.32,0,15.68,0,0,0,0,27.78,0,0,0,0,0,0,0,0,0
45877,ชัยนาท,15.17051,100.09936999999999,นาชลประทาน,ออกรวง,ไม่ทราบพันธุ์ข้าว,0,0,0,0,0,0,0,0,0,6.2,0,0,0,0,0,0,10.220000000000001,0,1.82,0,0,0,0,42.34,0,0,0,0,0,0,0,0,0
45877,ชัยนาท,15.16817,100.08024,นาชลประทาน,ตั้งท้อง,กข85,0,0,0,0,0,0,0,0,0,1.56,0,0,0,0,0,0,13.02,2.6,7.29,0,0.52,0,0,0,7.81,0,0,0,0,0,0,0,0
45883,สกลนคร,17.381055,103.849508,นาน้ำฝน,แตกกอ,กข15,0,0,0,0,0,0,0,0,0,0,0,0,0,4,0,0,0,0,0.46,1.23,0,0,0,0,0,0,0,0,0,0,0,0,0,พืชใบเลี้ยงคู่ใบกว้าง
45883,สกลนคร,17.378934000000001,103.845615,นาน้ำฝน,แตกกอ,กข15,0,0,0,0,0,0,0,0,0,0,0,0,0,0,0,0,0,0,0.67,1.1200000000000001,0,0,0,0,0,0,0,0,0,0,0,0,0,กก
45883,สกลนคร,17.388667999999999,103.836521,นาน้ำฝน,แตกกอ,กข15,0,0,0,0,0,0,4.5599999999999996,0,0,0,1,1,1,4,0,0,0,0,1.74,0.4,0,0,0,0,0,0,0,0,0,0,0,0,0,พืชใบเลี้ยงคู่ใบกว้าง,"ผักบุ้ง , เทียนนา"
45883,สกลนคร,17.396802999999998,103.82547,นาน้ำฝน,แตกกอ,กข15,0,0,0,0,0,0,0,0,0,0,0,1,1,5,0,0,0,0,0,0,0,0,0,0,0,0,0,0,0,0,0,0,0,พืชใบเลี้ยงคู่ใบกว้าง,"เทียนยา , ผักบุ้ง"
45883,นครราชสีมา,15.68707,102.33977,นาน้ำฝน,แตกกอ,ขาวดอกมะลิ 105,2.5,0,0,0,0,0,0,0,0,0,0,0,0,0,0,0,0,0,0,0,0.56999999999999995,0.28000000000000003,0,0,0,0,0,0,0,0,0,0,5,หญ้า
45883,นครราชสีมา,15.689640000000001,102.34217,นาน้ำฝน,แตกกอ,ขาวดอกมะลิ 105,0,0,0,0,0,0,0,0.41,0,2.04,0,0,0,0,0,0,0,0,0,0,0,0,0,0,0,0,0,0,0,0,0,0,18.329999999999998,กก
45887,บุรีรัมย์,14.973380000000001,102.85168,นาน้ำฝน,แตกกอ,ขาวดอกมะลิ 105,0,0,0,0,0,0,0,0,0,0,1,0,0,0,0,0,0,0,0,0,1.32,2.87,0,0,0,0,0,0,0,0,0,0,0,พืชใบเลี้ยงคู่ใบกว้าง
45887,บุรีรัมย์,14.975960000000001,102.85630999999999,นาน้ำฝน,แตกกอ,ขาวดอกมะลิ 105 ,0,0,0,0,0,0,0,0,3.4,0,0,0,0,0,0,0,0,0,0.93,0.93,0,1.23,0,0,0,0,0,0,0,0,0,0,45,กก
45887,บุรีรัมย์,14.896369999999999,103.80669,นาน้ำฝน,แตกกอ,ขาวดอกมะลิ 105,1.74,0,0,0,0,0,0,0,4.4800000000000004,0,0,0,0,0,0,0,0,0,1.36,0,0,2.14,0,0,0,0,0,0,0,0,0,0,0
45887,บุรีรัมย์,14.9597,103.94562999999999,นาน้ำฝน,แตกกอ,ขาวดอกมะลิ 105 ,0,0,0,0,0,0,0,0,2.67,0,0,0,0,0,0,0,0,0,0.22,0,0.89,0,0,0,0,0,0,0,0,0,0,0,20,กก
45887,สุรินทร์,14.896369999999999,103.80669,นาน้ำฝน,แตกกอ,ขาวดอกมะลิ 105 ,1.74,0,0,0,0,0,0,0,4.4800000000000004,0,0,0,0,0,0,0,0,0,1.36,0,0,2.14,0,0,0,0,0,0,0,0,0,0,0
45887,สุรินทร์,14.9597,103.94562999999999,นาน้ำฝน,แตกกอ,ขาวดอกมะลิ 105,0,0,0,0,0,0,0,0,2.67,0,0,0,0,0,0,0,0,0,0.22,0,0.89,0,0,0,0,0,0,0,0,0,0,0,20,กก
45888,ร้อยเอ็ด,15.4803,103.72143,นาน้ำฝน,แตกกอ,ขาวดอกมะลิ 105,0,0,0,0,0,0,0,0,0.27,0,0,0,0,0,0,0,0,0,2.41,0,0.54,3.49,0,0,0,0,0,0,0,0,0,0,5,พืชใบเลี้ยงคู่ใบกว้าง
45888,ร้อยเอ็ด,15.482939999999999,103.7469,นาน้ำฝน,แตกกอ,ขาวดอกมะลิ 105,0,0,0,0,0,0,0,0,2.12,0,0,0,0,0,0,0,0,0,6.36,0,0.06,2.4700000000000002,0,0,0,0,0,0,0,0,0,0,35,พืชใบเลี้ยงคู่ใบกว้าง
45888,ยโสธร,15.89293,104.08137000000001,นาน้ำฝน,แตกกอ,ขาวดอกมะลิ 105,0,0,0,0,0,0,0,0,0.67,0.17,0,0,0,0,0,0,0,0,1.85,0,0.17,0,0,0,0,0,0,0,0,0,0,0,0
45888,ยโสธร,15.87093,104.05197,นาน้ำฝน,แตกกอ,ขาวดอกมะลิ 105,1.85,0,0,0,0,0,0,0,0.83,0,0,0,0,0,0,0,0,0,0.83,0,4.58,1.25,0,0,0,0,0,0,0,0,0,0,3.33,พืชใบเลี้ยงคู่ใบกว้าง
45889,อำนาจเจริญ,15.87968,104.68993,นาน้ำฝน,แตกกอ,ขาวดอกมะลิ 105,0,0,0,0,0,0,0,0,1.67,0,0,0,0,0,0,0,0,0,3.67,0,0,0.33,0,0,0,0,0,0,0,0,0,0,35,หญ้า
45889,อำนาจเจริญ,15.80613,104.82535,นาน้ำฝน,แตกกอ,ขาวดอกมะลิ 105,0,0,0,0,0,0,0,0,1.43,0,0,0,0,0,0,0,0,0,5.48,0,0.95,0.24,0,0,0,0,0,0,0,0,0,0,23.33,กก
45890,อุบลราชธานี,15.155340000000001,105.17944,นาน้ำฝน,แตกกอ,กข15,0,0,0,0,0,0,0,0,2.76,0.34,0,0,0,0,0,0,0,0.69,0,0,2.41,4.83,0,0,0,0,0,0,0,0,0,0,0
45890,อุบลราชธานี,14.796430000000001,105.23988,นาน้ำฝน,แตกกอ,ขาวดอกมะลิ 105,0,0,0,0,0,0,0,0,0.28999999999999998,0,0,0,0,0,0,0,0,0,0,0,1.46,4.08,0,0,0,0,0,0,0,0,0,0,36.69,กก
45891,ศรีสะเกษ,15.06298,104.26121000000001,นาน้ำฝน,แตกกอ,ขาวดอกมะลิ 105,0,0,0,0,0,0,0,0,3.36,0,0,0,0,0,0,0,0,0,0,0,0.42,1.68,0,0,0,0,0,0,0,0,0,0,3.33,พืชใบเลี้ยงคู่ใบกว้าง
45891,ศรีสะเกษ,15.044230000000001,104.11817000000001,นาน้ำฝน,แตกกอ,ขาวดอกมะลิ 105,0,0,0,0,0,0,0,0,3.01,0,0,0,0,0,0,0,0,0,0,0,0,2.63,0,0,0,0,0,0,0,0,0,0,18.329999999999998,หญ้า
45891,ศรีสะเกษ,14.947789999999999,104.01242000000001,นาน้ำฝน,แตกกอ,ขาวดอกมะลิ 105 ,0,0,0,0,0,0,0,0,6.88,0,0,0,0,0,0,0,0,0,0,0,0,0,0,0,0,0,0,0,0,0,0,0,30,กก
45883,นครราชสีมา,15.581899999999999,102.3637062,นาน้ำฝน,แตกกอ,ขาวดอกมะลิ 105,0,0,0,0,0,0,0,0,0,0,0,0,0,0,0,0,0,0,0,7.97,0,0,0,0,0,0,0,0,0,0,0,0,31.67,หญ้า
45883,นครราชสีมา,15.581996699999999,102.36401960000001,นาน้ำฝน,แตกกอ,ขาวดอกมะลิ 105,0,0,0,0,0,0,0,0,0,0,0,0,0,0,0,0,4.55,0,0,4.55,0,0,0,0,0,0,0,0,0,0,0,0,68.33,หญ้า
45883,ชัยภูมิ,15.999690599999999,102.3322898,นาน้ำฝน,แตกกอ,ขาวดอกมะลิ 105,0,0,1.69,0,0,0,0,0,0,2.0699999999999998,0,0,0,0,0,0,1.03,0,0,0,0,0,0,0,0,0,0,0,0,0,0,0,30,กก
45883,ชัยภูมิ,16.000981299999999,102.3316712,นาน้ำฝน,แตกกอ,ขาวดอกมะลิ 105,0,0,0,0,0,0,0,0,0,0.64,0,0,0,0,0,0,0,0.64,0,0,0,0,0,0,0,0,0,0,0,0,0,0,23.33,หญ้า
45883,ชัยภูมิ,16.381920000000001,102.13527999999999,นาน้ำฝน,แตกกอ,กข49,0,0,0,0,0,0,0,0,0,0.77,0,0,0,0,0,0,0.11,0,0.22,0,1.1000000000000001,0,0,0,0,0,0,0,0,0,0,0,10,หญ้า
45883,ชัยภูมิ,16.383299999999998,102.13592,นาน้ำฝน,ระยะกล้า,ขาวดอกมะลิ 105,0,0,0,0,0,0,0,12.2,0,0,0,0,0,0,0,0,0,0,0,0,0,0,0,0,0,0,0,0,0,0,0,0,5
45884,สกลนคร,17.072547,104.287451,นาน้ำฝน,แตกกอ,กข6,0,0,0,0,0,0,0,0,0,0,0,0,0,0,0,0,0,0,0,0,0,6.09,0,0,0,0,0,0,0,0,0,0,5,พืชใบเลี้ยงคู่ใบกว้าง,ผักแว่น
45884,สกลนคร,17.076830000000001,104.282321,นาน้ำฝน,แตกกอ,กข6,0,0,0,0,0,0,2.2400000000000002,0,0,0,0,1,0,5,0,0,0,0,0,0.41,0,0,0,0,0,0,0,0,0,0,0,0,0
45884,สกลนคร,17.394864999999999,104.386938,นาน้ำฝน,แตกกอ,กข15,0,0,0,0,0,0,0,0,0,0,0,0,0,0,0,0,11.72,0,0,0,0,3.97,0,0,0,0,0,0,0,0,0,0,0
45884,สกลนคร,17.790626,103.91215200000001,นาน้ำฝน,แตกกอ,กข6,0,0,0,0,0,0,0,0,0,0,0,0,0,0,0,0,0,0,1.67,2.14,0,0,0,0,0,0,0,0,0,0,0,0,80,พืชใบเลี้ยงคู่ใบกว้าง,ขาเขียด
45884,สกลนคร,17.776537999999999,103.918493,นาน้ำฝน,แตกกอ,กข6,0,0,0,0,0,0,0,0,0,0,0,0,0,0,0,0,0,0,2.74,0,0,0,0,0,0,0,0,0,0,0,0,0,5,พืชใบเลี้ยงคู่ใบกว้าง,ปอดนา
45884,สกลนคร,17.780156999999999,103.91507,นาน้ำฝน,แตกกอ,กข6,0,0,0,0,0,0,0,0,0,0,0,0,0,0,0,0,0,0,1.56,1.3,0,2.6,0,0,0,0,0,0,0,0,0,0,3.33,กก,หนวดปลาดุก
45884,สกลนคร,17.802683999999999,103.92984300000001,นาน้ำฝน,แตกกอ,ขาวดอกมะลิ105,0,0,0,0,0,0,0,0,0,0,0,0,0,0,0,0,0,0,0,0,0,2.58,0,0,0,0,0,0,0,0,0,0,5,พืชใบเลี้ยงคู่ใบกว้าง,ขาเขียด
45880,มุกดาหาร,16.553436999999999,104.642695,นาน้ำฝน,แตกกอ,มะลิ105,0,0,0,0,0,0,0,0,0,0,0,0,0,0,0,0,0,0,0.95,0,0,0.32,0,0,0,0,0,0,0,0,0,0,0
45888,มุกดาหาร,16.553936,104.642628,นาน้ำฝน,แตกกอ,กข6,0,0,0,0,0,0,0,0,0,0,0,0,0,0,0,0,0,0,8.33,0,0,0.93,0,0,0,0,0,0,0,0,0,0,0
45888,มุกดาหาร,16.571614,104.570179,นาน้ำฝน,แตกกอ,มะขาวดอกมะลิ105,0,0,0,0,0,0,0,0,0,0,0,0,0,0,0,0,0,0,1.74,0.28999999999999998,0,0.28999999999999998,0,0,0,0,0,0,0,0,0,0,0
45888,มุกดาหาร,16.572341000000002,104.57053399999999,นาน้ำฝน,แตกกอ,กข6,0,0,0,0,0,0,0,0,0,0,0,0,0,0,0,0,0,0,1.03,0.34,0,0,0,0,0,0,0,0,0,0,0,0,0
45888,มุกดาหาร,16.574826999999999,104.571555,นาน้ำฝน,แตกกอ,กข6,0,0,0,0,0,0,0,0,0,0,0,0,0,0,0,0,7.05,0,1.92,0,0,0,0,0,0,0,0,0,0,0,0,0,0
45888,มุกดาหาร,16.598490000000002,104.42652099999999,นาน้ำฝน,แตกกอ,กข6,0,0,0,0,0,0,0,0,0,0,0,0,0,0,0,0,0,0,1.52,10.65,0,0,0,0,0,0,0,0,0,0,0,0,0
45888,มุกดาหาร,16.596581,104.418071,นาน้ำฝน,แตกกอ,กข6,0,0,0,0,0,0,0,0,0,0,0,0,0,0,0,0,0,0,19.39,0,0,0,0,0,0,0,0,0,0,0,0,0,0
45888,มุกดาหาร,16.569701999999999,104.411962,นาน้ำฝน,แตกกอ,กข6,0,0,0,0,0,0,0,0,0,0,0,0,0,0,0,0,0,0,4.8099999999999996,0,0,0.19,0,0,0,0,0,0,0,0,0,0,0
45888,มุกดาหาร,16.549358000000002,104.39116799999999,นาน้ำฝน,แตกกอ,กข6,0,0,0,0,0,0,0,0,0,0,0,0,0,0,0,0,0,0,0.56000000000000005,0,0,0.56000000000000005,0,0,0,0,0,0,0,0,0,0,0
45888,มุกดาหาร,16.549866999999999,104.39131999999999,นาน้ำฝน,แตกกอ,กข6,0,0,0,0,0,0,0,0,0,0,0,0,0,0,0,0,0,0,2.6,0,0,0,0,0,0,0,0,0,0,0,0,0,80,กก,หนวดปลาดุก
45889,กาฬสินธุ์,16.444772,103.495992,นาน้ำฝน,แตกกอ,กข6,0,0,0,0,0,0,0,0,0,0,0,0,0,0,0,0,0,0,2.4700000000000002,0,0.62,0.93,0,0,0,0,0,0,0,0,0,0,0
45889,กาฬสินธุ์,16.444928000000001,103.496444,นาน้ำฝน,แตกกอ,ขาวดอกมะลิ105,0,0,0,0,0,0,0,0,0,0,0,0,0,0,0,0,0,0,4.93,0,0,0.93,0,0,0,0,0,0,0,0,0,0,0
45889,กาฬสินธุ์,16.457001000000002,103.46194300000001,นาน้ำฝน,แตกกอ,กข6,0,0,0,0,0,0,0,0,0,0,0,0,0,0,0,0,0,0,3.73,0,0.75,0,0,0,0,0,0,0,0,0,0,0,5,กก,หนวดปลาดุก
45889,กาฬสินธุ์,16.44595,103.431326,นาน้ำฝน,แตกกอ,กข6,0,0,0,0,0,0,0,0,0,0,0,0,0,0,0,0,0,0,0.54,6.18,0.27,0,0,0,0,0,0,0,0,0,0,0,0
45889,กาฬสินธุ์,16.445952999999999,103.43134499999999,นาน้ำฝน,แตกกอ,กข15,0,0,0,0,0,0,0,0,0,0,0,0,0,0,0,0,0,0,7.05,0,0.64,0,0,0,0,0,0,0,0,0,0,0,0
45889,กาฬสินธุ์,16.459026000000001,103.40461000000001,นาน้ำฝน,แตกกอ,กข6,0,0,0,0,0,0,0,0,0,0,0,0,0,0,0,0,0,0,14.94,0,0,0,0,0,0,0,0,0,0,0,0,0,20,พืชใบเลี้ยงคู่ใบกว้าง
45889,กาฬสินธุ์,16.458779,103.40601700000001,นาน้ำฝน,แตกกอ,กข6,0,0,0,0,0,0,0,0,0,0,0,0,0,0,0,0,0,0,7.41,0,0,7.1,0,0,0,0,0,0,0,0,0,0,0
45889,กาฬสินธุ์,16.37593,103.375862,นาน้ำฝน,แตกกอ,กข6,0,0,0,0,0,0,0,0,0,0,0,0,0,0,0,0,0,0,1.6,0.64,0.64,0.32,0,0,0,0,0,0,0,0,0,0,5,กก,กกขนาก
45889,กาฬสินธุ์,16.364111999999999,103.37612799999999,นาน้ำฝน,แตกกอ,ขาวดอกมะลิ105,0,0,0,0,0,0,0,0,0,0,0,0,0,0,0,0,0,0,1.62,0,0,0,0,0,0,0,0,0,0,0,0,0,0
45889,กาฬสินธุ์,16.363976999999998,103.375958,นาน้ำฝน,แตกกอ,กข6,0,0,0,0,0,0,0,0,0,0,0,0,0,0,0,0,0,0,1.43,0,0.36,0.71,0,0,0,0,0,0,0,0,0,0,0
45889,มหาสารคาม,16.178014000000001,103.20259900000001,นาน้ำฝน,แตกกอ,ขาวดอกมะลิ105,0,0,0,0,0,0,0,0,0,0,0,0,0,0,0,0,0,0,2.11,0,0,0,0,0,0,0,0,0,0,0,0,0,0
45889,มหาสารคาม,16.177783000000002,103.202724,นาน้ำฝน,แตกกอ,กข6,0,0,0,0,0,0,0,0,0,0,0,0,0,0,0,0,0,0,3.13,0,0,0.31,0,0,0,0,0,0,0,0,0,0,0
45889,มหาสารคาม,16.177841999999998,103.19146499999999,นาน้ำฝน,แตกกอ,กข15,0,0,0,0,0,0,0,0,0,0,0,0,0,0,0,0,0,0,0.78,0,0,0,0,0,0,0,0,0,0,0,0,0,80,กก,กกทราย
45889,มหาสารคาม,16.175189,103.18376600000001,นาน้ำฝน,แตกกอ,กข6,0,0,0,0,0,0,0,0,0,0,0,0,0,0,0,0,0,0,3,0,0,0,0,0,0,0,0,0,0,0,0,0,80,กก,กกทราย
45889,มหาสารคาม,16.197572999999998,103.109668,นาน้ำฝน,แตกกอ,กข15,0,0,0,0,0,0,0,0,0,0,0,0,0,0,0,0,0,0,0,0,0,0,0,0,0,0,0,0,0,0,0,0,80,พืชใบเลี้ยงคู่ใบกว้าง,ผักแว่น
45889,มหาสารคาม,16.215909,103.081149,นาน้ำฝน,แตกกอ,กข6,0,0,0,0,0,0,0,0,0,0,0,0,0,0,0,0,0,0,0.66,0,0,0,0,0,0,0,0,0,0,0,0,0,5,พืชใบเลี้ยงคู่ใบกว้าง,ผักแว่น
45889,มหาสารคาม,16.203392000000001,103.073367,นาน้ำฝน,แตกกอ,ขาวดอกมะลิ105,0,0,0,0,0,0,0,0,0,0,0,0,0,0,0,0,0,0,4.17,0,0,0.3,0,0,0,0,0,0,0,0,0,0,5,พืชใบเลี้ยงคู่ใบกว้าง,ผักบุ้ง
45889,มหาสารคาม,16.215406000000002,103.08001400000001,นาน้ำฝน,แตกกอ,กข15,0,0,0,0,0,0,0,0,0,0,0,0,0,0,0,0,0,0,2.19,0,0,0,0,0,0,0,0,0,0,0,0,0,80,หญ้า,รังนก
45889,มหาสารคาม,16.215807000000002,103.077541,นาน้ำฝน,แตกกอ,กข6,0,0,0,0,0,0,0,0,0,0,0,0,0,0,0,0,0,0,0.63,8.75,0,0,0,0,0,0,0,0,0,0,0,0,0
45889,มหาสารคาม,16.215914999999999,103.076166,นาน้ำฝน,แตกกอ,กข6,0,0,0,0,0,0,0,0,0,0,0,0,0,0,0,0,0,0,1.47,0,0,0,0,0,0,0,0,0,0,0,0,0,80,พืชใบเลี้ยงคู่ใบกว้าง,ผักบุ้ง
45890,ขอนแก่น,16.201440999999999,102.763079,นาน้ำฝน,แตกกอ,กข6,0,0,0,0,0,0,0,0,0,0,0,0,0,0,0,0,0,0,1.28,0,0,0,0,0,0,0,0,0,0,0,0,0,0
45890,ขอนแก่น,16.200852999999999,102.763254,นาน้ำฝน,แตกกอ,กข6,0,0,0,0,0,0,0,0,0,0,0,0,0,0,0,0,0,0,1.49,0,0,0,0,0,0,0,0,0,0,0,0,0,20,พืชใบเลี้ยงคู่ใบกว้าง,ผักบุ้ง เทียนนา
45890,ขอนแก่น,16.123822000000001,102.742553,นาน้ำฝน,แตกกอ,ขาวดอกมะลิ105,0,0,0,0,0,0,0,0,0,0,0,0,0,0,0,0,0,0,2.12,0,0,0,0,0,0,0,0,0,0,0,0,0,80,กก,กกทราย
45890,ขอนแก่น,16.059301999999999,102.65273000000001,นาน้ำฝน,แตกกอ,กข6,0,0,0,0,0,0,0,0,0,0,0,0,0,0,0,0,0,0,0,0,0,7.77,0,0,0,0,0,0,0,0,0,0,0
45890,ขอนแก่น,16.040745000000001,102.64575499999999,นาน้ำฝน,แตกกอ,กข6,0,0,0,0,0,0,0,0,0,0,0,0,0,0,0,0,0,0,1.17,0.39,0,0,0,0,0,0,0,0,0,0,0,0,80,กก,กกทราย กกหนวดปลาดุก
45890,ขอนแก่น,16.039688999999999,102.648257,นาน้ำฝน,แตกกอ,เหนียวเขี้ยวงู,0,0,0,0,0,0,0,0,0,0,0,0,0,0,0,0,0,0,1.1399999999999999,0,0,0,0,0,0,0,0,0,0,0,0,0,80,กก,กกทราย
45890,ขอนแก่น,16.064399999999999,102.612549,นาน้ำฝน,แตกกอ,ขาวดอกมะลิ105,0,0,0,0,0,0,0,0,0,0,0,0,0,0,0,0,0,0,0.3,0,0,0,0,0,0,0,0,0,0,0,0,0,20,กก,กกขนาก
45890,ขอนแก่น,16.064968,102.621512,นาน้ำฝน,แตกกอ,เหนียวเขี้ยวงู,0,0,0,0,0,0,0,0,0,0,0,0,0,0,0,0,0,0,0,0,0,0,0,0,0,0,0,0,0,0,0,0,80,พืชใบเลี้ยงคู่ใบกว้าง,ปอดนา
45890,ขอนแก่น,16.167639999999999,102.555795,นาน้ำฝน,แตกกอ,ขาวดอกมะลิ105,0,0,0,0,0,0,0,0,0,0,0,0,0,0,0,0,0,0,0.43,0,0.43,0.22,0,0,0,0,0,0,0,0,0,0,80,หญ้า,ดอกขาว
45890,ขอนแก่น,16.31465,102.64251,นาน้ำฝน,แตกกอ,กข6,0,0,0,0,0,0,0,0,0,0,0,0,0,0,0,0,0,0,0.38,0.77,0,0,0,0,0,0,0,0,0,0,0,0,45,พืชใบเลี้ยงคู่ใบกว้าง,ปอดนา
45890,ขอนแก่น,16.316759000000001,102.642397,นาน้ำฝน,แตกกอ,กข6,0,0,0,0,0,0,0,0,0,0,0,0,0,0,0,0,0,0,0.78,0,0.78,0,0,0,0,0,0,0,0,0,0,0,5,พืชใบเลี้ยงคู่ใบกว้าง,ปอดนา
45899,หนองคาย,18.032011000000001,103.13305699999999,นาน้ำฝน,แตกกอ,กข22,0,0,0,19.32,0,0,0,0,0,0,0,0,0,0,0,0,0,0,1.1399999999999999,0,5.68,17.899999999999999,0,0,0,0,0,0,0,0,0,0,20,กก,หนวดปลาดุก
45899,หนองคาย,18.015267000000001,103.218633,นาน้ำฝน,แตกกอ,กข22,0,0,0,23.53,0,0,0,0,0,0,0,0,0,0,0,0,0,0,0,0,0,18.239999999999998,0,0,0,0,0,0,0,0,0,0,0
45899,หนองคาย,18.014334000000002,103.231847,นาน้ำฝน,แตกกอ,กข15,0,0,0,2.38,0,0,0,0,0,0,0,0,0,0,0,0,0,0,0,0,0,20.83,0,0,0,0,0,0,0,0,0,0,0
45899,หนองคาย,18.014036000000001,103.231814,นาน้ำฝน,แตกกอ,กข6,0,0,0,4.05,0,0,0,0,0,0,0,0,0,0,0,0,0,0,4.05,0,1.69,17.57,0,0,0,0,0,0,0,0,0,0,0
45899,หนองคาย,17.954734999999999,103.298304,นาน้ำฝน,แตกกอ,กข6,0,0,0,1.69,0,0,0,0,0,0,0,0,0,0,0,0,0,0,0,0,5.93,11.44,0,0,0,0,0,0,0,0,0,0,0
45899,หนองคาย,17.946496,103.281589,นาน้ำฝน,แตกกอ,กข6,0,0,0,49.07,0,0,0,0,0,0,0,0,0,0,0,0,0,0,4.17,0,0,7.14,0,0,0,0,0,0,0,0,0,0,0
45899,หนองคาย,17.943313,103.265901,นาน้ำฝน,แตกกอ,ก่ำ,0,0,0,5.05,0,0,0,0,0,0,0,0,0,0,0,0,0,0,1.52,0,0,7.07,0,0,0,0,0,0,0,0,0,0,0
45899,หนองคาย,17.943358,103.265942,นาน้ำฝน,แตกกอ,กข15,0,0,0,2.17,0,0,0,0,0,0,0,0,0,0,0,0,0,0,0,0,1.7,17.899999999999999,0,0,0,0,0,0,0,0,0,0,0
45899,หนองคาย,17.942160999999999,103.257193,นาน้ำฝน,แตกกอ,กข12,0,0,0,23.17,0,0,0,0,0,0,0,0,0,0,0,0,0,0,0,0,0.61,22.26,0,0,0,0,0,0,0,0,0,0,0
45899,หนองคาย,17.989346000000001,103.08985699999999,นาน้ำฝน,แตกกอ,ขาวดอกมะลิ105,0,0,0,2.6,0,0,0,0,0,0,0,0,0,0,0,0,0,0,0,0,0,9.74,0,0,0,0,0,0,0,0,0,0,80,กก,หนวดปลาดุก
45919,เชียงราย,19.308413000000002,99.418412000000004,ข้าวไร่ที่สูง,แตกกอ,ข้าวไร่พันธุ์พื้นเมือง,0,0,1.08,0,0,0,0,0,0,0,0,0.3,0,0,0,0,0,0,0.9,0,0,0,0,0,0,0,0,0,0,0,0,0,5,พืชใบเลี้ยงคู่ใบกว้าง
45888,เชียงราย,19.313333,99.405618000000004,ข้าวไร่ที่สูง,แตกกอ,ข้าวไร่พันธุ์พื้นเมือง,0,0,0,0,0,0,0,0,0,0,0,0,0,0,0,0,0,0,3.13,0,0,0,0,0,0,0,0,0,0,0,0,0,1.67,พืชใบเลี้ยงคู่ใบกว้าง
45895,เชียงราย,20.110195999999998,99.697704000000002,ข้าวไร่ที่สูง,แตกกอ,อีโต,1.79,0,0,0,0,0,1.34,0,0,0,0,0.6,0,0,0,0,0,0,0,0,0,0,0,0,0,0,0,0,0,0,0,0,5,พืชใบเลี้ยงคู่ใบกว้าง
45895,เชียงราย,20.110188000000001,99.697822000000002,ข้าวไร่ที่สูง,แตกกอ,อีโต,0.75,0,0,0,0,0,0,0,0,0,0,0,0,0,0,0,0,0,0,0,0,0,0,0,0,0,0,0,0,0,0,0,5,หญ้า
45895,เชียงราย,20.103919000000001,99.710255000000004,ข้าวไร่ที่สูง,แตกกอ,อีโต,3.13,0,0,0,0,0,0,0,0,0,0,0,0,0,0,0,0,0,0,0,0,0,0,0,0,0,0,0,0,0,0,0,5,พืชใบเลี้ยงคู่ใบกว้าง
45896,เชียงราย,20.103463000000001,99.712126999999995,ข้าวนาที่สูง,แตกกอ,ไม่ทราบพันธุ์ข้าว,0,0,0,0,0,0,0,0,0,0,0,0,0,0,0,0,0,0,2.65,0,0,0,0,0,0,0,0,0,0,0,0,0,0
45896,เชียงราย,20.111975000000001,99.678458000000006,ข้าวไร่ที่สูง,แตกกอ,อีโต,0,0,0,0,0,0,0,0,0,0,0,0,0,0,0,0,0,0,0,7.3,0,0,0,0,0,0,0,0,0,0,0,0,31.67,หญ้า
45887,เชียงราย,19.461884999999999,99.737530000000007,นาชลประทาน,ตั้งท้อง,ไม่ทราบพันธุ์ข้าว,0,0,0,0,0,0,0,0,0,0,0,1.5,0,0.5,0,0,0,0,6.67,0,0,0,0,0,0,0,0,0,0,0,0,0,5,กก
45887,พะเยา,19.409921000000001,99.773520000000005,นาชลประทาน,แตกกอ,ไม่ทราบพันธุ์ข้าว,0,0,0,0,0,0,0,0,0,0,0,0,0,0.4,0,0,0,0,0.65,1.3,0,3.91,0,0,0,0,0,0,0,0,0,0,3.33,กก,หนวดปลาดุก
45887,พะเยา,19.394883,99.785382999999996,นาชลประทาน,ตั้งท้อง,ไม่ทราบพันธุ์ข้าว,0,0,0,0,0,0,0,0,0,0,0,0.4,0.2,0.3,0,0,0,0,3.57,0,0,0,0,0,0,0,0,0,0,0,0,0,5,พืชใบเลี้ยงคู่ใบกว้าง,ผักปอดนา
45888,เชียงใหม่,19.362201200000001,99.191098999999994,นาชลประทาน,แตกกอ,ไม่ทราบพันธุ์ข้าว,0,0,0,0,0,0,0,0,0,0,0.2,9.4,0,0,0,0,0,0,0.36,0,0,0,0,0,0,0,0,0,0,0,0,0,3.33,พืชใบเลี้ยงคู่ใบกว้าง
45888,เชียงใหม่,19.364422000000001,99.183661999999998,นาชลประทาน,ตั้งท้อง,ไม่ทราบพันธุ์ข้าว,0,0,0,0,0,0,0,0,0,0,0,7.5,0,0,0,0,0,0,0,12.41,0,0,0,0,0,0,0,0,0,0,0,0,5,พืชใบเลี้ยงคู่ใบกว้าง,ผักปอดนา
45888,เชียงใหม่,19.369866999999999,99.214747000000003,นาชลประทาน,แตกกอ,ไม่ทราบพันธุ์ข้าว,0,0,0,0,0,0,0,0,0,0,0,8.1,0,0,0,0,0,0,1.51,0,0,0,0,0,0,0,0,0,0,0,0,0,3.33,พืชใบเลี้ยงคู่ใบกว้าง
45889,เชียงราย,19.618499,99.489458999999997,นาชลประทาน,แตกกอ,ก.วก.2,0,0.2,0,0,0,0,0,0,0,0,0.2,7,0,0.1,0,0,0,0,1.3,0,0,0,0,0,0,0,0,0,0,0,0,0,1.67,หญ้า
45896,เชียงราย,19.533182,99.735595000000004,นาชลประทาน,แตกกอ,ไม่ทราบพันธุ์ข้าว,0,0.1,0,3.17,0,0,0,0,0,0.95,0,2.8,0,0.4,0,0,0,0,0,0,0,0,0,0,0,0,0,0,0,0,0,0,3.33,พืชใบเลี้ยงคู่ใบกว้าง,ผักปอดนา
45901,หนองคาย,18.248406500000002,103.194958,นาน้ำฝน,แตกกอ,กข 22,0,0,0,0,0,0,0,0,0,0,1,2,0,1,0,0,0,0,0,0,0,0,0,0,0,0,0,0,0,0,0,0,0
45901,หนองคาย,18.252555999999998,103.179982,นาน้ำฝน,แตกกอ,กข 22,0,0,0,0,0,0,0,0,0,0,0,0,0,0,0,0,0,0,0.78,0,3.13,10.94,0,0,0,0,0,0,0,0,0,0,80,หญ้า
45901,หนองคาย,18.240189999999998,103.187941,นาน้ำฝน,แตกกอ,กข 6,0,0,0,0,0,0,0,0,0,0,0,0,0,1,0,0,0,0,0,0,0,0.39,0,0,0,0,0,0,0,0,0,0,5,กก,หนวดปลาดุก
45901,หนองคาย,14.987124,102.977593,นาน้ำฝน,แตกกอ,กข 22,0,0,0,21.33,0,0,0,0,0,0,0,0,0,0,0,0,0,0,1,0,0.33,11,0,0,0,0,0,0,0,0,0,0,0
45901,หนองคาย,17.987264,102.97723000000001,นาน้ำฝน,แตกกอ,กข 22,0,0,0,38.369999999999997,0,0,0,0,0,0,0,0,0,0,0,0,0,0,0,0,1.1599999999999999,12.5,0,0,0,0,0,0,0,0,0,0,45,กก,กกทราย
45901,หนองคาย,17.971498,102.899535,นาน้ำฝน,แตกกอ,กข 15,0,0,0,18.84,0,0,0,0,0,0,1,0,0,2,0,0,0,0,0,0,1.81,0,0,0,0,0,0,0,0,0,0,0,20,หญ้า
45901,หนองคาย,17.975729000000001,102.89572200000001,นาน้ำฝน,แตกกอ,กข 6,0,0,0,9.43,0,0,0,0,0,0,0,1,0,2,0,0,0,0,0,0,0.71,5.19,0,0,0,0,0,0,0,0,0,0,0
45901,หนองคาย,17.968340999999999,102.86666700000001,นาน้ำฝน,แตกกอ,กข 6,0,0,0,1.87,0,0,0,0,0,0,0,0,0,2,0,0,0,0,4.92,0,0,5.84,0,0,0,0,0,0,0,0,0,0,0
45909,เชียงใหม่,18.308741999999999,98.479049000000003,ข้าวไร่ที่สูง,แตกกอ,ข้าวไร่พันธุ์พื้นเมือง,5.5,0,0,0,0,0,0,0,0,0,0,0.5,0,0,0,0,0,0,3.21,0,0,0,0,0,0,0,0,0,0,0,0,0,15,พืชใบเลี้ยงคู่ใบกว้าง
45909,เชียงใหม่,18.311982,98.480365000000006,ข้าวนาที่สูง,ตั้งท้อง,ไม่ทราบพันธุ์ข้าว,0,0,0,0,0,0,0,0,0,1.1499999999999999,0,14.1,0,0,0,0,0,0,1.05,0,0,0,0,0,0,0,0,0,0,0,0,0,5,พืชใบเลี้ยงคู่ใบกว้าง
45909,เชียงใหม่,18.311143999999999,98.479702000000003,ข้าวนาที่สูง,ตั้งท้อง,ไม่ทราบพันธุ์ข้าว,5.03,0,0,0,0,0,0,0,0,0.14000000000000001,0.1,6.5,0,0.2,0,0,0,0,4.6100000000000003,0,0,0,0,0,0,0,0,0,0,0,0,0,0
45909,เชียงใหม่,18.303813000000002,98.498214000000004,ข้าวไร่ที่สูง,ออกดอก,ข้าวไร่พันธุ์พื้นเมือง,0,0,0,0,0,0,0,0,0,0,0,0.2,0,0,0,0,0,0,2.92,0,0,0,0,0,0,0,0,0,0,0,0,0,20,พืชใบเลี้ยงคู่ใบกว้าง
45909,เชียงใหม่,18.300671999999999,98.500591999999997,ข้าวนาที่สูง,ตั้งท้อง,ไม่ทราบพันธุ์ข้าว,0,0,0,7.27,0,0,0,0,0,0,0.1,0.4,0,0,0,0,0,0,1.36,0,0,0,0,0,0,0,0,0,0,0,0,0,5,หญ้า
45909,เชียงใหม่,18.300391000000001,98.501017000000004,ข้าวไร่ที่สูง,ตั้งท้อง,ข้าวไร่พันธุ์พื้นเมือง,1.36,0,0,0,0,0,0,0,0,0,0,0.6,0,0,0,0,0,0,0,0,0,0,0,0,0,0,0,0,0,0,0,0,10,พืชใบเลี้ยงคู่ใบกว้าง
45909,เชียงใหม่,18.278834,98.531047000000001,ข้าวนาที่สูง,แตกกอ,ไม่ทราบพันธุ์ข้าว,0,0,0,1.5,0,0,0,0,0,0,0.1,1.9,0,0,0,0,0,0,0.94,0,0,0,0,0,0,0,0,0,0,0,0,0,1.67,พืชใบเลี้ยงคู่ใบกว้าง
45909,เชียงใหม่,18.876391000000002,99.139756000000006,นาชลประทาน,ตั้งท้อง,ไม่ทราบพันธุ์ข้าว,0,0.1,0,2.75,0,0,0,0,0,0,0,3.8,0,0,0,0,0,0,0.85,0,0,0,0,0,0,0,0,0,0,0,0,0,1.67,พืชใบเลี้ยงคู่ใบกว้าง
45909,เชียงใหม่,18.874789,99.142577000000003,นาชลประทาน,ตั้งท้อง,ไม่ทราบพันธุ์ข้าว,0,0,0.86,5.17,0,0,0,0,0,0.86,0,0.6,0,0,0,0,0,0,0.69,0,0,0,0,0,0,0,0,0,0,0,0,0,5,หญ้า
45910,นครราชสีมา,15.44726,102.29026,นาน้ำฝน,แตกกอ,ขาวดอกมะลิ 105,0,0,0,0,0,0,0,0,0,0,0,0,0,0,0,0,0,0,0,0,1.51,1.1299999999999999,0,0,0,0,0,0,0,0,0,0,10,กก,หนวดปลาดุก
45903,ชัยนาท,15.26859,100.15907,นาชลประทาน,แตกกอ,กข41,0,0,5.0720000000000001,0,0,0,0,4.1059999999999999,0,0,1,1,0,0,0,0,0,0,0.72499999999999998,0,0.48299999999999998,0,0,0,0,0,0,0,0,0,0,0,10,พืชใบเลี้ยงคู่ใบกว้าง,ผักปอดนา
45903,ชัยนาท,15.28388,100.15372000000001,นาชลประทาน,แตกกอ,กข41,0,0,27.536000000000001,0,0,0,0,6.5010000000000003,0,0,3,1,0,0,0,0,0,0,0,0,0,0,0,0,0,0,0,0,0,0,0,0,3.3330000000000002,พืชใบเลี้ยงคู่ใบกว้าง,ผักปอดนา
45903,ชัยนาท,15.28603,100.16733000000001,นาชลประทาน,แตกกอ,กข41,0,0,12.5,0,0,0,0,3.3090000000000002,0,0,0,0,0,0,0,0,0,0,0,0,0,0,0,0,0,0,0,0,0,0,0,0,18.332999999999998,กก,หนวดปลาดุก
45903,ชัยนาท,15.285170000000001,100.16898999999999,นาชลประทาน,แตกกอ,กข41,0,0,2.3439999999999999,0,0,0,0,5.1589999999999998,0,0,1,1,0,0,0,0,0,0,0.19800000000000001,0,0.39700000000000002,0,0,0,0,0,0,0,0,0,0,0,5,พืชใบเลี้ยงคู่ใบกว้าง,ผักปอดนา
45905,ชัยนาท,15.24039,100.15284,นาชลประทาน,ตั้งท้อง,กข41,0,0,4,1,0,2,0,0,0,6.4589999999999996,0,0,0,0,0,0,0,0,0.71799999999999997,0.23899999999999999,2.153,0,0,0,0,0,0,0,0,0,0,0,5,พืชใบเลี้ยงคู่ใบกว้าง,ผักปอดนา
45905,ชัยนาท,15.252219999999999,100.14988,นาชลประทาน,แตกกอ,กข85,0,0,19.792000000000002,0,0,0,0,1.389,0,0.34699999999999998,0,0,0,0,0,0,0,0,0,0,1.042,0,0,0,0,0,0,0,0,0,0,0,3.3330000000000002,หญ้า,หญ้าดอกขาว
45905,ชัยนาท,15.29416,100.08362,นาชลประทาน,ตั้งท้อง,กข95,0,0,9.8040000000000003,0,0,0,0,0.96199999999999997,0,4.0869999999999997,0,0,0,0,0,0,0,0.48099999999999998,2.6440000000000001,0,4.8079999999999998,0,0,0,0,0,0,0,0,0,0,0,3.3330000000000002,พืชใบเลี้ยงคู่ใบกว้าง,ผักปอดนา
45905,ชัยนาท,15.28477,100.03523,นาชลประทาน,แตกกอ,กข41,0,0,7.08,0,0,0,0,4.72,0,0.29499999999999998,0,0,0,0,0,0,0,0,0,0.59,1.4750000000000001,0,0,0,0,0,0,0,0,0,0,0,0
45905,ชัยนาท,15.17714,100.09438,นาชลประทาน,แตกกอ,กข85,0,0,2.222,0,0,0,0,1.27,0.317,0,0,0,0,0,0,0,0,0,0.63500000000000001,0,0,0,0,0,0,0,0,0,0,0,0,0,0
45905,ชัยนาท,15.16398,100.09022,นาชลประทาน,แตกกอ,กข85,0,0,0,0,0,0,0,3.9009999999999998,0,0,0,0,0,0,0,0,0,0,0,0,0.70899999999999996,0,0,0,0,0,0,0,0,0,0,0,0
45924,แม่ฮ่องสอน,19.461597000000001,98.292462999999998,ข้าวไร่ที่สูง,ตั้งท้อง,ข้าวไร่พันธุ์พื้นเมือง,1.02,0,0,0,0,0,0,0,0,0.61,0,1.4,0,0,0,0,0,0,3.88,0,0,0,0,0,0,0,0,0,0,0,0,0,20,พืชใบเลี้ยงคู่ใบกว้าง
45924,แม่ฮ่องสอน,19.475525000000001,98.293446000000003,ข้าวไร่ที่สูง,ตั้งท้อง,ข้าวไร่พันธุ์พื้นเมือง,0,0,0.75,0,0,0,0,0,0,0.19,0,1,0,0,0,0,0,0,9.4,0,0,0,0,0,0,0,0,0,0,0,0,0,1.67,พืชใบเลี้ยงคู่ใบกว้าง
45924,แม่ฮ่องสอน,19.472228999999999,98.293626000000003,ข้าวไร่ที่สูง,ตั้งท้อง,ข้าวไร่พันธุ์พื้นเมือง,0,0,0,0,0,0,0,0,0,0,0,0.8,0,0.1,0,0,0,0,3.18,2.81,0,0,0,0,0,0,0,0,0,0,0,0,5,พืชใบเลี้ยงคู่ใบกว้าง
45924,แม่ฮ่องสอน,19.440469,98.347425000000001,ข้าวไร่ที่สูง,ตั้งท้อง,ข้าวไร่พันธุ์พื้นเมือง,0,0,0,0,0,0,0,0,0,0.2,0,0.6,0,0,0,0,0,0,4.2300000000000004,0,0,0,0,0,0,0,0,0,0,0,0,0,3.33,พืชใบเลี้ยงคู่ใบกว้าง
45924,แม่ฮ่องสอน,19.437712000000001,98.353401000000005,ข้าวไร่ที่สูง,ตั้งท้อง,ข้าวไร่พันธุ์พื้นเมือง,0,0,0,0,0,0,0,0,0,0.26,0,1.7,0,0,0,0,0,0,12.11,0,0,0,0,0,0,0,0,0,0,0,0,0,5,หญ้า
45924,แม่ฮ่องสอน,19.435205,98.388495000000006,ข้าวนาที่สูง,ตั้งท้อง,ไม่ทราบพันธุ์ข้าว,0,0,0,0,0,0,0,0,0,0,0.6,1.7,0,0,0,0,0,0,0,2.97,0,0,0,0,0,0,0,0,0,0,0,0,5,พืชใบเลี้ยงคู่ใบกว้าง
45924,แม่ฮ่องสอน,19.432372999999998,98.394992999999999,ข้าวนาที่สูง,ตั้งท้อง,ไม่ทราบพันธุ์ข้าว,0,0,0,0,0,0,0,0,0,0.7,0,2.2999999999999998,0,0,0,0,0,0,0.82,2.11,0,0,0,0,0,0,0,0,0,0,0,0,3.33,หญ้า
45915,แพร่,18.013228000000002,100.122164,นาชลประทาน,ออกรวง,ไม่ทราบพันธุ์ข้าว,0,0,0,0,0,0,0,0,0,0.66,0,0,0,0,0,0,0,0,3.97,0,0,0,0,24.34,0,0,0,3.7,0,0,0,0,5,พืชใบเลี้ยงคู่ใบกว้าง
45915,แพร่,18.017091000000001,100.118808,นาชลประทาน,ออกรวง,ไม่ทราบพันธุ์ข้าว,0,0,0,0,0,0,0,0,0,0,0,0,0,0,0,0,0,0,9.17,0,0,0,0,29.27,0,0,0,0,0,0,0,0,15,หญ้า
45916,ลำปาง,18.274131000000001,99.381836000000007,นาชลประทาน,แตกกอ,ไม่ทราบพันธุ์ข้าว,0,0,0,0,0,0,0,0,0,0,0,0,0,0,0,0,0,0,4.6399999999999997,0,0,0,0,0,0,0,0,0,0,0,0,0,5,พืชใบเลี้ยงคู่ใบกว้าง
45916,ลำพูน,18.533783,99.045098999999993,นาชลประทาน,ออกดอก,ไม่ทราบพันธุ์ข้าว,0,0,0,0,0,0,0,0,0,0,0,1,0,0,0,0,0,0,3.22,0,0,0,0,0,0,0,0,0,0,0,0,0,5,หญ้า
45917,เชียงใหม่,18.574487999999999,98.849317999999997,นาชลประทาน,ออกดอก,ไม่ทราบพันธุ์ข้าว,0,0,0,0,0,0,0,0,0,0,0,0,0,0,0,0,0,0,1.78,0,0,0,0,0,0,0,0,0,0,0,0,0,3.33,พืชใบเลี้ยงคู่ใบกว้าง
45923,แม่ฮ่องสอน,19.543068000000002,98.212401999999997,นาชลประทาน,ออกรวง,ไม่ทราบพันธุ์ข้าว,0.8,0,0,0,0.8,0,0,0,0,0.11,0,0,0,0,0,0,0,0,0.48,0,0,0,0,29.41,2.94,0,0,0,0,0,0,0,3.33,พืชใบเลี้ยงคู่ใบกว้าง
45925,นครราชสีมา,15.00798,102.23856000000001,นาชลประทาน,ตั้งท้อง,กข61,0,0,0,0,0,0,0,0,0,0.32,0,0,0,0,0,0,0,0,0,0,0,0,0,0,0,0,0,0,0,0,0,0,8.33,หญ้า,ข้าวหาง
45925,นครราชสีมา,14.63968,101.85088,นาชลประทาน,แตกกอ,ชัยนาท1,0,0,0,0,0,0,0,0,0,2.9,0,0,0,0,0,0,0,0,0,0,0,0,0,0,0,0,0,0,0,0,0,0,5,กก
45925,นครราชสีมา,14.65211,101.8847,นาชลประทาน,แตกกอ,ชัยนาท 1,0,0,0,0,0,0,0,0,0,0,0,0,0,0,0,0,0,0,1.1499999999999999,0,0,0,0,0,0,0,0,0,0,0,0,0,0
45883,ชัยภูมิ,16.381920000000001,102.13527999999999,นาน้ำฝน,แตกกอ,กข49,0,0,0,0,0,0,0,0,0,0.77,0,0,0,0,0,0,0.11,0,0.22,0,1.1000000000000001,0,0,0,0,0,0,0,0,0,0,0,10,หญ้า
45924,แม่ฮ่องสอน,19.543289999999999,98.211451999999994,นาชลประทาน,ตั้งท้อง,ไม่ทราบพันธุ์ข้าว,2.6,0,0,0,0,0,0,0,0,0.65,0,1,0,0.1,0,0,0,0,1.3,0,0,0,0,0,0,0,0,0,0,0,0,0,5,หญ้า
45924,แม่ฮ่องสอน,19.352930000000001,98.448916999999994,นาชลประทาน,ตั้งท้อง,ไม่ทราบพันธุ์ข้าว,0,0,0,4.47,0,0,0,0,0,0.25,0,0.5,0,0,0,0,0,0,0.99,1.72,0,0,0,0,0,0,0,0,0,0,0,0,5,พืชใบเลี้ยงคู่ใบกว้าง
45923,สกลนคร,17.381042999999998,103.849468,นาน้ำฝน,ออกรวง,กข15,0,0,0,0,0,0,0,0,0,0,0,0,0,0,0,0,0,0,5.61,0,0,0,0,5.17,0,0,0,0,0,0,0,0,0
45924,สกลนคร,17.121587999999999,104.23143899999999,นาน้ำฝน,ออกดอก,กข15,0,0,0,0,0,0,0,0,0,0,0,0,0,0,0,0,0,0,3,0,0,1.67,0,8,0,0,0,0,0,0,0,0,5,หญ้า
45924,สกลนคร,17.119810999999999,104.235139,นาน้ำฝน,ตั้งท้อง,กข6,0,0,0,0,0,0,0,0,0,0,0,0,0,0,0,0,0,0,1.75,0,0,6.25,0,0,0,0,0,0,0,0,0,0,0
45924,สกลนคร,17.121296000000001,104.263375,นาน้ำฝน,ตั้งท้อง,กข6,0,0,0,0,0,0,0,0,0,0,0,0,0,0,0,0,0,0,3.09,0,0,4.32,0,0,0,0,0,0,0,0,0,0,0
45924,สกลนคร,17.113661,104.323396,นาน้ำฝน,ตั้งท้อง,กข22,0,0,0,0,0,0,0,0,0,0,0,0,0,0,0,0,0,0,1.44,0,0,2.87,0,0,0,0,0,0,0,0,0,0,0
45924,สกลนคร,17.06222,104.318628,นาน้ำฝน,ตั้งท้อง,ขาวดอกมะลิ105,0,0,0,0,0,0,0,0,0,0,0,0,0,0,0,0,0,0,2.11,0,0,1.51,0,0,0,0,0,0,0,0,0,0,0
45924,สกลนคร,16.976105,104.330898,นาน้ำฝน,ตั้งท้อง,กข6,0,0,0,0,0,0,0,0,0,0,0,0,0,0,0,0,0,0,4.72,0,0,6.94,0,0,0,0,0,0,0,0,0,0,0
45876,อุตรดิตถ์,17.265491999999998,100.054536,นาน้ำฝน,ออกรวง,ไม่ทราบพันธุ์ข้าว,0,0,0,0,0,0,0,0,0,3.54,0,0,0,0,0,0,0,0,5.71,0,2.14,0.96,0,5.27,0,0,0,0,0,0,0,0,0
45876,อุตรดิตถ์,17.263857999999999,100.059369,นาน้ำฝน,แตกกอ,ไม่ทราบพันธุ์ข้าว,0,0,3.18,0,0,0,0,0.92,0,7.22,0,0,0,0,0,0,0,0,0.79,0,0,0,0,0,0,0,0,0,0,0,0,0,0
45876,อุตรดิตถ์,17.265875999999999,100.064857,นาน้ำฝน,แตกกอ,ไม่ทราบพันธุ์ข้าว,0,0,4.84,0,0,0,0,0.82,0,2.2400000000000002,0.73,0,0,0,0,0,0,0,8.5,0,0,2.4700000000000002,0,0,0,0,0,0,0,0,0,0,0
45876,อุตรดิตถ์,17.271647000000002,100.068198,นาน้ำฝน,แตกกอ,ไม่ทราบพันธุ์ข้าว,0,0,0,0,0,0,0,1.69,0,6.28,0,0,0,0,0,0,0,0,0.75,0,0,0.34,0,0,0,0,0,0,0,0,0,0,0
45876,อุตรดิตถ์,17.275780999999998,100.06537,นาน้ำฝน,แตกกอ,ไม่ทราบพันธุ์ข้าว,0,0,0,0,0,0,0,0,0,0.42,0,0,0,0,0,0,0,0,0,0,1.1299999999999999,0.28000000000000003,0,0,0,0,0,0,0,0,0,0,0
45876,อุตรดิตถ์,17.277714,100.060025,นาน้ำฝน,แตกกอ,ไม่ทราบพันธุ์ข้าว,0,0,0.43,0,0,0,0,0.49,0,3.47,1.75,0,0,0,0,0,0,0,5.04,0,0.73,1.24,0,0,0,0,0,0,0,0,0,0,0
45876,อุตรดิตถ์,17.279384,100.053364,นาน้ำฝน,แตกกอ,ไม่ทราบพันธุ์ข้าว,0,0,0,0,0,0,1.37,4.28,0,0.94,0,0,0,0,0,0,0,0,3.17,0,0,0,0,0,0,0,0,0,0,0,0,0,0
45876,อุตรดิตถ์,17.283968999999999,100.049862,นาน้ำฝน,แตกกอ,ไม่ทราบพันธุ์ข้าว,0,0,3.61,0,0,0,0,0.71,0,2.42,0.72,0,0,0,0,0,0,0,8.4499999999999993,0,0,0,0,0,0,0,0,0,0,0,0,0,0
45876,อุตรดิตถ์,17.284431000000001,100.05305,นาน้ำฝน,แตกกอ,ไม่ทราบพันธุ์ข้าว,0,0,0,0,0,0,1.46,7.16,0,0.91,0,0,0,0,0,0,0,0,4.26,0,0,0,0,0,0,0,0,0,0,0,0,0,0
45876,อุตรดิตถ์,17.284821000000001,100.06111799999999,นาน้ำฝน,ออกรวง,ไม่ทราบพันธุ์ข้าว,0,0,0,0,0,0,0,0,0,3.25,0,0,0,0,0,0,0,0,4.28,0,2.11,0.43,0,5.39,0,0,0,0,0,0,0,0,0
45877,อุตรดิตถ์,17.294740999999998,100.058644,นาน้ำฝน,แตกกอ,ไม่ทราบพันธุ์ข้าว,0,0,0,0,0,0,0,0,0,0.26,0,0,0,0,0,0,0,0,0,0,1.27,0.41,0,0,0,0,0,0,0,0,0,0,0
45877,อุตรดิตถ์,17.295874000000001,100.050459,นาน้ำฝน,แตกกอ,ไม่ทราบพันธุ์ข้าว,0,0,0,0,0,0,0,1.34,0,2.36,0.71,0,0,0,0,0,0,0,6.25,0,0,0,0,0,0,0,0,0,0,0,0,0,0
45877,อุตรดิตถ์,17.298584999999999,100.04980399999999,นาน้ำฝน,แตกกอ,ไม่ทราบพันธุ์ข้าว,0,0,3.58,0,0,0,0,0.92,0,1.34,0,0,0,0,0,0,0,0,6.11,0,0,1.24,0,0,0,0,0,0,0,0,0,0,0
45877,อุตรดิตถ์,17.299931999999998,100.051518,นาน้ำฝน,แตกกอ,ไม่ทราบพันธุ์ข้าว,0,0,0,0,0,0,0,5.31,0,0.82,0,0,0,0,0,0,0,0,3.28,0,0,0,0,0,0,0,0,0,0,0,0,0,0
45877,อุตรดิตถ์,17.296226999999998,100.04621,นาน้ำฝน,แตกกอ,ไม่ทราบพันธุ์ข้าว,0,0,0.62,0,0,0,0,0.92,0,3.21,1.35,0,0,0,0,0,0,0,3.83,0,0.47,0,0,0,0,0,0,0,0,0,0,0,0
45877,อุตรดิตถ์,17.298071,100.0415,นาน้ำฝน,แตกกอ,ไม่ทราบพันธุ์ข้าว,0,0,0,0,0,0,0,4.13,0,0.63,0,0,0,0,0,0,0,0,4.16,0,0,0,0,0,0,0,0,0,0,0,0,0,0
45877,อุตรดิตถ์,17.298055999999999,100.04428,นาน้ำฝน,แตกกอ,ไม่ทราบพันธุ์ข้าว,0,0,0,0,0,0,0,0,0,2.76,0,0,0,0,0,0,0,0,3.18,0,2.82,0.67,0,0,0,0,0,0,0,0,0,0,0
45877,อุตรดิตถ์,17.303813999999999,100.043886,นาน้ำฝน,แตกกอ,ไม่ทราบพันธุ์ข้าว,0,0,0,0,0,0,0,5.23,0,0.74,0,0,0,0,0,0,0,0,6.16,0,0,0.87,0,0,0,0,0,0,0,0,0,0,0
45877,อุตรดิตถ์,17.306284000000002,100.038701,นาน้ำฝน,ออกรวง,ไม่ทราบพันธุ์ข้าว,0,0,0,0,0,0,0,0,0,4.8600000000000003,0,0,0,0,0,0,0,0,4.22,0,1.27,0.71,0,6.36,0,0,0,0,0,0,0,0,0
45877,อุตรดิตถ์,17.303946,100.035479,นาน้ำฝน,แตกกอ,ไม่ทราบพันธุ์ข้าว,0,0,0,0,0,0,0,6.83,0,2.79,0,0,0,0,0,0,0,0,4.5199999999999996,0,0,0,0,0,0,0,0,0,0,0,0,0,0
45905,พิษณุโลก,16.726807000000001,100.24837100000001,นาน้ำฝน,ออกรวง,ไม่ทราบพันธุ์ข้าว,0,0,0,0.18,0,0,0,0.55000000000000004,0,2.57,0,0,0,0,0,0,0,0,4.7699999999999996,0.18,0.55000000000000004,4.41,0,2.57,0,0,0,0.18,0,0,0,0,0
45905,พิษณุโลก,16.714715000000002,100.253901,นาน้ำฝน,แตกกอ,ไม่ทราบพันธุ์ข้าว,0,0,1.21,0,0,0,0,2.4300000000000002,0,1.82,0,0,0,0,0,0,0,0,7.16,0,0,0,0,0,0,0,0,0,0,0,0,0,50,กก
45905,พิษณุโลก,16.687341,100.280017,นาน้ำฝน,แตกกอ,ไม่ทราบพันธุ์ข้าว,0,0,0.46,0,0,0,0,1.62,0,3.47,0,0,0,0,0,0,0,0,5.55,0,1.38,6.48,0,0,0,0,0,0,0,0,0,0,0
45905,พิษณุโลก,16.680327999999999,100.33337400000001,นาน้ำฝน,แตกกอ,ไม่ทราบพันธุ์ข้าว,0,0,1,0,0,0,0,7.25,0,1.1499999999999999,0,0,0,0,0,0,0,0,7.75,0.5,0,2.5,0,0,0,0,0,0,0,0,0,0,0
45905,พิษณุโลก,16.601844,100.33622,นาน้ำฝน,ออกรวง,ไม่ทราบพันธุ์ข้าว,0,0,0,0,0,0,0,0.49,0,1.1399999999999999,0,0,0,0,0,0,0.16,0,1.79,0,8.16,7.18,0,7.51,1.47,0,0,0.49,0,0,0,0,0
45905,พิษณุโลก,16.598737,100.333352,นาน้ำฝน,แตกกอ,ไม่ทราบพันธุ์ข้าว,0,0,1.45,0,0,0,0,6.04,0,0,0,0,0,0,0,0,0,0,14.58,5.83,0.83,3.54,0,0,0,0,0,0,0,0,0,0,0
45909,เพชรบูรณ์,16.779520999999999,101.21133500000001,นาน้ำฝน,แตกกอ,ไม่ทราบพันธุ์ข้าว,0,0,0.49,0,0,0,0,0.49,0,2.4500000000000002,0,0,0,0,0,0,0,0,9.8000000000000007,16.66,1.47,9.31,0,0,0,0,0,0,0,0,0,0,0
45909,เพชรบูรณ์,16.779622,101.202654,นาน้ำฝน,แตกกอ,ไม่ทราบพันธุ์ข้าว,0,0,0.34,0,0,0,0,3.4,0,0.34,0,0,0,0,0,0,0,0,3.06,6.29,0,0.17,0,0,0,0,0,0,0,0,0,0,20,พืชใบเลี้ยงคู่ใบกว้าง
45909,เพชรบูรณ์,16.797840000000001,101.21527500000001,นาน้ำฝน,แตกกอ,ไม่ทราบพันธุ์ข้าว,0,0,0,0.24,0,0,0,0.17,0,3.67,0,0,0,0,0,0,0,0,3.43,7.35,0,0.73,0,0,0,0,0,0,0,0,0,0,0
45912,สุโขทัย,17.359442000000001,99.981272000000004,นาน้ำฝน,แตกกอ,ไม่ทราบพันธุ์ข้าว,0,0,2.29,1.66,0,0,0,1.45,0,8.5399999999999991,0,0,0,0,0,0,0,0,0.83,0,0,0.2,0,0,0,0,0,0,0,0,0,0,0
45912,สุโขทัย,17.359261,99.970620999999994,นาน้ำฝน,ออกรวง,กข79,0,0,0,0,0,0,0,0,0,0,0,0,0,0,0,0,0,0,3.5,0,0,0,0,30.96,0,0,0,0,0,0,0,0,0
45912,อุตรดิตถ์,17.31832,100.022024,นาน้ำฝน,ออกรวง,ไม่ทราบพันธุ์ข้าว,0,0,0.1,0,0,0,0,0,0,0.42,0,0,0,0,0,0,0,0,0.95,0,0.82,8.7899999999999991,0,19.8,0.1,0.1,0,0.24,0,0,0,0,0
45912,อุตรดิตถ์,17.297041,100.05014,นาน้ำฝน,ระยะกล้า,ไม่ทราบพันธุ์ข้าว,0,0,0,0,0,0,0,3.79,0,0,0,0,0,0,0,0,0,0,1.37,0,0,0,0,0,0,0,0,0,0,0,0,0,0
45909,เพชรบูรณ์,16.783560999999999,101.212074,นาน้ำฝน,แตกกอ,ไม่ทราบพันธุ์ข้าว,0,0,1.54,0,0,0,0,0.89,0,2.36,0,0,0,0,0,0,0,0,1.26,0,0,0.73,0,0,0,0,0,0,0,0,0,0,0
45909,เพชรบูรณ์,16.782806999999998,101.214449,นาน้ำฝน,แตกกอ,ไม่ทราบพันธุ์ข้าว,0,0,0,0,0,0,0,0,0,0,0,0,0,0,0,0,0,0,4.13,0,0,0,0,0,0,0,0,0,0,0,0,0,0
45909,เพชรบูรณ์,16.772644,101.205308,นาน้ำฝน,แตกกอ,ไม่ทราบพันธุ์ข้าว,0,0,1.34,0,0,0,0,3.23,0,1.57,0,0,0,0,0,0,0,0,8.36,0,0,0,0,0,0,0,0,0,0,0,0,0,30,กก
45909,เพชรบูรณ์,16.774152999999998,101.22315999999999,นาน้ำฝน,แตกกอ,ไม่ทราบพันธุ์ข้าว,0,0,0.61,0,0,0,0,2.21,0,4.37,0,0,0,0,0,0,0,0,5.34,0,2.4700000000000002,5.63,0,0,0,0,0,0,0,0,0,0,0
45909,เพชรบูรณ์,16.785837999999998,101.200575,นาน้ำฝน,แตกกอ,ไม่ทราบพันธุ์ข้าว,0,0,1.36,0,0,0,0,6.71,0,1.24,0,0,0,0,0,0,0,0,6.72,0.64,0,3.47,0,0,0,0,0,0,0,0,0,0,0
45909,เพชรบูรณ์,16.786704,101.202321,นาน้ำฝน,ระยะกล้า,ไม่ทราบพันธุ์ข้าว,0,0,0,0,0,0,0,3.18,0,0,0,0,0,0,0,0,0,0,2.62,0,0,0,0,0,0,0,0,0,0,0,0,0,0
45909,เพชรบูรณ์,16.784237999999998,101.173495,นาน้ำฝน,ออกรวง,ไม่ทราบพันธุ์ข้าว,0,0,0.47,0,0,0,0,0,0,1.92,0,0,0,0,0,0,0,0,1.7,0,0.45,5.94,0,15.24,0,0,0,0,0,0,0,0,0
45909,ฉะเชิงเทรา,13.8736505,100.9381406,นาชลประทาน,ก่อนเก็บเกี่ยว,ปทุมธานี 1 ,0,0,0,0,0,0,0,0,0,0,0,0,0,0,0,0,0,0,100,19.920000000000002,0,0,0,94.53,0,0,0,0,0,0,0,0,5,พืชใบเลี้ยงคู่ใบกว้าง,หญ้าดอกขาว
45877,ฉะเชิงเทรา,13.799289999999999,101.065502,นาชลประทาน,ออกรวง,กข107,0,0,0,0,0,0,0,0,0,0,0,0,0,0,0,0,5.85,0,0,0,0,0,0,0,0,0,0,0,0,0,0,0,1.67,พืชใบเลี้ยงคู่ใบกว้าง,ผักปอดนา
45890,สุพรรณบุรี,14.638788,100.09348900000001,นิเวศข้าวกับพืชอื่น,ตั้งท้อง,ไม่ทราบพันธุ์ข้าว,0,0,0,0,0,0,0,0,0,0,0,0,0,0,0,0,0,0,13.21,0,0,0,0,0,0,0,0,0,0,0,0,0,41.67,หญ้า,หญ้าข้าวนก
45890,สุพรรณบุรี,14.637793,100.13635600000001,นิเวศข้าวกับพืชอื่น,แตกกอ,ไม่ทราบพันธุ์ข้าว,0,0,0,0,0,0,0,2.17,0,0.27,0,0,0,0,0,0,0,0,3.26,0,0,0,0,0,0,0,0,0,0,0,0,0,45,หญ้า,หญ้าข้าวนก
45904,นครสวรรค์,15.112982000000001,100.450974,นิเวศข้าวกับพืชอื่น,ออกรวง,ปทุมธานี 1 ,0,0,0,0,1.47,0,0,0,0,1.93,0,0,0,0,0,0,5.31,0,19.809999999999999,0,0,6.76,0,83.82,0,0,0,4.3499999999999996,0,0,0,0,8.33,หญ้า,หญ้าข้าวนก
45904,นครสวรรค์,15.111587,100.450063,นิเวศข้าวกับพืชอื่น,ออกรวง,ปทุมธานี 1,0,0,0,0,0,0,0,0,0,1.92,0,0,0,0,0,0,0,0,20.51,0,0,5.77,0,87.671000000000006,0,0,0,1.28,0,0,0,0,10,หญ้า,หญ้าข้าวนก
45876,ราชบุรี,13.714461999999999,99.904313999999999,นาชลประทาน,ระยะกล้า,ไม่ทราบพันธุ์ข้าว,0,0,0,0,0,0,0,0,0,0.43,0,0,0,0,0,0,0,0,1.73,0,0,0,0,0,0,0,0,0,0,0,0,0,0
45876,กาญจนบุรี,17.98638,99.577980999999994,นาชลประทาน,ระยะกล้า,ไม่ทราบพันธุ์ข้าว,0,0,0,0,0,0,0,0,0,0.28000000000000003,0,1,0,0,0,0,0,0,0,0,0,0,0,0,0,0,0,0,0,0,0,0,0
45891,กาญจนบุรี,13.985789,99.576999999999998,นาชลประทาน,ระยะกล้า,ไม่ทราบพันธุ์ข้าว,0,0,0,1.25,0,0,0,0,0,0,0,0,0,0,0,0,0,0,0,0,0,0,0,0,0,0,0,0,0,0,0,0,68.33,กก,กกขนาก
45917,สิงห์บุรี,15.043723999999999,100.302284,นาชลประทาน,แตกกอ,ไม่ทราบพันธุ์ข้าว,0,0,4.21,0,0,0,0,0,0,0.53,0,0,0,0,0,0,0,0,3.95,0,0,0,0,0,0,0,0,0,0,0,0,0,0
45917,สิงห์บุรี,15.043597999999999,100.30215,นาชลประทาน,แตกกอ,ไม่ทราบพันธุ์ข้าว,0,0,0,0,0,0,0,0,0,0.3,8,10,0,10,0,0,0,0,1.81,0,0,0,0,0,0,0,0,0,0,0,0,0,0
45917,สิงห์บุรี,15.043276000000001,100.301748,นาชลประทาน,แตกกอ,ไม่ทราบพันธุ์ข้าว,0,0,0,0,0,0,0,0,0,0.46,8,0,0,0,0,0,0,0,0.69,0,0,0,0,0,0,0,0,0,0,0,0,0,18.329999999999998,หญ้า,หญ้าข้าวนก
45914,ชัยนาท,15.043276000000001,100.301748,นาชลประทาน,แตกกอ,ไม่ทราบพันธุ์ข้าว,0,0,0,0,0,0,0,0,0,0.16,0,0,0,0,0,0,0,0,0,0,0,0,0,0,0,0,0,0,0,0,0,0,0
45917,ชัยนาท,15.483741,100.11351500000001,นาชลประทาน,ระยะกล้า,ไม่ทราบพันธุ์ข้าว,0,0,0,0,0,0,0,0,0,0,0,0,0,0,0,0,0,0,0.76,0,0,0,0,0,0,0,0,0,0,0,0,0,0
45917,ชัยนาท,15.183674,100.11380800000001,นาชลประทาน,ระยะกล้า,ไม่ทราบพันธุ์ข้าว,0,0,0,0,0,0,0,0,0,0,0,0,0,0,0,0,0,0,0,0,0,0,0,0,0,0,0,0,0,0,0,0,0
45917,ชัยนาท,15.223781000000001,100.080641,นาชลประทาน,แตกกอ,ไม่ทราบพันธุ์ข้าว,0,0,2.48,16.53,0,0,0,0,0,0.21,0,0,0,0,0,0,0,0,0.21,0,0,0,0,0,0,0,0,0,0,0,0,0,0
45917,ชัยนาท,15.223765999999999,100.080535,นาชลประทาน,ระยะกล้า,ไม่ทราบพันธุ์ข้าว,0,0,0,0,0,0,0,0,0,0.44,0,0,0,0,0,0,0,0,0,0,0,0,0,0,0,0,0,0,0,0,0,0,40,หญ้า,หญ้าข้าวนก
45917,ชัยนาท,15.223622000000001,100.081615,นาชลประทาน,แตกกอ,ไม่ทราบพันธุ์ข้าว,0,0,3.67,0.92,0,0,0,0,0,0,0,0,0,0,0,0,0,0,0,0,0,0,0,0,0,0,0,0,0,0,0,0,0
45917,ชัยนาท,15.223318000000001,100.08145500000001,นาชลประทาน,แตกกอ,ไม่ทราบพันธุ์ข้าว,0,0,11.3,13.04,0,0,0,0,0,0.22,0,0,0,0,0,0,0,0,0,0.65,0,0,0,0,0,0,0,0,0,0,0,0,1.67,กก,กกขนาก
45917,ชัยนาท,15.224475999999999,100.131508,นาชลประทาน,ออกดอก,ไม่ทราบพันธุ์ข้าว,0,0,0,0,0,0,0.71,0,0,0,0,0,0,0,0,0,0,0,12.38,0,0,0,0,0,0,0,0,0,0,0,0,0,0
45918,ชัยนาท,15.328382,100.11029000000001,นาชลประทาน,ระยะกล้า,ไม่ทราบพันธุ์ข้าว,0,0,0,0,0,0,0,0,0,0.34,0,0,0,0,0,0,0,0,18.899999999999999,0,0,0,0,0,0,0,0,0,0,0,0,0,0
45918,ชัยนาท,15.329128000000001,100.11092499999999,นาชลประทาน,แตกกอ,ไม่ทราบพันธุ์ข้าว,0,0,0,0,0,0,0,0,0,0.26,0,0,0,0,0,0,0,0,0,0,0,0,0,0,0,0,0,0,0,0,0,0,30,หญ้า,หญ้าข้าวนก
45918,ชัยนาท,15.331303,100.160948,นาชลประทาน,ออกรวง,ไม่ทราบพันธุ์ข้าว,0,0,0,0,0,0,0,0,0,0,0,0,0,0,0,0,0.77,1.54,2.31,0,0,0,0,0,0,0,0,0,0,0,0,0,0
45918,ชัยนาท,15.331128,100.160994,นาชลประทาน,ออกรวง,ไม่ทราบพันธุ์ข้าว,0,0,0,0,0,0,0,0,0,0,0,0,0,0,0,0,0,0,0,0,0,0,0,0,0,0,0,0,0,0,0,0,3.33,พืชใบเลี้ยงคู่ใบกว้าง,ผักปอดนา
45918,นครสวรรค์,15.225508,100.334847,นาชลประทาน,แตกกอ,ไม่ทราบพันธุ์ข้าว,0,0,0,0,0,0,0,1.18,0,0,0,0,0,0,0,0,0,0,12.06,0,0,0,0,0,0,0,0,0,0,0,0,0,0
45918,ลพบุรี,15.208523,100.89912099999999,นาชลประทาน,แตกกอ,ไม่ทราบพันธุ์ข้าว,0,0,0,0,0,0,0,1.37,0,0,0,0,0,0,0,0,0,0,9.07,0,0,0,0,0,0,0,0,0,0,0,0,0,20,พืชใบเลี้ยงคู่ใบกว้าง,ผักบุ้ง ผักปอดนา
45918,ชัยนาท,15.241607999999999,100.237194,นาชลประทาน,แตกกอ,ไม่ทราบพันธุ์ข้าว,0,0,0,0,0,0,0,0.28999999999999998,0,0.59,0,0,0,0,0,0,0,0,0,0,0,0,0,0,0,0,0,0,0,0,0,0,0
45922,ลพบุรี,15.060682999999999,100.502865,นิเวศข้าวกับพืชอื่น,ก่อนเก็บเกี่ยว,กข85,0,0,0,0,0,0,0,0,0,0,0,0,0,0,0,0,36.67,0,41.67,0,0,5,0,69.492000000000004,0,0,0,0,0,0,0,0,5,หญ้า,หญ้าข้าวนก
45922,ลพบุรี,15.076636000000001,100.494564,นิเวศข้าวกับพืชอื่น,แตกกอ,กข85,0,0,0,0,0,0,0,0,0,1.29,0,0,0,0,0,0,2.16,8.6199999999999992,12.07,0,0,0,0,0,0,0,0,0,0,0,0,0,5,หญ้า,หญ้าข้าวนก
45922,ลพบุรี,15.084246,100.483221,นิเวศข้าวกับพืชอื่น,แตกกอ,กข85,0,0,0,0,0,0,0,0,0,10.71,0,0,0,0,0,0,7.74,34.520000000000003,2.08,0,0,0,0,0,0,0,0,0,0,0,0,0,3.33,หญ้า,หญ้าข้าวนก
45922,นครสวรรค์,15.104604,100.450633,นิเวศข้าวกับพืชอื่น,แตกกอ,ไม่ทราบพันธุ์ข้าว,0,0,0,0,0,0,0,0.42,0,3.39,0,0,0,0,0,0,0,0,12.71,0,0,0,0,0,0,0,0,0,0,0,0,0,3.33,หญ้า,หญ้าข้าวนก
45923,ชัยนาท,14.993531000000001,100.159285,นิเวศข้าวกับพืชอื่น,ระยะกล้า,ไม่ทราบพันธุ์ข้าว,0,0,0,0,0,0,0,3.04,0,0,0,0,0,0,0,0,0,0,1.01,0,0,0,0,0,0,0,0,0,0,0,0,0,0
45923,ชัยนาท,14.992482000000001,100.157228,นิเวศข้าวกับพืชอื่น,ออกรวง,5451,0,0,0,0,0,0,0,0,0,1.32,0,0,0,0,0,0,0.66,1.97,13.82,0,0,0,0,0,0,0,0,0,0,0,0,0,1.67,หญ้า,หญ้าข้าวนก
45923,ชัยนาท,14.991839000000001,100.156284,นิเวศข้าวกับพืชอื่น,ก่อนเก็บเกี่ยว,กข85,0,0,0,0,0,0,0,0,0,0,0,0,0,0,0,0,0,17.920000000000002,24.53,0,0,15.09,0,62.264000000000003,0,0,0,3.77,0,0,0,0,5,หญ้า,หญ้าดอกขาว
45923,ชัยนาท,14.988904,100.15334300000001,นิเวศข้าวกับพืชอื่น,ตั้งท้อง,5451,0,0,0,0,0,0,0,2.0499999999999998,0,5.48,0,0,0,0,0,0,0,0.68,10.27,0,0,5.48,0,0,0,0,0,0,0,0,0,0,1.67,กก,หนวดปลาดุก
45923,ชัยนาท,14.987550300000001,100.1522689,นิเวศข้าวกับพืชอื่น,แตกกอ,กข89,0,1,8,0,0,0,0,4,0,0,0,0,0,0,0,0,0,0.2,10,0,0,0,0,9.6,0,0,0,0,0,0,0,0,1.67,พืชใบเลี้ยงคู่ใบกว้าง,ผักปอดนา
45923,ชัยนาท,14.986882,100.15255500000001,นิเวศข้าวกับพืชอื่น,แตกกอ,กข89,0,1,2.56,0,0,0,0,0.33,0,0,0,0,0,0,0,0,0,0,11.18,0,0,3.29,12.82,0,0,0,0,0,0,0,0,0,0
45923,ชัยนาท,14.986767,100.15277399999999,นิเวศข้าวกับพืชอื่น,แตกกอ,กข41,0,3,15.58,5.19,0,0,0,3.25,0,0,0,0,0,0,0,0,0,0,0,0,0,12.01,0,0,0,0,0,0,0,0,0,0,0
45924,สุพรรณบุรี,14.53389222,100.16153799999999,นิเวศข้าวกับพืชอื่น,แตกกอ,5451,2.2999999999999998,0,4.5999999999999996,0,0,0,0,0,0,1.72,0,0,0,0,0,0,0,0,2.2999999999999998,1.72,0,0,0,0,0,0,0,0,0,0,0,0,3.33,หญ้า,หญ้าดอกขาว
45924,สุพรรณบุรี,14.537089,100.160849,นิเวศข้าวกับพืชอื่น,ออกดอก,5451,0,0,1.19,0,0,0,0,0,0,10.71,0,0,0,0,0,0,0,0,0,0,0,0,0,2.3809999999999998,0,0,0,0,0,0,0,0,5,หญ้า,หญ้าข้าวนก
45924,สุพรรณบุรี,14.542413,100.16168500000001,นิเวศข้าวกับพืชอื่น,แตกกอ,ไม่ทราบพันธุ์ข้าว,0,0,6.49,0,0,0,0,2.27,0,0.32,0,0,0,0,0,0,0,0,2.92,0,0,0,0,0,0,0,0,0,0,0,0,0,1.67,พืชใบเลี้ยงคู่ใบกว้าง,ผักปอดนา
45926,พะเยา,19.465456,100.534417,ข้าวนาที่สูง,ออกรวง,น้ำรู,0,0,0,0,0,0,0,0,0,0,0,0,0,0,0,0,0,0,7.5,0,0,0,0,17.86,0,0,0,0,0,0,0,0,0
45926,พะเยา,19.465623999999998,100.533807,ข้าวนาที่สูง,ออกรวง,น้ำรู,2.38,0,0,0,0,0,0,0,0,0,0,0,0,0,0,0,0,0,5.95,0,0,0,0,2.38,0,0,0,0,0,0,0,0,3.33,หญ้า
45926,พะเยา,19.471916,100.466641,ข้าวไร่ที่สูง,ตั้งท้อง,ข้าวไร่พันธุ์พื้นเมือง,0,0,0,0,0,0,0,0,0,0,0,0,0,0,0,0,0,0,0,0,0,0,0,0,0,0,0,0,0,0,0,0,20,หญ้า
45926,พะเยา,19.465456,100.534417,ข้าวนาที่สูง,ออกรวง,น้ำรู,0,0,0,0,0,0,0,0,0,0,0,0,0,0,0,0,0,0,7.5,0,0,0,0,17.86,0,0,0,0,0,0,0,0,0
45926,พะเยา,19.465623999999998,100.533807,ข้าวนาที่สูง,ออกรวง,น้ำรู,2.38,0,0,0,0,0,0,0,0,0,0,0,0,0,0,0,0,0,5.95,0,0,0,0,0,0,0,0,0,0,0,0,0,3.33,หญ้า
45926,พะเยา,19.471916,100.466641,ข้าวไร่ที่สูง,ออกรวง,ข้าวไร่พันธุ์พื้นเมือง,1.1499999999999999,0,0,0,0,0,0,0,0,0,0,0,0,0,0,0,0,0,0,0,0,0,0,0,0,0,0,0,0,0,0,0,20,หญ้า
45728,พัทลุง,7.6545870000000003,99.958054000000004,นาชลประทาน,แตกกอ,เล็บนกปัตตานี,5,1,1,0,0,50,0,0,0,1,0,0,0,0,0,0,80,0,30,0,0,0,0,0,0,0,0,0,0,0,0,0,50,หญ้า,หญ้าข้าวนก ข้าววัชพืช หญ้ากระดูกไก่
45728,พัทลุง,7.6543429999999999,99.958078,นาน้ำฝน,แตกกอ,เล็บนกปัตตานี,5,1,0,0,0,3,0,0,0,0,0,0,0,0,0,0,80,0,50,0,0,0,0,0,0,0,0,0,0,0,0,0,40,หญ้า,หญ้ากระดูกไก่ หญ้าหนวดปลาดุก หญ้าข้าวนก
45728,พัทลุง,7.6540429999999997,99.958189000000004,นาน้ำฝน,แตกกอ,เล็บนกปัตตานี,7,2,0,0,0,10,0,0,0,0,0,0,0,0,0,0,80,0,70,0,0,0,0,0,0,0,0,0,0,0,0,0,30,หญ้า,หญ้าข้าวนก หญ้ากระดูกไก่ ข้าววัชพืช
45728,พัทลุง,7.6537559999999996,99.958213000000001,นาน้ำฝน,แตกกอ,เล็บนกปัตตานี,6,1,0,0,0,5,0,0,0,0,0,0,0,0,0,0,70,0,60,0,0,0,0,0,0,0,0,0,0,0,0,0,40,หญ้า,หญ้าข้าวนก หญ้ากระดูกไก่
45728,พัทลุง,7.6548160000000003,99.958517000000001,นาน้ำฝน,แตกกอ,เล็บนกปัตตานี,6,1,0,0,0,5,0,0,0,0,0,0,0,0,0,0,60,0,70,0,0,0,0,0,0,0,0,0,0,0,0,0,20,หญ้า,หญ้ากระดูกไก่ หญ้าข้าวนก
45923,กำแพงเพชร,16.097750000000001,99.695525000000004,นาชลประทาน,แตกกอ,ไม่ทราบพันธุ์ข้าว,0,0,1.85,0,0,0,0,0,0,0.4,0,0,0,0,0,0,0,0,45.78,0,0,0,0,0,0,0,0,0,0,0,0,0,0
45923,กำแพงเพชร,16.097228999999999,99.695500999999993,นาชลประทาน,แตกกอ,ไม่ทราบพันธุ์ข้าว,0,0,7.69,0,0,0,0,0,0,0.98,0,0,0,0,0,0,0,0,23.61,0,0,0,0,0,0,0,0,0,0,0,0,0,0
45923,กำแพงเพชร,16.097774999999999,99.692079000000007,นาชลประทาน,ระยะกล้า,ไม่ทราบพันธุ์ข้าว,0,0,0,0,0,0,0,6.97,0,0,0,0,0,0,0,0,0,0,20.399999999999999,0,0,0,0,0,0,0,0,0,0,0,0,0,0
45923,กำแพงเพชร,16.200289000000001,99.671377000000007,นาชลประทาน,แตกกอ,ไม่ทราบพันธุ์ข้าว,0,0,4.46,46.43,0,0,0,0,0,1.08,0,0,0,0,0,0,0,0,0,0,0,0,0,0,0,0,0,0,0,0,0,0,0
45923,กำแพงเพชร,16.264779000000001,99.671735999999996,นาชลประทาน,แตกกอ,ไม่ทราบพันธุ์ข้าว,0,0,8.39,12.59,0,0,0,0,0,0.28000000000000003,0,0,0,0,0,0,0,0,3.64,0,0,0,0,0,0,0,0,0,0,0,0,0,0
45923,กำแพงเพชร,16.495452,99.956423000000001,นาชลประทาน,แตกกอ,ไม่ทราบพันธุ์ข้าว,0,0,1.27,35.44,0,0,0,0,0,0,0,0,0,0,0,0,0,0,3.29,7.09,0,0,0,0,0,0,0,0,0,0,0,0,0
45923,กำแพงเพชร,16.489806999999999,99.957824000000002,นาชลประทาน,แตกกอ,ไรซ์เบอร์รี่,0,0,0,8.2899999999999991,0,0,0,0,0,0,0,0,0,0,0,0,0,0,0,4.09,0,0,0,0,0,0,0,0,0,0,0,0,0
45923,พิจิตร,16.505254000000001,100.072721,นาชลประทาน,ระยะกล้า,ไม่ทราบพันธุ์ข้าว,0,0,0,0,0,0,9.91,0,0,0,0,0,0,0,0,0,0,0,0,0,0,0,0,0,0,0,0,0,0,0,0,0,30,กก
45923,พิจิตร,16.465668000000001,100.15128199999999,นาชลประทาน,ตั้งท้อง,ไม่ทราบพันธุ์ข้าว,0,0,1.69,0,0,0,0,0,0,0.34,0,0,0,0,0,0,0,0,0,0,0,17.97,0,0,0,0,0,0,0,0,0,0,30,หญ้า
45923,พิจิตร,16.412780999999999,100.151359,นาชลประทาน,ตั้งท้อง,ไม่ทราบพันธุ์ข้าว,0,0,3.28,0,0,0,0,0,0,2.62,0,0,0,0,0,0,0,0,0.66,0.33,0,0,0,0,0,0,0,0,0,0,0,0,0
45924,อ่างทอง,14.761933000000001,100.29036499999999,นาชลประทาน,แตกกอ,ไม่ทราบพันธุ์ข้าว,0,0,0,0,0,0,0,0,0,0,0,0,0,0,0,0,0,0,6.67,0,0,0,0,0,0,0,0,0,0,0,0,0,0
45924,อ่างทอง,14.761022000000001,100.290875,นาชลประทาน,ออกรวง,ไม่ทราบพันธุ์ข้าว,0,0,5.49,0,0,0,0,0,0,0,0,0,0,0,0,0,0,0,6.19,0,0.26,0,0,0,0,0,0,0,0,0,0,0,1.67,พืชใบเลี้ยงคู่ใบกว้าง
45924,อ่างทอง,14.707545,100.35410299999999,นาชลประทาน,แตกกอ,ไม่ทราบพันธุ์ข้าว,0,0,0,0,0,0,0,0,0,0,0,0,0,0,0,0,0,0,19.52,0,1.71,0,0,0,0,0,0,0,0,0,0,0,18.329999999999998,หญ้า
45902,สุพรรณบุรี,14.563853,100.15522199999999,นิเวศข้าวกับพืชอื่น,แตกกอ,ไม่ทราบพันธุ์ข้าว,0,0,3.3,0,0,0,0,0.55000000000000004,0,0,0,0,0,0,0,0,7.42,0,4.67,0,0,0.27,0,0,0,0,0,0,0,0,0,0,0
45902,สุพรรณบุรี,14.563663,100.156144,นิเวศข้าวกับพืชอื่น,ระยะกล้า,ไม่ทราบพันธุ์ข้าว,0,1,0,0,0,0,0,0.45,0,1.8,0,0,0,0,0,0,0,0,0.9,0,0,0,0,0,0,0,0,0,0,0,0,0,0
45902,สุพรรณบุรี,14.561648,100.16267000000001,นิเวศข้าวกับพืชอื่น,แตกกอ,ไม่ทราบพันธุ์ข้าว,0,0,10.67,1.33,0,0,0,4,0.33,0,0,0,0,0,0,0,0,0,8,0,0,0,0,0,0,0,0,0,0,0,0,0,0
